lugar,clave,Indicador,score_antes,url_antes,score_despues,url_despues,score_profesora,url_profesora,score_nuestro_url_profesora
Maicao,violacion_derechos_humanos,Violación Derechos Humanos,100,https://diariodelnorte.net/judiciales/comunidad-bloquea-la-via-maicao-paradero-por-falta-de-agua-potable-y-servicio-electrico/,100,https://diariodelnorte.net/judiciales/comunidad-bloquea-la-via-maicao-paradero-por-falta-de-agua-potable-y-servicio-electrico/,100,https://diariodelnorte.net/judiciales/comunidad-bloquea-la-via-maicao-paradero-por-falta-de-agua-potable-y-servicio-electrico/,99.58
Maicao,irregularidad_contractual,Irregularidad Contractual,81,https://diariodelnorte.net/opinion/los-maestros-pagan-para-que-los-dejen-ensenar/,81,https://diariodelnorte.net/opinion/los-maestros-pagan-para-que-los-dejen-ensenar/,81,https://diariodelnorte.net/opinion/los-maestros-pagan-para-que-los-dejen-ensenar/,81.43
Maicao,conflicto_territorial,Conflicto Territorial,99,https://diariodelnorte.net/judiciales/comunidad-bloquea-la-via-maicao-paradero-por-falta-de-agua-potable-y-servicio-electrico/,99,https://diariodelnorte.net/judiciales/comunidad-bloquea-la-via-maicao-paradero-por-falta-de-agua-potable-y-servicio-electrico/,99,https://diariodelnorte.net/judiciales/comunidad-bloquea-la-via-maicao-paradero-por-falta-de-agua-potable-y-servicio-electrico/,99.44
Maicao,presencia_grupos_armados,Presencia Grupos Armados,98,https://laguajirahoy.com/maicao/maicao-fortalece-su-seguridad-con-inteligencia-y-presencia-especializada-contra-el-crimen.html,98,https://laguajirahoy.com/judiciales/autoridades-redoblan-acciones-para-esclarecer-masacre-en-maicao-que-dejo-cinco-victimas-mortales.html,98,https://diariodelnorte.net/judiciales/capturan-a-un-hombre-por-porte-ilegal-de-arma-de-fuego-durante-controles-policiales-en-uribia/,97.8
Maicao,amenaza_lideres,Amenaza a Líderes,98,https://www.eltiempo.com/colombia/otras-ciudades/el-bendito-menor-estaria-detras-de-la-masacre-de-cinco-personas-en-maicao-anuncio-limpieza-social-en-video-de-hombres-armados-3523393,98,https://www.eltiempo.com/colombia/otras-ciudades/el-bendito-menor-estaria-detras-de-la-masacre-de-cinco-personas-en-maicao-anuncio-limpieza-social-en-video-de-hombres-armados-3523393,97,https://diariodelnorte.net/judiciales/habitantes-de-comunidad-indigena-bloquean-la-via-maicao-riohacha-para-exigir-reconocimiento/,96.69
Maicao,amenaza_intimidacion,Amenaza e Intimidación,100,https://diariodelnorte.net/judiciales/ediles-de-paraguachon-denuncian-amenazas-tras-recibir-video-intimidante/,100,https://diariodelnorte.net/judiciales/ediles-de-paraguachon-denuncian-amenazas-tras-recibir-video-intimidante/,100,https://diariodelnorte.net/judiciales/ediles-de-paraguachon-denuncian-amenazas-tras-recibir-video-intimidante/,99.53
Maicao,conflictos_socioambientales,Conflictos Socioambientales,98,https://diariodelnorte.net/editorial/lluvias-sinonimo-de-estragos-en-la-guajira/,98,https://diariodelnorte.net/editorial/lluvias-sinonimo-de-estragos-en-la-guajira/,98,https://diariodelnorte.net/editorial/lluvias-sinonimo-de-estragos-en-la-guajira/,97.85
Maicao,debilidad_institucional,Debilidad Institucional,94,https://diariodelnorte.net/editorial/el-drama-del-agua-en-la-guajira/,94,https://diariodelnorte.net/editorial/el-drama-del-agua-en-la-guajira/,94,https://diariodelnorte.net/editorial/el-drama-del-agua-en-la-guajira/,94.43
Maicao,conflicto_activo,Conflicto Activo,100,https://laguajirahoy.com/maicao/world-vision-entrega-agua-y-formacion-comunitaria-en-la-guajira.html,100,https://laguajirahoy.com/maicao/world-vision-entrega-agua-y-formacion-comunitaria-en-la-guajira.html,100,https://diariodelnorte.net/laguajira/procuraduria-lleva-feria-de-servicios-a-uribia-para-garantizar-derechos-de-la-ninez-wayuu/,99.51
Maicao,incentivos_economicos_inequitativos,Incentivos Económicos Inequitativos,95,https://diariodelnorte.net/judiciales/habitantes-de-comunidad-indigena-bloquean-la-via-maicao-riohacha-para-exigir-reconocimiento/,95,https://diariodelnorte.net/judiciales/habitantes-de-comunidad-indigena-bloquean-la-via-maicao-riohacha-para-exigir-reconocimiento/,95,https://diariodelnorte.net/judiciales/habitantes-de-comunidad-indigena-bloquean-la-via-maicao-riohacha-para-exigir-reconocimiento/,94.84
Maicao,desplazamiento_forzado,Desplazamiento Forzado,98,https://diariodelnorte.net/judiciales/ediles-de-paraguachon-denuncian-amenazas-tras-recibir-video-intimidante/,98,https://diariodelnorte.net/judiciales/ediles-de-paraguachon-denuncian-amenazas-tras-recibir-video-intimidante/,98,https://diariodelnorte.net/judiciales/ediles-de-paraguachon-denuncian-amenazas-tras-recibir-video-intimidante/,98.48
Maicao,reasentamiento,Reasentamiento,97,https://laguajirahoy.com/comunidad/venezolanos-en-la-guajira-viven-con-emociones-encontradas-los-recientes-sucesos-politicos-en-su-pais.html,97,https://laguajirahoy.com/comunidad/venezolanos-en-la-guajira-viven-con-emociones-encontradas-los-recientes-sucesos-politicos-en-su-pais.html,86,https://diariodelnorte.net/judiciales/ejercito-confirma-que-alias-nain-y-su-pareja-escaparon-tras-combates-en-dibulla/,85.82
Maicao,poblacion_afectada,Población Afectada,100,https://laguajirahoy.com/judiciales/unidad-de-busqueda-recupera-25-cuerpos-en-cementerio-de-riohacha.html,100,https://laguajirahoy.com/judiciales/unidad-de-busqueda-recupera-25-cuerpos-en-cementerio-de-riohacha.html,99,https://diariodelnorte.net/judiciales/ediles-de-paraguachon-denuncian-amenazas-tras-recibir-video-intimidante/,99.44
Maicao,zonas_proteccion_alimentaria,Zonas Protección Alimentaria,96,https://diariodelnorte.net/laguajira/mantienen-alerta-roja-por-riesgo-de-incendios-forestales-en-los-15-municipios-de-la-guajira/,96,https://diariodelnorte.net/laguajira/mantienen-alerta-roja-por-riesgo-de-incendios-forestales-en-los-15-municipios-de-la-guajira/,96,https://diariodelnorte.net/laguajira/mantienen-alerta-roja-por-riesgo-de-incendios-forestales-en-los-15-municipios-de-la-guajira/,96.25
Maicao,dano_territorios,Daño a Territorios,94,https://diariodelnorte.net/editorial/todos-contra-la-violencia/,94,https://diariodelnorte.net/editorial/todos-contra-la-violencia/,94,https://diariodelnorte.net/editorial/todos-contra-la-violencia/,94.3
Maicao,exclusion_servicios_derechos,Exclusión Servicios y Derechos,100,https://www.eltiempo.com/mas-contenido/uniguajira-consolida-la-inclusion-educativa-en-territorios-vulnerables-3550670,100,https://www.eltiempo.com/mas-contenido/uniguajira-consolida-la-inclusion-educativa-en-territorios-vulnerables-3550670,99,https://diariodelnorte.net/judiciales/comunidad-bloquea-la-via-maicao-paradero-por-falta-de-agua-potable-y-servicio-electrico/,99.47
Maicao,grupos_etnicos_existentes,Grupos Étnicos Existentes,99,https://www.eltiempo.com/mas-contenido/uniguajira-consolida-la-inclusion-educativa-en-territorios-vulnerables-3550670,99,https://www.eltiempo.com/mas-contenido/uniguajira-consolida-la-inclusion-educativa-en-territorios-vulnerables-3550670,98,https://diariodelnorte.net/laguajira/procuraduria-lleva-feria-de-servicios-a-uribia-para-garantizar-derechos-de-la-ninez-wayuu/,98.46
Maicao,danos_ambientales,Daños Ambientales,80,https://laguajirahoy.com/medio-ambiente-2/alerta-roja-por-incendios-forestales-cubre-toda-la-guajira.html,80,https://laguajirahoy.com/medio-ambiente-2/alerta-roja-por-incendios-forestales-cubre-toda-la-guajira.html,7,,
Maicao,derechos_vulnerados,Derechos Vulnerados,100,https://laguajirahoy.com/maicao/world-vision-entrega-agua-y-formacion-comunitaria-en-la-guajira.html,100,https://laguajirahoy.com/maicao/world-vision-entrega-agua-y-formacion-comunitaria-en-la-guajira.html,100,https://diariodelnorte.net/laguajira/fuerzas-militares-mantienen-presencia-y-acompanamiento-a-la-poblacion-en-la-guajira/,99.65
Maicao,resistencia_territorial,Resistencia Territorial,96,https://www.eltiempo.com/colombia/otras-ciudades/cerrejon-y-comunidades-wayuu-cierran-los-primeros-acuerdos-de-consulta-previa-de-un-conflicto-historico-3488134,96,https://www.eltiempo.com/colombia/otras-ciudades/cerrejon-y-comunidades-wayuu-cierran-los-primeros-acuerdos-de-consulta-previa-de-un-conflicto-historico-3488134,93,https://diariodelnorte.net/laguajira/mantienen-alerta-roja-por-riesgo-de-incendios-forestales-en-los-15-municipios-de-la-guajira/,92.99
Maicao,deficit_participacion_comunitaria,Déficit Participación Comunitaria,83,https://laguajirahoy.com/judiciales/delincuentes-armados-irrumpen-y-saquean-vivienda-en-fonseca.html,83,https://laguajirahoy.com/judiciales/delincuentes-armados-irrumpen-y-saquean-vivienda-en-fonseca.html,55,https://diariodelnorte.net/judiciales/evangelico-de-35-anos-fue-asesinado-en-un-ataque-sicarial-en-zona-rural-de-albania/,55.46
Maicao,exclusion_comunidades,Exclusión de Comunidades,99,https://diariodelnorte.net/judiciales/levantan-bloqueos-en-las-salidas-de-maicao-hacia-albania-y-riohacha-tras-acuerdos-con-campesinos/,99,https://diariodelnorte.net/judiciales/levantan-bloqueos-en-las-salidas-de-maicao-hacia-albania-y-riohacha-tras-acuerdos-con-campesinos/,99,https://diariodelnorte.net/judiciales/levantan-bloqueos-en-las-salidas-de-maicao-hacia-albania-y-riohacha-tras-acuerdos-con-campesinos/,99.28
Maicao,movimientos_sociales,Movimientos Sociales,99,https://diariodelnorte.net/judiciales/comunidad-bloquea-la-via-maicao-paradero-por-falta-de-agua-potable-y-servicio-electrico/,99,https://diariodelnorte.net/judiciales/comunidad-bloquea-la-via-maicao-paradero-por-falta-de-agua-potable-y-servicio-electrico/,99,https://diariodelnorte.net/judiciales/comunidad-bloquea-la-via-maicao-paradero-por-falta-de-agua-potable-y-servicio-electrico/,98.69
Maicao,rechazo_proyecto,Rechazo al Proyecto,100,https://diariodelnorte.net/judiciales/comunidad-bloquea-la-via-maicao-paradero-por-falta-de-agua-potable-y-servicio-electrico/,100,https://diariodelnorte.net/judiciales/comunidad-bloquea-la-via-maicao-paradero-por-falta-de-agua-potable-y-servicio-electrico/,100,https://diariodelnorte.net/judiciales/comunidad-bloquea-la-via-maicao-paradero-por-falta-de-agua-potable-y-servicio-electrico/,99.62
Maicao,protesta_social,Protesta Social,99,https://diariodelnorte.net/judiciales/levantan-bloqueos-en-las-salidas-de-maicao-hacia-albania-y-riohacha-tras-acuerdos-con-campesinos/,99,https://diariodelnorte.net/judiciales/levantan-bloqueos-en-las-salidas-de-maicao-hacia-albania-y-riohacha-tras-acuerdos-con-campesinos/,99,https://diariodelnorte.net/judiciales/levantan-bloqueos-en-las-salidas-de-maicao-hacia-albania-y-riohacha-tras-acuerdos-con-campesinos/,98.99
Maicao,exclusion_beneficios_economicos,Exclusión Beneficios Económicos,100,https://laguajirahoy.com/judiciales/unidad-de-busqueda-recupera-25-cuerpos-en-cementerio-de-riohacha.html,100,https://laguajirahoy.com/judiciales/unidad-de-busqueda-recupera-25-cuerpos-en-cementerio-de-riohacha.html,99,https://diariodelnorte.net/judiciales/comunidad-bloquea-la-via-maicao-paradero-por-falta-de-agua-potable-y-servicio-electrico/,99.48
Oicata,violacion_derechos_humanos,Violación Derechos Humanos,90,https://boyaca7dias.com.co/2026/06/05/peaje-gratis-anoche-en-la-caseta-de-tuta-tolditos7dias/,90,https://boyaca7dias.com.co/2026/06/05/peaje-gratis-anoche-en-la-caseta-de-tuta-tolditos7dias/,90,https://boyaca7dias.com.co/2026/06/05/peaje-gratis-anoche-en-la-caseta-de-tuta-tolditos7dias/,89.86
Oicata,irregularidad_contractual,Irregularidad Contractual,0,,0,,0,,
Oicata,conflicto_territorial,Conflicto Territorial,90,https://boyaca7dias.com.co/2026/06/05/peaje-gratis-anoche-en-la-caseta-de-tuta-tolditos7dias/,90,https://boyaca7dias.com.co/2026/06/05/peaje-gratis-anoche-en-la-caseta-de-tuta-tolditos7dias/,90,https://boyaca7dias.com.co/2026/06/05/peaje-gratis-anoche-en-la-caseta-de-tuta-tolditos7dias/,89.99
Oicata,presencia_grupos_armados,Presencia Grupos Armados,65,https://boyaca7dias.com.co/2026/04/24/capturan-a-presunto-responsable-de-millonario-hurto-en-zona-rural-de-combita/,0,,65,https://boyaca7dias.com.co/2026/04/24/capturan-a-presunto-responsable-de-millonario-hurto-en-zona-rural-de-combita/,65.22
Oicata,amenaza_lideres,Amenaza a Líderes,63,https://www.eltiempo.com/colombia/otras-ciudades/familia-y-bomberos-exigen-a-fiscalia-recapturar-al-tatuador-senalado-de-agredir-al-comandante-jairo-bolivar-sigue-en-uci-tras-brutal-golpiza-en-tunja-3572450,63,https://www.eltiempo.com/colombia/otras-ciudades/familia-y-bomberos-exigen-a-fiscalia-recapturar-al-tatuador-senalado-de-agredir-al-comandante-jairo-bolivar-sigue-en-uci-tras-brutal-golpiza-en-tunja-3572450,42,https://boyaca7dias.com.co/2026/08/03/comunidades-advierten-con-bloquear-por-completo-la-via-en-el-peaje-de-tuta-ante-incumplimientos-de-la-ani/,41.61
Oicata,amenaza_intimidacion,Amenaza e Intimidación,56,https://www.eltiempo.com/colombia/otras-ciudades/familia-y-bomberos-exigen-a-fiscalia-recapturar-al-tatuador-senalado-de-agredir-al-comandante-jairo-bolivar-sigue-en-uci-tras-brutal-golpiza-en-tunja-3572450,56,https://www.eltiempo.com/colombia/otras-ciudades/familia-y-bomberos-exigen-a-fiscalia-recapturar-al-tatuador-senalado-de-agredir-al-comandante-jairo-bolivar-sigue-en-uci-tras-brutal-golpiza-en-tunja-3572450,50,https://boyaca7dias.com.co/2026/08/04/capturaron-a-tres-presuntos-integrantes-de-banda-dedicada-al-hurto-de-viviendas-en-boyaca/,50.41
Oicata,conflictos_socioambientales,Conflictos Socioambientales,89,https://boyaca7dias.com.co/2026/04/09/bloqueos-en-boyaca-este-jueves-por-paro-nacional-en-rechazo-al-aumento-del-impuesto-predial-estos-son-los-puntos-confirmados/,89,https://boyaca7dias.com.co/2026/04/09/bloqueos-en-boyaca-este-jueves-por-paro-nacional-en-rechazo-al-aumento-del-impuesto-predial-estos-son-los-puntos-confirmados/,89,https://boyaca7dias.com.co/2026/04/09/bloqueos-en-boyaca-este-jueves-por-paro-nacional-en-rechazo-al-aumento-del-impuesto-predial-estos-son-los-puntos-confirmados/,89.0
Oicata,debilidad_institucional,Debilidad Institucional,60,https://boyaca7dias.com.co/2025/08/26/escuela-rural-de-cienega-busca-recursos-para-construir-un-parque-infantil-que-beneficiaria-a-mas-de-20-ninos/,60,https://boyaca7dias.com.co/2025/08/26/escuela-rural-de-cienega-busca-recursos-para-construir-un-parque-infantil-que-beneficiaria-a-mas-de-20-ninos/,60,https://boyaca7dias.com.co/2025/08/26/escuela-rural-de-cienega-busca-recursos-para-construir-un-parque-infantil-que-beneficiaria-a-mas-de-20-ninos/,59.57
Oicata,conflicto_activo,Conflicto Activo,98,https://boyaca7dias.com.co/2026/06/06/estos-fueron-los-compromisos-acordados-tras-las-protestas-en-el-peaje-de-tuta/,98,https://boyaca7dias.com.co/2026/06/06/estos-fueron-los-compromisos-acordados-tras-las-protestas-en-el-peaje-de-tuta/,98,https://boyaca7dias.com.co/2026/06/06/estos-fueron-los-compromisos-acordados-tras-las-protestas-en-el-peaje-de-tuta/,98.48
Oicata,incentivos_economicos_inequitativos,Incentivos Económicos Inequitativos,89,https://boyaca7dias.com.co/2026/06/05/peaje-gratis-anoche-en-la-caseta-de-tuta-tolditos7dias/,89,https://boyaca7dias.com.co/2026/06/05/peaje-gratis-anoche-en-la-caseta-de-tuta-tolditos7dias/,89,https://boyaca7dias.com.co/2026/06/05/peaje-gratis-anoche-en-la-caseta-de-tuta-tolditos7dias/,89.39
Oicata,desplazamiento_forzado,Desplazamiento Forzado,52,https://www.eltiempo.com/politica/elecciones-colombia-2026/nueva-encuesta-guarumo-asi-ha-sido-la-intencion-de-voto-de-paloma-valencia-paso-de-6-9-por-ciento-en-enero-a-19-9-por-ciento-en-marzo-3543646,52,https://www.eltiempo.com/politica/elecciones-colombia-2026/nueva-encuesta-guarumo-asi-ha-sido-la-intencion-de-voto-de-paloma-valencia-paso-de-6-9-por-ciento-en-enero-a-19-9-por-ciento-en-marzo-3543646,39,https://boyaca7dias.com.co/2026/08/03/comunidades-advierten-con-bloquear-por-completo-la-via-en-el-peaje-de-tuta-ante-incumplimientos-de-la-ani/,38.63
Oicata,reasentamiento,Reasentamiento,1,https://www.eltiempo.com/politica/elecciones-colombia-2026/resultados-presidenciales-2026-primera-vuelta/en-vivo-elecciones-presidenciales-2026-siga-la-jornada-de-votacion-en-oicata-boyaca-ultimas-noticias-3560006,1,https://www.eltiempo.com/politica/elecciones-colombia-2026/resultados-presidenciales-2026-primera-vuelta/en-vivo-elecciones-presidenciales-2026-siga-la-jornada-de-votacion-en-oicata-boyaca-ultimas-noticias-3560006,1,,
Oicata,poblacion_afectada,Población Afectada,91,https://boyaca7dias.com.co/2026/04/09/bloqueos-en-boyaca-este-jueves-por-paro-nacional-en-rechazo-al-aumento-del-impuesto-predial-estos-son-los-puntos-confirmados/,91,https://boyaca7dias.com.co/2026/04/09/bloqueos-en-boyaca-este-jueves-por-paro-nacional-en-rechazo-al-aumento-del-impuesto-predial-estos-son-los-puntos-confirmados/,91,https://boyaca7dias.com.co/2026/04/09/bloqueos-en-boyaca-este-jueves-por-paro-nacional-en-rechazo-al-aumento-del-impuesto-predial-estos-son-los-puntos-confirmados/,91.11
Oicata,zonas_proteccion_alimentaria,Zonas Protección Alimentaria,78,https://boyaca7dias.com.co/2026/04/28/los-proyectos-comunitarios-que-urbaser-ha-venido-apoyando-en-pirgua-y-sectores-de-oicata/,78,https://boyaca7dias.com.co/2026/04/28/los-proyectos-comunitarios-que-urbaser-ha-venido-apoyando-en-pirgua-y-sectores-de-oicata/,78,https://boyaca7dias.com.co/2026/04/28/los-proyectos-comunitarios-que-urbaser-ha-venido-apoyando-en-pirgua-y-sectores-de-oicata/,77.64
Oicata,dano_territorios,Daño a Territorios,0,,0,,0,,
Oicata,exclusion_servicios_derechos,Exclusión Servicios y Derechos,95,https://boyaca7dias.com.co/2026/04/09/bloqueos-en-boyaca-este-jueves-por-paro-nacional-en-rechazo-al-aumento-del-impuesto-predial-estos-son-los-puntos-confirmados/,95,https://boyaca7dias.com.co/2026/04/09/bloqueos-en-boyaca-este-jueves-por-paro-nacional-en-rechazo-al-aumento-del-impuesto-predial-estos-son-los-puntos-confirmados/,95,https://boyaca7dias.com.co/2026/04/09/bloqueos-en-boyaca-este-jueves-por-paro-nacional-en-rechazo-al-aumento-del-impuesto-predial-estos-son-los-puntos-confirmados/,94.98
Oicata,grupos_etnicos_existentes,Grupos Étnicos Existentes,67,https://boyaca7dias.com.co/2026/02/21/biologa-de-la-uptc-gana-beca-colombia-biodiversa-por-crear-investigacion-que-estudiara-los-riesgos-sanitarios-en-el-rio-chicamocha/,67,https://boyaca7dias.com.co/2026/02/21/biologa-de-la-uptc-gana-beca-colombia-biodiversa-por-crear-investigacion-que-estudiara-los-riesgos-sanitarios-en-el-rio-chicamocha/,67,https://boyaca7dias.com.co/2026/02/21/biologa-de-la-uptc-gana-beca-colombia-biodiversa-por-crear-investigacion-que-estudiara-los-riesgos-sanitarios-en-el-rio-chicamocha/,66.82
Oicata,danos_ambientales,Daños Ambientales,0,,0,,0,,
Oicata,derechos_vulnerados,Derechos Vulnerados,99,https://boyaca7dias.com.co/2026/06/06/estos-fueron-los-compromisos-acordados-tras-las-protestas-en-el-peaje-de-tuta/,99,https://boyaca7dias.com.co/2026/06/06/estos-fueron-los-compromisos-acordados-tras-las-protestas-en-el-peaje-de-tuta/,99,https://boyaca7dias.com.co/2026/06/06/estos-fueron-los-compromisos-acordados-tras-las-protestas-en-el-peaje-de-tuta/,98.95
Oicata,resistencia_territorial,Resistencia Territorial,55,https://boyaca7dias.com.co/2026/06/05/peaje-gratis-anoche-en-la-caseta-de-tuta-tolditos7dias/,55,https://boyaca7dias.com.co/2026/06/05/peaje-gratis-anoche-en-la-caseta-de-tuta-tolditos7dias/,55,https://boyaca7dias.com.co/2026/06/05/peaje-gratis-anoche-en-la-caseta-de-tuta-tolditos7dias/,54.75
Oicata,deficit_participacion_comunitaria,Déficit Participación Comunitaria,37,https://boyaca7dias.com.co/2026/04/09/bloqueos-en-boyaca-este-jueves-por-paro-nacional-en-rechazo-al-aumento-del-impuesto-predial-estos-son-los-puntos-confirmados/,37,https://boyaca7dias.com.co/2026/04/09/bloqueos-en-boyaca-este-jueves-por-paro-nacional-en-rechazo-al-aumento-del-impuesto-predial-estos-son-los-puntos-confirmados/,37,https://boyaca7dias.com.co/2026/04/09/bloqueos-en-boyaca-este-jueves-por-paro-nacional-en-rechazo-al-aumento-del-impuesto-predial-estos-son-los-puntos-confirmados/,36.97
Oicata,exclusion_comunidades,Exclusión de Comunidades,95,https://boyaca7dias.com.co/2026/04/09/bloqueos-en-boyaca-este-jueves-por-paro-nacional-en-rechazo-al-aumento-del-impuesto-predial-estos-son-los-puntos-confirmados/,95,https://boyaca7dias.com.co/2026/04/09/bloqueos-en-boyaca-este-jueves-por-paro-nacional-en-rechazo-al-aumento-del-impuesto-predial-estos-son-los-puntos-confirmados/,95,https://boyaca7dias.com.co/2026/04/09/bloqueos-en-boyaca-este-jueves-por-paro-nacional-en-rechazo-al-aumento-del-impuesto-predial-estos-son-los-puntos-confirmados/,95.32
Oicata,movimientos_sociales,Movimientos Sociales,87,https://boyaca7dias.com.co/2026/06/05/peaje-gratis-anoche-en-la-caseta-de-tuta-tolditos7dias/,87,https://boyaca7dias.com.co/2026/06/05/peaje-gratis-anoche-en-la-caseta-de-tuta-tolditos7dias/,87,https://boyaca7dias.com.co/2026/06/05/peaje-gratis-anoche-en-la-caseta-de-tuta-tolditos7dias/,86.61
Oicata,rechazo_proyecto,Rechazo al Proyecto,98,https://boyaca7dias.com.co/2026/06/06/estos-fueron-los-compromisos-acordados-tras-las-protestas-en-el-peaje-de-tuta/,98,https://boyaca7dias.com.co/2026/06/06/estos-fueron-los-compromisos-acordados-tras-las-protestas-en-el-peaje-de-tuta/,98,https://boyaca7dias.com.co/2026/06/06/estos-fueron-los-compromisos-acordados-tras-las-protestas-en-el-peaje-de-tuta/,97.92
Oicata,protesta_social,Protesta Social,85,https://boyaca7dias.com.co/2026/06/05/peaje-gratis-anoche-en-la-caseta-de-tuta-tolditos7dias/,85,https://boyaca7dias.com.co/2026/06/05/peaje-gratis-anoche-en-la-caseta-de-tuta-tolditos7dias/,85,https://boyaca7dias.com.co/2026/06/05/peaje-gratis-anoche-en-la-caseta-de-tuta-tolditos7dias/,85.15
Oicata,exclusion_beneficios_economicos,Exclusión Beneficios Económicos,99,https://boyaca7dias.com.co/2025/11/13/la-unidad-de-busqueda-de-personas-recupero-diez-cuerpos-en-el-cementerio-de-oicata/,99,https://boyaca7dias.com.co/2025/11/13/la-unidad-de-busqueda-de-personas-recupero-diez-cuerpos-en-el-cementerio-de-oicata/,99,https://boyaca7dias.com.co/2025/11/13/la-unidad-de-busqueda-de-personas-recupero-diez-cuerpos-en-el-cementerio-de-oicata/,98.87
Paraguachon,violacion_derechos_humanos,Violación Derechos Humanos,100,https://diariodelnorte.net/judiciales/ediles-de-paraguachon-denuncian-amenazas-tras-recibir-video-intimidante/,100,https://diariodelnorte.net/judiciales/ediles-de-paraguachon-denuncian-amenazas-tras-recibir-video-intimidante/,100,https://diariodelnorte.net/judiciales/ediles-de-paraguachon-denuncian-amenazas-tras-recibir-video-intimidante/,99.57
Paraguachon,irregularidad_contractual,Irregularidad Contractual,45,https://laguajirahoy.com/riohacha/dirigentes-exigen-a-concesion-santa-marta-paraguachon-reparar-la-deteriorada-calle-15-de-riohacha.html,45,https://laguajirahoy.com/riohacha/dirigentes-exigen-a-concesion-santa-marta-paraguachon-reparar-la-deteriorada-calle-15-de-riohacha.html,21,https://diariodelnorte.net/judiciales/conductor-denuncia-presunta-extorsion-por-parte-de-un-agente-de-transito-en-maicao/,21.25
Paraguachon,conflicto_territorial,Conflicto Territorial,99,https://laguajirahoy.com/maicao-3/tension-del-lado-venezolano-por-caso-judicial-afecta-comercio-binacional.html,99,https://laguajirahoy.com/maicao-3/tension-del-lado-venezolano-por-caso-judicial-afecta-comercio-binacional.html,98,https://diariodelnorte.net/judiciales/ediles-de-paraguachon-denuncian-amenazas-tras-recibir-video-intimidante/,98.49
Paraguachon,presencia_grupos_armados,Presencia Grupos Armados,99,https://laguajirahoy.com/judiciales/secuestro-en-la-guajira-voces-policiales-explican-causas-cifras-y-retos.html,99,https://laguajirahoy.com/judiciales/secuestro-en-la-guajira-voces-policiales-explican-causas-cifras-y-retos.html,91,https://diariodelnorte.net/judiciales/operativos-en-la-guajira-dejan-seis-capturados-y-recuperacion-de-tres-motocicletas-hurtadas/,91.43
Paraguachon,amenaza_lideres,Amenaza a Líderes,92,https://diariodelnorte.net/judiciales/ediles-de-paraguachon-denuncian-amenazas-tras-recibir-video-intimidante/,92,https://diariodelnorte.net/judiciales/ediles-de-paraguachon-denuncian-amenazas-tras-recibir-video-intimidante/,92,https://diariodelnorte.net/judiciales/ediles-de-paraguachon-denuncian-amenazas-tras-recibir-video-intimidante/,91.91
Paraguachon,amenaza_intimidacion,Amenaza e Intimidación,100,https://diariodelnorte.net/judiciales/ediles-de-paraguachon-denuncian-amenazas-tras-recibir-video-intimidante/,100,https://diariodelnorte.net/judiciales/ediles-de-paraguachon-denuncian-amenazas-tras-recibir-video-intimidante/,100,https://diariodelnorte.net/judiciales/ediles-de-paraguachon-denuncian-amenazas-tras-recibir-video-intimidante/,99.53
Paraguachon,conflictos_socioambientales,Conflictos Socioambientales,88,https://laguajirahoy.com/la-guajira/educacion-vial-para-proteger-la-vida-en-corredores-escolares.html,88,https://laguajirahoy.com/la-guajira/educacion-vial-para-proteger-la-vida-en-corredores-escolares.html,70,https://diariodelnorte.net/opinion/agua-para-todos-donde-esta-el-centavo-para-el-peso/,70.29
Paraguachon,debilidad_institucional,Debilidad Institucional,33,https://laguajirahoy.com/politica/maicao-esta-en-modo-consejos-de-juventud.html,33,https://laguajirahoy.com/politica/maicao-esta-en-modo-consejos-de-juventud.html,3,,
Paraguachon,conflicto_activo,Conflicto Activo,99,https://laguajirahoy.com/maicao-3/tension-del-lado-venezolano-por-caso-judicial-afecta-comercio-binacional.html,99,https://laguajirahoy.com/maicao-3/tension-del-lado-venezolano-por-caso-judicial-afecta-comercio-binacional.html,98,https://diariodelnorte.net/judiciales/tras-semanas-de-busqueda-encuentran-restos-que-pertenecerian-a-hombre-desaparecido/,98.09
Paraguachon,incentivos_economicos_inequitativos,Incentivos Económicos Inequitativos,86,https://laguajirahoy.com/judiciales/se-reabre-frontera-y-se-normaliza-paso-por-paraguachon-en-la-guajira.html,86,https://laguajirahoy.com/judiciales/se-reabre-frontera-y-se-normaliza-paso-por-paraguachon-en-la-guajira.html,69,https://diariodelnorte.net/judiciales/comunidades-wayuu-levantan-bloqueo-en-la-via-riohacha-maicao-tras-acordar-mesa-de-dialogo-por-atentado-en-alto-pino/,69.44
Paraguachon,desplazamiento_forzado,Desplazamiento Forzado,98,https://diariodelnorte.net/judiciales/ediles-de-paraguachon-denuncian-amenazas-tras-recibir-video-intimidante/,98,https://diariodelnorte.net/judiciales/ediles-de-paraguachon-denuncian-amenazas-tras-recibir-video-intimidante/,98,https://diariodelnorte.net/judiciales/ediles-de-paraguachon-denuncian-amenazas-tras-recibir-video-intimidante/,98.48
Paraguachon,reasentamiento,Reasentamiento,97,https://laguajirahoy.com/comunidad/venezolanos-en-la-guajira-viven-con-emociones-encontradas-los-recientes-sucesos-politicos-en-su-pais.html,97,https://laguajirahoy.com/comunidad/venezolanos-en-la-guajira-viven-con-emociones-encontradas-los-recientes-sucesos-politicos-en-su-pais.html,69,https://diariodelnorte.net/judiciales/deportan-a-ciudadano-irani-que-ingreso-irregularmente-a-colombia-por-la-frontera-de-maicao-con-venezuela/,68.62
Paraguachon,poblacion_afectada,Población Afectada,99,https://diariodelnorte.net/judiciales/ediles-de-paraguachon-denuncian-amenazas-tras-recibir-video-intimidante/,99,https://diariodelnorte.net/judiciales/ediles-de-paraguachon-denuncian-amenazas-tras-recibir-video-intimidante/,99,https://diariodelnorte.net/judiciales/ediles-de-paraguachon-denuncian-amenazas-tras-recibir-video-intimidante/,99.44
Paraguachon,zonas_proteccion_alimentaria,Zonas Protección Alimentaria,90,https://laguajirahoy.com/la-guajira/educacion-vial-para-proteger-la-vida-en-corredores-escolares.html,90,https://laguajirahoy.com/la-guajira/educacion-vial-para-proteger-la-vida-en-corredores-escolares.html,77,https://diariodelnorte.net/opinion/agua-para-todos-donde-esta-el-centavo-para-el-peso/,76.5
Paraguachon,dano_territorios,Daño a Territorios,59,https://laguajirahoy.com/judiciales/se-reabre-frontera-y-se-normaliza-paso-por-paraguachon-en-la-guajira.html,59,https://laguajirahoy.com/judiciales/se-reabre-frontera-y-se-normaliza-paso-por-paraguachon-en-la-guajira.html,47,https://diariodelnorte.net/laguajira/defensoria-emite-alerta-por-expansion-de-las-acsn-y-escalada-del-riesgo-en-maicao/,46.74
Paraguachon,exclusion_servicios_derechos,Exclusión Servicios y Derechos,99,https://diariodelnorte.net/judiciales/deportan-a-ciudadano-irani-que-ingreso-irregularmente-a-colombia-por-la-frontera-de-maicao-con-venezuela/,99,https://diariodelnorte.net/judiciales/deportan-a-ciudadano-irani-que-ingreso-irregularmente-a-colombia-por-la-frontera-de-maicao-con-venezuela/,99,https://diariodelnorte.net/judiciales/deportan-a-ciudadano-irani-que-ingreso-irregularmente-a-colombia-por-la-frontera-de-maicao-con-venezuela/,98.89
Paraguachon,grupos_etnicos_existentes,Grupos Étnicos Existentes,91,https://diariodelnorte.net/judiciales/comunidades-wayuu-levantan-bloqueo-en-la-via-riohacha-maicao-tras-acordar-mesa-de-dialogo-por-atentado-en-alto-pino/,91,https://diariodelnorte.net/judiciales/comunidades-wayuu-levantan-bloqueo-en-la-via-riohacha-maicao-tras-acordar-mesa-de-dialogo-por-atentado-en-alto-pino/,91,https://diariodelnorte.net/judiciales/comunidades-wayuu-levantan-bloqueo-en-la-via-riohacha-maicao-tras-acordar-mesa-de-dialogo-por-atentado-en-alto-pino/,91.45
Paraguachon,danos_ambientales,Daños Ambientales,7,https://diariodelnorte.net/opinion/el-regreso-de-venezuela-al-mapa-guajiro/,7,https://diariodelnorte.net/opinion/el-regreso-de-venezuela-al-mapa-guajiro/,7,,
Paraguachon,derechos_vulnerados,Derechos Vulnerados,100,https://diariodelnorte.net/judiciales/ediles-de-paraguachon-denuncian-amenazas-tras-recibir-video-intimidante/,100,https://diariodelnorte.net/judiciales/ediles-de-paraguachon-denuncian-amenazas-tras-recibir-video-intimidante/,100,https://diariodelnorte.net/judiciales/ediles-de-paraguachon-denuncian-amenazas-tras-recibir-video-intimidante/,99.63
Paraguachon,resistencia_territorial,Resistencia Territorial,39,https://www.eltiempo.com/colombia/otras-ciudades/temblor-de-magnitud-3-4-sacudio-la-guajira-y-tiene-en-alerta-a-la-ciudad-fronteriza-el-epicentro-estuvo-en-dibulla-3567507,39,https://www.eltiempo.com/colombia/otras-ciudades/temblor-de-magnitud-3-4-sacudio-la-guajira-y-tiene-en-alerta-a-la-ciudad-fronteriza-el-epicentro-estuvo-en-dibulla-3567507,3,,
Paraguachon,deficit_participacion_comunitaria,Déficit Participación Comunitaria,26,https://laguajirahoy.com/nacion/cerrada-frontera-del-lado-venezolano-en-la-guajira.html,26,https://laguajirahoy.com/nacion/cerrada-frontera-del-lado-venezolano-en-la-guajira.html,2,,
Paraguachon,exclusion_comunidades,Exclusión de Comunidades,99,https://diariodelnorte.net/judiciales/ediles-de-paraguachon-denuncian-amenazas-tras-recibir-video-intimidante/,99,https://diariodelnorte.net/judiciales/ediles-de-paraguachon-denuncian-amenazas-tras-recibir-video-intimidante/,99,https://diariodelnorte.net/judiciales/ediles-de-paraguachon-denuncian-amenazas-tras-recibir-video-intimidante/,98.98
Paraguachon,movimientos_sociales,Movimientos Sociales,93,https://diariodelnorte.net/judiciales/comunidades-wayuu-levantan-bloqueo-en-la-via-riohacha-maicao-tras-acordar-mesa-de-dialogo-por-atentado-en-alto-pino/,93,https://diariodelnorte.net/judiciales/comunidades-wayuu-levantan-bloqueo-en-la-via-riohacha-maicao-tras-acordar-mesa-de-dialogo-por-atentado-en-alto-pino/,93,https://diariodelnorte.net/judiciales/comunidades-wayuu-levantan-bloqueo-en-la-via-riohacha-maicao-tras-acordar-mesa-de-dialogo-por-atentado-en-alto-pino/,92.67
Paraguachon,rechazo_proyecto,Rechazo al Proyecto,99,https://laguajirahoy.com/maicao-3/tension-del-lado-venezolano-por-caso-judicial-afecta-comercio-binacional.html,99,https://laguajirahoy.com/maicao-3/tension-del-lado-venezolano-por-caso-judicial-afecta-comercio-binacional.html,95,https://diariodelnorte.net/judiciales/comunidades-wayuu-levantan-bloqueo-en-la-via-riohacha-maicao-tras-acordar-mesa-de-dialogo-por-atentado-en-alto-pino/,95.12
Paraguachon,protesta_social,Protesta Social,94,https://diariodelnorte.net/judiciales/comunidades-wayuu-levantan-bloqueo-en-la-via-riohacha-maicao-tras-acordar-mesa-de-dialogo-por-atentado-en-alto-pino/,94,https://diariodelnorte.net/judiciales/comunidades-wayuu-levantan-bloqueo-en-la-via-riohacha-maicao-tras-acordar-mesa-de-dialogo-por-atentado-en-alto-pino/,94,https://diariodelnorte.net/judiciales/comunidades-wayuu-levantan-bloqueo-en-la-via-riohacha-maicao-tras-acordar-mesa-de-dialogo-por-atentado-en-alto-pino/,94.27
Paraguachon,exclusion_beneficios_economicos,Exclusión Beneficios Económicos,99,https://www.eltiempo.com/colombia/otras-ciudades/paraguachon-frontera-cerrada-asi-se-vive-en-la-guajira-el-bloqueo-del-paso-entre-colombia-y-venezuela-tras-la-captura-de-nicolas-maduro-3521565,99,https://www.eltiempo.com/colombia/otras-ciudades/paraguachon-frontera-cerrada-asi-se-vive-en-la-guajira-el-bloqueo-del-paso-entre-colombia-y-venezuela-tras-la-captura-de-nicolas-maduro-3521565,92,https://diariodelnorte.net/judiciales/deportan-a-ciudadano-irani-que-ingreso-irregularmente-a-colombia-por-la-frontera-de-maicao-con-venezuela/,91.74
