id,indicador,etiqueta_e,etiqueta_f,url,ref
t0000,zonas_proteccion_alimentaria,NO,NO,https://choco7dias.com/la-chocoana-elizabeth-moreno-fue-elegida-defensora-del-ano-en-colombia-en-2023/,False
t0001,zonas_proteccion_alimentaria,NO,NO,https://diariodelcauca.com.co/denuncian-bajones-de-energia-en-el-centro-del-cauca/,False
t0002,zonas_proteccion_alimentaria,DUDOSO,DUDOSO,https://www.elcolombiano.com/antioquia/homenaje-a-las-voceadoras-de-el-colombiano-en-el-dia-internacional-de-la-mujer-FF20703688,False
t0003,zonas_proteccion_alimentaria,NO,NO,https://diariodelnorte.net/laguajira/gobernacion-habilita-acceso-directo-al-geovisor-del-sistema-de-informacion-wayuu/,False
t0004,zonas_proteccion_alimentaria,NO,NO,https://diariodelcauca.com.co/primer-encuentro-sobre-salud-mental-e-interculturalidad/,False
t0005,zonas_proteccion_alimentaria,NO,NO,https://www.elcolombiano.com/opinion/columnistas/antioquia-corazon-social-y-economico-de-colombia-GB22671034,False
t0006,zonas_proteccion_alimentaria,DUDOSO,SI,https://laguajirahoy.com/maicao/campesinos-de-maicao-reciben-herramientas-y-proyectos-en-celebracion-del-dia-del-campesino.html,False
t0007,zonas_proteccion_alimentaria,NO,NO,https://diariodelcauca.com.co/talleres-de-lactancia-materna-para-comunidades-indigenas-en-inza/,False
t0008,zonas_proteccion_alimentaria,SI,SI,https://www.eltiempo.com/mas-contenido/con-estas-iniciativas-cundinamarca-avanza-participe-en-la-rendicion-de-cuentas-829914,True
t0009,zonas_proteccion_alimentaria,NO,NO,https://boyaca7dias.com.co/2025/08/05/paros-en-boyaca-bloqueos-ley-seca-y-represamiento-de-alimentos-marcaron-el-primer-dia-de-la-jornada/,False
t0010,zonas_proteccion_alimentaria,NO,NO,https://choco7dias.com/crecio-el-desempleo-en-quibdo-en-el-ultimo-trimestre/,False
t0011,zonas_proteccion_alimentaria,NO,NO,https://laguajirahoy.com/judiciales/se-reabre-frontera-y-se-normaliza-paso-por-paraguachon-en-la-guajira.html,False
t0012,zonas_proteccion_alimentaria,DUDOSO,NO,https://diariodelnorte.net/opinion/agua-para-todos-donde-esta-el-centavo-para-el-peso/,False
t0013,zonas_proteccion_alimentaria,NO,NO,https://boyaca7dias.com.co/2026/08/04/desde-la-medianoche-de-hoy-se-restablecera-el-cobro-en-el-peaje-de-tuta/,False
t0014,zonas_proteccion_alimentaria,NO,DUDOSO,https://www.eltiempo.com/bogota/car-sembrara-10-000-arboles-en-humedal-el-yulo-para-controlar-invasion-de-ganado-vacuno-786994,False
t0015,zonas_proteccion_alimentaria,NO,NO,https://www.eltiempo.com/justicia/cortes/leonardo-rico-congresista-procesado-por-enriquecimiento-seguira-libre-764572,False
t0016,zonas_proteccion_alimentaria,NO,NO,https://diariodelcauca.com.co/cauca-ocupa-el-puesto-16-entre-las-tierras-mas-fertiles-del-pais/,False
t0017,zonas_proteccion_alimentaria,NO,NO,https://boyaca7dias.com.co/2026/05/29/comunidad-protesta-en-el-peaje-de-tuta-y-exige-tarifa-cero-para-habitantes-de-cuatro-municipios/,False
t0018,zonas_proteccion_alimentaria,SI,SI,https://choco7dias.com/embajadora-de-suecia-visito-el-choco/,True
t0019,zonas_proteccion_alimentaria,NO,NO,https://diariodelnorte.net/laguajira/mantienen-alerta-roja-por-riesgo-de-incendios-forestales-en-los-15-municipios-de-la-guajira/,False
t0020,zonas_proteccion_alimentaria,NO,NO,https://boyaca7dias.com.co/2026/06/05/peaje-gratis-anoche-en-la-caseta-de-tuta-tolditos7dias/,False
t0021,zonas_proteccion_alimentaria,NO,NO,https://diariodelnorte.net/laguajira/procuraduria-investiga-a-mas-de-40-funcionarios-por-presunto-incumplimiento-de-sentencia-que-protege-a-la-comunidad-wayuu/,False
t0022,zonas_proteccion_alimentaria,NO,NO,https://boyaca7dias.com.co/2025/08/24/empresas-que-han-hecho-historia-en-boyaca-y-que-han-impulsado-su-desarrollo-hector-h-rodriguez-aelinforme-h-h/,False
t0023,zonas_proteccion_alimentaria,NO,NO,https://diariodelcauca.com.co/asamblea-caucana-recordo-fecha-especial-en-honor-a-diversidad-etnica/,False
t0024,zonas_proteccion_alimentaria,NO,NO,https://choco7dias.com/onu-cultivos-de-hoja-de-coca-en-choco-aumentaron-un-976-en-2022/,False
t0025,zonas_proteccion_alimentaria,NO,NO,https://www.elcolombiano.com/medellin/iniciativas-de-firmandes-de-paz-en-medellin-antioquia-AJ22096237,False
t0026,zonas_proteccion_alimentaria,NO,NO,https://boyaca7dias.com.co/2026/04/09/bloqueos-en-boyaca-este-jueves-por-paro-nacional-en-rechazo-al-aumento-del-impuesto-predial-estos-son-los-puntos-confirmados/,False
t0027,zonas_proteccion_alimentaria,NO,NO,https://www.elcolombiano.com/negocios/antioquia-es-el-departamento-que-mas-obras-por-impuestos-se-lleva-FE22264067,False
t0028,zonas_proteccion_alimentaria,SI,SI,https://www.eltiempo.com/mas-contenido/kuna-mya-asi-es-la-tienda-que-reune-lo-mas-representativo-de-cundinamarca-816949,True
t0029,zonas_proteccion_alimentaria,NO,NO,https://diariodelnorte.net/judiciales/capturan-a-joven-con-mas-de-170-dosis-de-estupefacientes-en-paraguachon/,False
t0030,zonas_proteccion_alimentaria,NO,NO,https://laguajirahoy.com/medio-ambiente/corpoguajira-lidera-xi-jornada-de-recoleccion-de-residuos-posconsumo.html,False
t0031,zonas_proteccion_alimentaria,NO,DUDOSO,https://www.elcolombiano.com/antioquia/ni-la-mitad-de-hogares-de-antioquia-tiene-las-tres-comidas-aseguradas-KJ21938828,False
t0032,zonas_proteccion_alimentaria,NO,NO,https://diariodelcauca.com.co/riopaila-castilla-presenta-fondo-concursable-para-iniciativas-sociales-y-comunitarias/,False
t0033,zonas_proteccion_alimentaria,NO,NO,https://www.eltiempo.com/politica/elecciones-colombia-2026/resultados-presidenciales-2026-primera-vuelta/en-vivo-elecciones-presidenciales-2026-siga-la-jornada-de-votacion-en-oicata-boyaca-ultimas-noticias-3560006,False
t0034,zonas_proteccion_alimentaria,DUDOSO,DUDOSO,https://diariodelnorte.net/opinion/y-si-la-guajira-fuera-potencia/,False
t0035,zonas_proteccion_alimentaria,NO,NO,https://diariodelnorte.net/laguajira/autoridades-y-comunidad-se-unieron-en-maicao-en-un-llamado-por-la-paz-la-vida-y-la-convivencia/,False
t0036,zonas_proteccion_alimentaria,NO,NO,https://www.eltiempo.com/opinion/columnistas/german-umana-mendoza/columna-de-german-umana-transicion-economica-basada-en-el-turismo-761855,False
t0037,zonas_proteccion_alimentaria,NO,NO,https://diariodelcauca.com.co/el-cauca-suena-paz/,False
t0038,zonas_proteccion_alimentaria,NO,NO,https://www.eltiempo.com/bogota/region-metropolitana-que-opinan-los-candidatos-a-la-gobernacion-de-cundinamarca-799401,False
t0039,zonas_proteccion_alimentaria,NO,SI,https://boyaca7dias.com.co/2026/08/06/proteger-al-venado-cola-blanca-una-prioridad-para-salvaguardar-la-biodiversidad-en-boyaca/,False
t0040,zonas_proteccion_alimentaria,NO,DUDOSO,https://www.eltiempo.com/mas-contenido/paramo-de-guacheneque-asi-trabajan-por-su-restauracion-y-conservacion-825951,False
t0041,zonas_proteccion_alimentaria,NO,NO,https://diariodelnorte.net/judiciales/ediles-de-paraguachon-denuncian-amenazas-tras-recibir-video-intimidante/,False
t0042,zonas_proteccion_alimentaria,NO,NO,https://diariodelcauca.com.co/tratan-sobre-retos-estatales-para-reconocer-al-campesino/,False
t0043,zonas_proteccion_alimentaria,NO,NO,https://diariodelcauca.com.co/gobierno-nacional-promete-estabilizar-el-norte-caucano/,False
t0044,zonas_proteccion_alimentaria,NO,NO,https://diariodelnorte.net/laguajira/maicao-se-posiciona-en-la-agenda-global-de-migracion-margarita-crespo-habib-lidera-representacion-ante-la-onu/,False
t0045,zonas_proteccion_alimentaria,NO,NO,https://choco7dias.com/se-sembraron-600-arboles-en-guayabal-quibdo/,False
t0046,zonas_proteccion_alimentaria,NO,SI,https://www.elcolombiano.com/antioquia/llegaran-mas-policias-a-antioquia-KD22300903,False
t0047,zonas_proteccion_alimentaria,SI,SI,https://www.elcolombiano.com/negocios/por-que-la-agricultura-en-colombia-es-menos-productiva-LK21182854,True
t0048,zonas_proteccion_alimentaria,SI,SI,https://choco7dias.com/entrega-de-herramientas-de-trabajo-agricola-en-unguia/,True
t0049,zonas_proteccion_alimentaria,NO,NO,https://www.eltiempo.com/vida/ciencia/por-que-ocurren-frecuentes-deslizamientos-de-tierra-en-colombia-789577,False
t0050,zonas_proteccion_alimentaria,NO,NO,https://diariodelcauca.com.co/avances-estancados-por-funcionarios-del-gobierno-nacional/,False
t0051,zonas_proteccion_alimentaria,NO,NO,https://www.elcolombiano.com/antioquia/narino-antioquia-espera-por-turistas-en-sus-termales-en-semana-santa-AL20812460,False
t0052,zonas_proteccion_alimentaria,NO,NO,https://www.eltiempo.com/bogota/cundinamarca-y-la-sabana-activan-alerta-por-aumento-de-incendios-forestales-778871,False
t0053,zonas_proteccion_alimentaria,NO,NO,https://diariodelnorte.net/laguajira/policia-fortalece-acciones-de-seguridad-en-el-paso-fronterizo-de-paraguachon/,False
t0054,zonas_proteccion_alimentaria,NO,NO,https://www.elcolombiano.com/entretenimiento/moda/horizontes-coleccion-de-alado-en-colombiamoda-2023-JA22009624,False
t0055,zonas_proteccion_alimentaria,NO,NO,https://choco7dias.com/choco-riesgo-de-incumplimiento-en-cinco-proyectos-por-86-000-millones/,False
t0056,zonas_proteccion_alimentaria,NO,DUDOSO,https://laguajirahoy.com/comunidad/empresa-estatal-colombiana-entrega-ayudas-a-29-mil-damnificados.html,False
t0057,zonas_proteccion_alimentaria,NO,NO,https://choco7dias.com/yurleidy-perea-coordinadora-subregion-pdet-choco/,False
t0058,zonas_proteccion_alimentaria,NO,NO,https://diariodelcauca.com.co/paradoja-en-el-canon-del-micay-con-cultivos-cocaleros/,False
t0059,zonas_proteccion_alimentaria,NO,NO,https://diariodelnorte.net/laguajira/ministerio-de-transporte-adjudicara-33-billones-para-intervenir-vias-de-la-guajira/,False
t0060,zonas_proteccion_alimentaria,NO,NO,https://diariodelnorte.net/judiciales/59-capturas-e-incautacion-de-marihuana-y-cocaina-fueron-parte-de-los-resultados-de-operatividad-en-la-guajira/,False
t0061,zonas_proteccion_alimentaria,NO,NO,https://diariodelnorte.net/judiciales/policia-recupera-dos-motocicletas-reportadas-como-hurtadas-en-manaure-y-maicao/,False
t0062,zonas_proteccion_alimentaria,NO,NO,https://www.elcolombiano.com/medellin/entrevista-a-juan-luis-mejia-sobre-la-cultura-del-narcotrafico-exorcizarte-pablo-KH22615492,False
t0063,zonas_proteccion_alimentaria,NO,NO,https://www.eltiempo.com/bogota/cundinamarca-firman-el-primer-pacto-saludable-para-prevenir-enfermedades-809557,False
t0064,zonas_proteccion_alimentaria,NO,NO,https://diariodelnorte.net/laguajira/gobierno-nacional-avanza-en-legalizacion-de-asentamiento-la-pista-en-maicao-con-el-programa-barrios-y-veredas-de-paz/,False
t0065,zonas_proteccion_alimentaria,NO,NO,https://diariodelnorte.net/judiciales/alcalde-de-maicao-denuncia-ante-la-fiscalia-presunto-plan-para-involucrarlo-en-actividades-ilicitas/,False
t0066,zonas_proteccion_alimentaria,NO,NO,https://www.elcolombiano.com/antioquia/piedra-del-penol-origen-de-donde-salio-historia-piedra-de-guatape-turismo-AG21367986,False
t0067,zonas_proteccion_alimentaria,NO,NO,https://diariodelnorte.net/laguajira/movimiento-quinto-poder-presenta-propuestas-para-el-desarrollo-de-la-guajira/,False
t0068,zonas_proteccion_alimentaria,NO,NO,https://laguajirahoy.com/la-guajira/migracion-colombia-anuncia-cierre-en-paraguachon-por-eleccion-presidencial.html,False
t0069,zonas_proteccion_alimentaria,NO,NO,https://choco7dias.com/los-guardianes-de-las-plantas-medicinales-tropicales-en-el-choco-biogeografico/,False
t0070,zonas_proteccion_alimentaria,NO,NO,https://diariodelnorte.net/laguajira/ejercito-nacional-reporta-cobertura-total-de-seguridad-en-zonas-rurales-de-la-guajira-durante-elecciones/,False
t0071,zonas_proteccion_alimentaria,DUDOSO,SI,https://choco7dias.com/avanza-la-creacion-del-area-protegida-cabi-icho/,False
t0072,zonas_proteccion_alimentaria,NO,NO,https://www.eltiempo.com/bogota/cundinamarca-proyecto-para-agregar-44-kilometros-de-ciclorrutas-abre-licitacion-796928,False
t0073,zonas_proteccion_alimentaria,NO,NO,https://laguajirahoy.com/la-guajira/educacion-vial-para-proteger-la-vida-en-corredores-escolares.html,False
t0074,zonas_proteccion_alimentaria,NO,NO,https://choco7dias.com/gobernadores-incluyen-cuatro-obras-del-choco-en-documento-al-gobierno-nacional/,False
t0075,zonas_proteccion_alimentaria,NO,NO,https://boyaca7dias.com.co/2025/12/29/en-lo-que-va-de-diciembre-en-boyaca-se-han-presentado-27-incendios/,False
t0076,zonas_proteccion_alimentaria,NO,NO,https://laguajirahoy.com/medio-ambiente/la-guajira-protege-13-mil-hectareas-con-nuevo-distrito-ambiental.html,False
t0077,zonas_proteccion_alimentaria,NO,NO,https://laguajirahoy.com/nacion/maicao-estrena-primera-granja-solar-para-impulsar-la-transicion-energetica-en-la-guajira.html,False
t0078,zonas_proteccion_alimentaria,NO,NO,https://choco7dias.com/dignidad-de-las-mujeres-victimas-de-violencia-sexual-en-el-conflicto-armado/,False
t0079,zonas_proteccion_alimentaria,NO,SI,https://www.elcolombiano.com/medio-ambiente/puma-rescatado-en-antioquia-EC20333766,False
t0080,zonas_proteccion_alimentaria,SI,SI,https://boyaca7dias.com.co/2026/04/28/los-proyectos-comunitarios-que-urbaser-ha-venido-apoyando-en-pirgua-y-sectores-de-oicata/,True
t0081,zonas_proteccion_alimentaria,NO,NO,https://diariodelnorte.net/editorial/elecciones-en-medio-del-miedo/,False
t0082,zonas_proteccion_alimentaria,NO,SI,https://www.eltiempo.com/colombia/otras-ciudades/muerte-de-yeison-jimenez-las-escenas-del-accidente-de-la-avioneta-de-yeison-jimenez-que-en-la-vereda-romita-de-paipa-nunca-olvidaran-3523540,False
t0083,zonas_proteccion_alimentaria,NO,NO,https://diariodelcauca.com.co/protestas-en-popayan-por-crisis-humanitaria/,False
t0084,zonas_proteccion_alimentaria,NO,NO,https://www.elcolombiano.com/antioquia/unidad-para-las-victimas-entrego-ayudas-humanitarias-a-indigenas-del-suroeste-PC20449464,False
t0085,zonas_proteccion_alimentaria,NO,NO,https://www.eltiempo.com/bogota/debate-regional-candidatos-a-la-alcaldia-de-bogota-y-gobernacion-destapan-sus-cartas-813401,False
t0086,zonas_proteccion_alimentaria,SI,SI,https://www.eltiempo.com/salud/la-estrategia-del-banco-de-alimentos-para-enfrentar-la-desnutricion-infantil-en-la-guajira-hemos-salvado-a-mas-de-70-ninos-de-la-muerte-3529378,True
t0087,zonas_proteccion_alimentaria,NO,NO,https://www.eltiempo.com/bogota/farc-en-el-sumapaz-asi-es-el-plan-del-ejercito-para-enfrentarse-768185,False
t0088,zonas_proteccion_alimentaria,NO,NO,https://choco7dias.com/hacen-visita-de-vigilancia-a-la-minera-el-roble-en-carmen-de-atrato/,False
t0089,zonas_proteccion_alimentaria,NO,NO,https://diariodelcauca.com.co/cafeteros-se-unen-a-apuesta-por-nueva-politica-antidrogas/,False
t0090,zonas_proteccion_alimentaria,NO,NO,https://choco7dias.com/choco-supervision-a-la-atencion-de-la-primera-infancia/,False
t0091,zonas_proteccion_alimentaria,NO,NO,https://diariodelcauca.com.co/cauca/,False
t0092,zonas_proteccion_alimentaria,DUDOSO,DUDOSO,https://diariodelcauca.com.co/suspenden-plan-para-montar-base-naval-en-gorgona/,False
t0093,zonas_proteccion_alimentaria,SI,SI,https://laguajirahoy.com/judiciales/carneo-y-abigeato-en-aumento-en-la-guajira.html,True
t0094,zonas_proteccion_alimentaria,NO,NO,https://choco7dias.com/cargos-al-gobernador-del-choco-por-presuntas-irregularidades-en-ayudas-humanitarias/,False
t0095,zonas_proteccion_alimentaria,NO,NO,https://boyaca7dias.com.co/2026/08/03/comunidades-advierten-con-bloquear-por-completo-la-via-en-el-peaje-de-tuta-ante-incumplimientos-de-la-ani/,False
t0096,zonas_proteccion_alimentaria,NO,NO,https://boyaca7dias.com.co/2026/02/21/biologa-de-la-uptc-gana-beca-colombia-biodiversa-por-crear-investigacion-que-estudiara-los-riesgos-sanitarios-en-el-rio-chicamocha/,False
t0097,zonas_proteccion_alimentaria,DUDOSO,DUDOSO,https://www.eltiempo.com/bogota/cundinamarca-nancy-patricia-gutierrez-necesitamos-de-un-plan-para-atacar-el-hambre-801600,False
t0098,zonas_proteccion_alimentaria,NO,NO,https://www.eltiempo.com/bogota/decretan-alerta-naranja-por-incendios-forestales-en-cundinamarca-740334,False
t0099,zonas_proteccion_alimentaria,SI,SI,https://laguajirahoy.com/maicao/mercados-comunitarios-abren-nuevas-oportunidades-para-productores-rurales-de-maicao.html,True
t0100,zonas_proteccion_alimentaria,NO,NO,https://boyaca7dias.com.co/2026/08/07/de-los-dos-megaproyectos-de-petro-para-boyaca-uno-arranco-y-el-otro-se-quedo-estancado/,False
t0101,zonas_proteccion_alimentaria,NO,NO,https://www.eltiempo.com/politica/elecciones-colombia-2026/nueva-encuesta-guarumo-asi-ha-sido-la-intencion-de-voto-de-paloma-valencia-paso-de-6-9-por-ciento-en-enero-a-19-9-por-ciento-en-marzo-3543646,False
t0102,zonas_proteccion_alimentaria,NO,NO,https://www.eltiempo.com/contenido-comercial/pueblos-dorados-la-magia-turistica-y-cultural-de-cundinamarca-801514,False
t0103,zonas_proteccion_alimentaria,NO,NO,https://choco7dias.com/otro-desplante-de-petro-al-choco-por-atender-la-guerra-entre-israel-y-palestina/,False
t0104,zonas_proteccion_alimentaria,NO,NO,https://diariodelnorte.net/judiciales/capturan-en-paraguachon-a-hombre-requerido-por-delito-informatico/,False
