id,url,origen
p0000,https://diariodelcauca.com.co/falencias-en-albergue-para-desplazados/,pool
p0001,https://www.eltiempo.com/bogota/glamping-de-manta-donde-murio-mujer-investigado-por-superintendencia-740531,control
p0002,https://diariodelcauca.com.co/pot/,pool
p0003,https://choco7dias.com/todas-las-facciones-de-las-agc-estan-con-el-cese-al-fuego-padre-albeiro-parra/,pool
p0004,https://www.eltiempo.com/justicia/investigacion/quien-es-pedro-contecha-contratista-que-presta-su-avion-al-mintransporte-761535,pool
p0005,https://www.eltiempo.com/justicia/investigacion/viva-air-sindicato-de-trabajadores-pide-a-tribunal-proteger-sus-derechos-745877,pool
p0006,https://www.eltiempo.com/opinion/columnistas/nancy-patricia-gutierrez/columna-de-nancy-patricia-gutierrez-la-tortura-de-fin-de-ano-732243,pool
p0007,https://choco7dias.com/elecciones-amenazadas-voces-de-alcaldes-desplazados-de-sus-municipios/,control
p0008,https://diariodelcauca.com.co/asamblea-caucana-peticiono-por-inventario-de-inmuebles-del-departamento/,control
p0009,https://diariodelcauca.com.co/ataques-en-el-norte-del-cauca/,pool
p0010,https://choco7dias.com/para-donde-va-el-choco/,pool
p0011,https://diariodelcauca.com.co/resaltan-inicios-de-dialogos-entre-gobierno-y-criminalidad-farc/,control
p0012,https://www.eltiempo.com/opinion/editorial/apostar-por-la-region-editorial-el-tiempo-835278,pool
p0013,https://www.eltiempo.com/vida/ciencia/por-que-ocurren-frecuentes-deslizamientos-de-tierra-en-colombia-789577,pool
p0014,https://choco7dias.com/personas-desplazadas-internas-en-colombia-luchan-por-sobrevivir-en-la-ciudad/,control
p0015,https://www.eltiempo.com/bogota/accidente-bus-la-vega-bogota-sobreviviente-revela-detalles-de-la-tragedia-en-la-via-820531,pool
p0016,https://choco7dias.com/no-hay-estado-para-atender-migrantes-en-acandi/,pool
p0017,https://choco7dias.com/elizabeth-moreno-recibio-en-suiza-el-premio-nansen-de-refugiados/,pool
p0018,https://diariodelcauca.com.co/revictimizados-por-los-enfrentamientos-entre-el-ejercito-y-la-guerrilla/,pool
p0019,https://diariodelcauca.com.co/mininterior-afirma-no-dar-garantias-a-bandas-criminales/,control
p0020,https://www.eltiempo.com/bogota/ejercito-desarticulo-banda-criminal-que-delinquia-entre-el-meta-y-cundinamarca-789983,pool
p0021,https://diariodelcauca.com.co/victimas-del-conflicto-2/,pool
p0022,https://www.eltiempo.com/bogota/claro-colombia-llevo-internet-a-10-colegios-de-bogota-y-cundinamarca-767186,pool
p0023,https://www.eltiempo.com/bogota/cundinamarca-municipios-mas-afectados-con-la-actualizacion-catastral-754882,pool
p0024,https://diariodelcauca.com.co/se-pueden-sanar-heridas-de-la-violencia-y-el-desplazamiento/,pool
p0025,https://www.eltiempo.com/bogota/claudia-lopez-condena-atentado-al-peaje-boqueron-colombia-retrocede-al-terrorismo-834266,pool
p0026,https://www.eltiempo.com/bogota/documento-de-las-fuerzas-militares-alerta-posible-llegada-de-disidencias-a-la-region-838734,control
p0027,https://diariodelcauca.com.co/criminales-si-estarian-pidiendo-carnet-para-ingresar-a-bolivar-cauca/,control
p0028,https://diariodelcauca.com.co/esperamos-que-las-fuerzas-militares-copen-el-territorio/,control
p0029,https://www.eltiempo.com/bogota/cundinamarca-a-que-se-comprometio-la-gobernacion-con-guayabetal-799249,pool
p0030,https://choco7dias.com/procuraduria-grupo-especial-en-el-choco-por-crisis-humanitaria/,pool
p0031,https://www.eltiempo.com/bogota/quetame-nuevo-reporte-indica-que-hay-21-muertos-y-8-desaparecidos-788350,pool
p0032,https://diariodelcauca.com.co/temen-por-su-vida-y-la-del-hijo/,control
p0033,https://diariodelcauca.com.co/ojo-con-la-juventudy-la-educacion/,pool
p0034,https://www.eltiempo.com/bogota/cayo-senalado-feminicida-en-soacha-videos-captaron-a-hombre-sin-una-pierna-huyendo-809503,pool
p0035,https://www.eltiempo.com/bogota/car-sembrara-10-000-arboles-en-humedal-el-yulo-para-controlar-invasion-de-ganado-vacuno-786994,pool
