url,indicador,departamento,variante,rango,juzgado_previo
https://diariodelcauca.com.co/criminales-si-estarian-pidiendo-carnet-para-ingresar-a-bolivar-cauca/,conflicto_territorial,Cauca,V01,1,True
https://diariodelcauca.com.co/lideresa-edilsan-andrade-fue-asesinada-en-rosas-cauca/,conflicto_territorial,Cauca,V01,2,True
https://diariodelcauca.com.co/suspenden-plan-para-montar-base-naval-en-gorgona/,conflicto_territorial,Cauca,V01,3,True
https://diariodelcauca.com.co/grupos-armados-violentan-al-cauca/,conflicto_territorial,Cauca,V01,4,True
https://diariodelcauca.com.co/95882-2/,conflicto_territorial,Cauca,V01,5,True
https://diariodelcauca.com.co/el-cauca-suena-paz/,conflicto_territorial,Cauca,V01,6,True
https://diariodelcauca.com.co/conflicto-en-el-cauca/,conflicto_territorial,Cauca,V01,7,True
https://diariodelcauca.com.co/gobierno-nacional-promete-estabilizar-el-norte-caucano/,conflicto_territorial,Cauca,V01,8,True
https://diariodelcauca.com.co/buenaventura/,conflicto_territorial,Cauca,V01,9,True
https://diariodelcauca.com.co/esperamos-que-las-fuerzas-militares-copen-el-territorio/,conflicto_territorial,Cauca,V01,10,True
https://diariodelcauca.com.co/grupos-armados-violentan-al-cauca/,conflicto_territorial,Cauca,V08,1,True
https://diariodelcauca.com.co/el-cauca-suena-paz/,conflicto_territorial,Cauca,V08,2,True
https://diariodelcauca.com.co/buenaventura/,conflicto_territorial,Cauca,V08,3,True
https://diariodelcauca.com.co/cesar-en-agresiones-entre-criminales-es-clave-para-la-paz/,conflicto_territorial,Cauca,V08,4,True
https://diariodelcauca.com.co/un-muerto-en-guerra-de-pandillas-en-puerto-tejada-cauca/,conflicto_territorial,Cauca,V08,5,True
https://diariodelcauca.com.co/ataques-en-el-norte-del-cauca/,conflicto_territorial,Cauca,V08,6,False
https://diariodelcauca.com.co/violencia-extrema-con-granadas-obligan-a-800-familias-a-desplazarse-de-su-region/,conflicto_territorial,Cauca,V08,7,True
https://diariodelcauca.com.co/mininterior-afirma-no-dar-garantias-a-bandas-criminales/,conflicto_territorial,Cauca,V08,8,True
https://diariodelcauca.com.co/protestas-en-popayan-por-crisis-humanitaria/,conflicto_territorial,Cauca,V08,9,True
https://diariodelcauca.com.co/human-right-watch-revelo-escalofriante-cifra-de-asesinatos-de-lideres-sociales-en-colombia/,conflicto_territorial,Cauca,V08,10,True
https://choco7dias.com/riosucio-radican-demanda-a-favor-de-la-comunidad-del-rio-cacarica/,conflicto_territorial,Chocó,V01,1,True
https://choco7dias.com/cargos-al-gobernador-del-choco-por-presuntas-irregularidades-en-ayudas-humanitarias/,conflicto_territorial,Chocó,V01,2,True
https://choco7dias.com/ante-la-justicia-sera-presentado-el-caso-boca-de-chicao-en-choco/,conflicto_territorial,Chocó,V01,3,True
https://choco7dias.com/el-choco-esta-todo-incendiado-obispo-de-istmina/,conflicto_territorial,Chocó,V01,4,True
https://choco7dias.com/no-hay-estado-para-atender-migrantes-en-acandi/,conflicto_territorial,Chocó,V01,5,False
https://choco7dias.com/elecciones-amenazadas-voces-de-alcaldes-desplazados-de-sus-municipios/,conflicto_territorial,Chocó,V01,6,True
https://choco7dias.com/la-disputa-de-tierras-entre-indigenas-y-afro-en-el-dieciocho-que-amenaza-con-agravarse/,conflicto_territorial,Chocó,V01,7,True
https://choco7dias.com/se-realizo-en-quibdo-encuentro-nacional-de-coordinadores-de-mesas-de-victimas/,conflicto_territorial,Chocó,V01,8,True
https://choco7dias.com/habitantes-del-pueblo-de-la-memoria-historica-suenan-con-la-titulacion-de-sus-tierras/,conflicto_territorial,Chocó,V01,9,True
https://choco7dias.com/mas-de-28-000-desplazados-o-confinados-en-el-san-juan-en-2023/,conflicto_territorial,Chocó,V01,10,True
https://choco7dias.com/mas-de-28-000-desplazados-o-confinados-en-el-san-juan-en-2023/,conflicto_territorial,Chocó,V08,1,True
https://choco7dias.com/onu-cultivos-de-hoja-de-coca-en-choco-aumentaron-un-976-en-2022/,conflicto_territorial,Chocó,V08,2,True
https://choco7dias.com/desplazados-de-jurado-y-carmen-de-atrato-en-medellin/,conflicto_territorial,Chocó,V08,3,True
https://choco7dias.com/gobernador-del-choco-no-hemos-tenido-respuesta-del-gobierno/,conflicto_territorial,Chocó,V08,4,True
https://choco7dias.com/desde-hace-dos-anos-comunidades-del-san-juan-padecen-guerra-entre-eln-y-agc/,conflicto_territorial,Chocó,V08,5,True
https://choco7dias.com/paro-armado-del-eln-impide-ayudas-humanitarias-en-novita/,conflicto_territorial,Chocó,V08,6,True
https://choco7dias.com/defensoria-del-pueblo-le-solicita-al-eln-levantar-paro-armado-en-choco/,conflicto_territorial,Chocó,V08,7,True
https://choco7dias.com/asi-fue-la-caravana-del-gobierno-y-eln-para-oir-el-drama-de-guerra-en-el-pacifico/,conflicto_territorial,Chocó,V08,8,True
https://choco7dias.com/onu-llama-al-gobierno-a-que-se-atienda-la-crisis-humanitaria-en-el-choco/,conflicto_territorial,Chocó,V08,9,True
https://choco7dias.com/todas-las-facciones-de-las-agc-estan-con-el-cese-al-fuego-padre-albeiro-parra/,conflicto_territorial,Chocó,V08,10,False
https://www.eltiempo.com/bogota/debate-regional-candidatos-a-la-alcaldia-de-bogota-y-gobernacion-destapan-sus-cartas-813401,conflicto_territorial,Cundinamarca,V01,1,True
https://www.eltiempo.com/opinion/columnistas/german-umana-mendoza/columna-de-german-umana-transicion-economica-basada-en-el-turismo-761855,conflicto_territorial,Cundinamarca,V01,2,True
https://www.eltiempo.com/bogota/reserva-van-der-hammen-car-avala-que-avenida-boyaca-pase-por-reserva-760542,conflicto_territorial,Cundinamarca,V01,3,True
https://www.eltiempo.com/bogota/bogota-empalme-entre-galan-y-el-nuevo-gobernador-de-cundinamarca-jorge-rey-825643,conflicto_territorial,Cundinamarca,V01,4,True
https://www.eltiempo.com/bogota/cundinamarca-lo-que-esta-en-juego-en-la-pelea-por-la-alcaldia-de-chia-800491,conflicto_territorial,Cundinamarca,V01,5,True
https://www.eltiempo.com/bogota/autoridades-iniciaron-la-toma-oficial-de-sumapaz-ante-presencia-de-disidencias-767738,conflicto_territorial,Cundinamarca,V01,6,True
https://www.eltiempo.com/opinion/editorial/apostar-por-la-region-editorial-el-tiempo-835278,conflicto_territorial,Cundinamarca,V01,7,False
https://www.portafolio.co/economia/regiones/imagenes-del-momento-de-la-explosion-del-atentado-al-peaje-boqueron-en-la-via-al-llano-593902,conflicto_territorial,Cundinamarca,V01,8,True
https://www.eltiempo.com/bogota/opinion-bogota-tan-cerca-y-tan-lejos-de-cundinamarca-opinion-de-omar-orostegui-811526,conflicto_territorial,Cundinamarca,V01,9,True
https://www.eltiempo.com/bogota/cundinamarca-municipios-mas-afectados-con-la-actualizacion-catastral-754882,conflicto_territorial,Cundinamarca,V01,10,False
https://www.eltiempo.com/colombia/otras-ciudades/gobernador-de-sucre-dice-que-hay-que-volver-a-fumigacion-de-cultivos-de-coca-777962,conflicto_territorial,Cundinamarca,V08,1,True
https://www.eltiempo.com/justicia/conflicto-y-narcotrafico/disidencias-se-disputan-el-control-del-canon-sobre-el-rio-duda-768677,conflicto_territorial,Cundinamarca,V08,2,True
https://diariodelcauca.com.co/buenaventura/,desplazamiento_forzado,Cauca,V01,1,True
https://diariodelcauca.com.co/el-gobernador-no-aparece-por-ningun-lado-con-las-victimas/,desplazamiento_forzado,Cauca,V01,2,True
https://diariodelcauca.com.co/violencia-extrema-con-granadas-obligan-a-800-familias-a-desplazarse-de-su-region/,desplazamiento_forzado,Cauca,V01,3,True
https://diariodelcauca.com.co/viajando/,desplazamiento_forzado,Cauca,V01,4,True
https://diariodelcauca.com.co/paradoja-en-el-canon-del-micay-con-cultivos-cocaleros/,desplazamiento_forzado,Cauca,V01,5,True
https://diariodelcauca.com.co/protestas-en-popayan-por-crisis-humanitaria/,desplazamiento_forzado,Cauca,V01,6,True
https://diariodelcauca.com.co/ojo-con-la-juventudy-la-educacion/,desplazamiento_forzado,Cauca,V01,7,False
https://diariodelcauca.com.co/el-cauca-suena-paz/,desplazamiento_forzado,Cauca,V01,8,True
https://diariodelcauca.com.co/revictimizados-por-los-enfrentamientos-entre-el-ejercito-y-la-guerrilla/,desplazamiento_forzado,Cauca,V01,9,False
https://diariodelcauca.com.co/criminales-habrian-inaugurado-un-pavimento-en-rosario-narino/,desplazamiento_forzado,Cauca,V01,10,True
https://diariodelcauca.com.co/buenaventura/,desplazamiento_forzado,Cauca,V08,1,True
https://diariodelcauca.com.co/el-gobernador-no-aparece-por-ningun-lado-con-las-victimas/,desplazamiento_forzado,Cauca,V08,2,True
https://diariodelcauca.com.co/violencia-extrema-con-granadas-obligan-a-800-familias-a-desplazarse-de-su-region/,desplazamiento_forzado,Cauca,V08,3,True
https://diariodelcauca.com.co/viajando/,desplazamiento_forzado,Cauca,V08,4,True
https://diariodelcauca.com.co/el-cauca-suena-paz/,desplazamiento_forzado,Cauca,V08,5,True
https://diariodelcauca.com.co/falencias-en-albergue-para-desplazados/,desplazamiento_forzado,Cauca,V08,6,False
https://diariodelcauca.com.co/se-pueden-sanar-heridas-de-la-violencia-y-el-desplazamiento/,desplazamiento_forzado,Cauca,V08,7,False
https://diariodelcauca.com.co/victimas-del-conflicto-2/,desplazamiento_forzado,Cauca,V08,8,False
https://diariodelcauca.com.co/human-right-watch-revelo-escalofriante-cifra-de-asesinatos-de-lideres-sociales-en-colombia/,desplazamiento_forzado,Cauca,V08,9,True
https://diariodelcauca.com.co/pot/,desplazamiento_forzado,Cauca,V08,10,False
https://choco7dias.com/quibdo-es-el-municipio-con-mas-desplazados-en-medellin/,desplazamiento_forzado,Chocó,V01,1,True
https://choco7dias.com/riosucio-radican-demanda-a-favor-de-la-comunidad-del-rio-cacarica/,desplazamiento_forzado,Chocó,V01,2,True
https://choco7dias.com/procuraduria-grupo-especial-en-el-choco-por-crisis-humanitaria/,desplazamiento_forzado,Chocó,V01,3,False
https://choco7dias.com/no-hay-estado-para-atender-migrantes-en-acandi/,desplazamiento_forzado,Chocó,V01,4,False
https://choco7dias.com/choco-reclutamiento-forzado-desercion-escolar-y-desabastecimiento/,desplazamiento_forzado,Chocó,V01,5,True
https://choco7dias.com/elecciones-amenazadas-voces-de-alcaldes-desplazados-de-sus-municipios/,desplazamiento_forzado,Chocó,V01,6,True
https://choco7dias.com/choco-65-eventos-de-confinamiento-en-2022/,desplazamiento_forzado,Chocó,V01,7,True
https://choco7dias.com/mas-de-28-000-desplazados-o-confinados-en-el-san-juan-en-2023/,desplazamiento_forzado,Chocó,V01,8,True
https://choco7dias.com/para-donde-va-el-choco/,desplazamiento_forzado,Chocó,V01,9,False
https://choco7dias.com/ante-la-justicia-sera-presentado-el-caso-boca-de-chicao-en-choco/,desplazamiento_forzado,Chocó,V01,10,True
https://choco7dias.com/quibdo-es-el-municipio-con-mas-desplazados-en-medellin/,desplazamiento_forzado,Chocó,V08,1,True
https://choco7dias.com/riosucio-radican-demanda-a-favor-de-la-comunidad-del-rio-cacarica/,desplazamiento_forzado,Chocó,V08,2,True
https://choco7dias.com/procuraduria-grupo-especial-en-el-choco-por-crisis-humanitaria/,desplazamiento_forzado,Chocó,V08,3,False
https://choco7dias.com/choco-reclutamiento-forzado-desercion-escolar-y-desabastecimiento/,desplazamiento_forzado,Chocó,V08,4,True
https://choco7dias.com/elecciones-amenazadas-voces-de-alcaldes-desplazados-de-sus-municipios/,desplazamiento_forzado,Chocó,V08,5,True
https://choco7dias.com/choco-65-eventos-de-confinamiento-en-2022/,desplazamiento_forzado,Chocó,V08,6,True
https://choco7dias.com/mas-de-28-000-desplazados-o-confinados-en-el-san-juan-en-2023/,desplazamiento_forzado,Chocó,V08,7,True
https://choco7dias.com/ante-la-justicia-sera-presentado-el-caso-boca-de-chicao-en-choco/,desplazamiento_forzado,Chocó,V08,8,True
https://choco7dias.com/elizabeth-moreno-recibio-en-suiza-el-premio-nansen-de-refugiados/,desplazamiento_forzado,Chocó,V08,9,False
https://choco7dias.com/desplazados-de-jurado-y-carmen-de-atrato-en-medellin/,desplazamiento_forzado,Chocó,V08,10,True
https://www.eltiempo.com/opinion/columnistas/nancy-patricia-gutierrez/columna-de-nancy-patricia-gutierrez-la-tortura-de-fin-de-ano-732243,desplazamiento_forzado,Cundinamarca,V01,1,False
https://www.eltiempo.com/bogota/bogota-como-le-fue-en-2022-732001,desplazamiento_forzado,Cundinamarca,V01,2,True
https://www.eltiempo.com/bogota/farc-en-el-sumapaz-asi-es-el-plan-del-ejercito-para-enfrentarse-768185,desplazamiento_forzado,Cundinamarca,V01,3,True
https://www.eltiempo.com/vida/ciencia/por-que-ocurren-frecuentes-deslizamientos-de-tierra-en-colombia-789577,desplazamiento_forzado,Cundinamarca,V01,4,False
https://www.eltiempo.com/bogota/cayo-senalado-feminicida-en-soacha-videos-captaron-a-hombre-sin-una-pierna-huyendo-809503,desplazamiento_forzado,Cundinamarca,V01,5,False
https://www.eltiempo.com/bogota/cundinamarca-cuales-son-los-municipios-con-mas-problemas-de-seguridad-808869,desplazamiento_forzado,Cundinamarca,V01,6,True
https://www.eltiempo.com/justicia/investigacion/viva-air-sindicato-de-trabajadores-pide-a-tribunal-proteger-sus-derechos-745877,desplazamiento_forzado,Cundinamarca,V01,7,False
https://www.eltiempo.com/bogota/cundinamarca-a-que-se-comprometio-la-gobernacion-con-guayabetal-799249,desplazamiento_forzado,Cundinamarca,V01,8,False
https://www.eltiempo.com/bogota/accidente-bus-la-vega-bogota-sobreviviente-revela-detalles-de-la-tragedia-en-la-via-820531,desplazamiento_forzado,Cundinamarca,V01,9,False
https://www.eltiempo.com/bogota/quetame-nuevo-reporte-indica-que-hay-21-muertos-y-8-desaparecidos-788350,desplazamiento_forzado,Cundinamarca,V01,10,False
https://www.eltiempo.com/opinion/columnistas/nancy-patricia-gutierrez/columna-de-nancy-patricia-gutierrez-la-tortura-de-fin-de-ano-732243,desplazamiento_forzado,Cundinamarca,V08,1,False
https://www.eltiempo.com/vida/ciencia/por-que-ocurren-frecuentes-deslizamientos-de-tierra-en-colombia-789577,desplazamiento_forzado,Cundinamarca,V08,2,False
https://www.eltiempo.com/bogota/cayo-senalado-feminicida-en-soacha-videos-captaron-a-hombre-sin-una-pierna-huyendo-809503,desplazamiento_forzado,Cundinamarca,V08,3,False
https://www.eltiempo.com/bogota/cundinamarca-a-que-se-comprometio-la-gobernacion-con-guayabetal-799249,desplazamiento_forzado,Cundinamarca,V08,4,False
https://www.eltiempo.com/bogota/accidente-bus-la-vega-bogota-sobreviviente-revela-detalles-de-la-tragedia-en-la-via-820531,desplazamiento_forzado,Cundinamarca,V08,5,False
https://www.eltiempo.com/bogota/claudia-lopez-condena-atentado-al-peaje-boqueron-colombia-retrocede-al-terrorismo-834266,desplazamiento_forzado,Cundinamarca,V08,6,False
https://www.eltiempo.com/justicia/investigacion/quien-es-pedro-contecha-contratista-que-presta-su-avion-al-mintransporte-761535,desplazamiento_forzado,Cundinamarca,V08,7,False
https://www.eltiempo.com/bogota/car-sembrara-10-000-arboles-en-humedal-el-yulo-para-controlar-invasion-de-ganado-vacuno-786994,desplazamiento_forzado,Cundinamarca,V08,8,False
https://www.eltiempo.com/bogota/ejercito-desarticulo-banda-criminal-que-delinquia-entre-el-meta-y-cundinamarca-789983,desplazamiento_forzado,Cundinamarca,V08,9,False
https://www.eltiempo.com/bogota/claro-colombia-llevo-internet-a-10-colegios-de-bogota-y-cundinamarca-767186,desplazamiento_forzado,Cundinamarca,V08,10,False
