indicador,id,departamento,idx_corpus,score,titulo
conflicto_territorial,V2,Amazonas,1451,0.9887258250810892,'En cualquier escenario de diálogo debe haber un cese del fuego': Estado Mayor Central
conflicto_territorial,V2,Antioquia,70,0.9959665171190182,Nueva asonada en Antioquia: comunidad sacó a 80 militares de Briceño
conflicto_territorial,V2,Arauca,1852,0.9955081914879352,Gobernador rechaza ataque de francotirador contra militar en Saravena
conflicto_territorial,V2,Atlántico,2012,0.9906997103717112,De la guerra en Gaza a Macondo en Carnaval: Aterrizó Samaher Ali Zaiyd en Barranquilla
conflicto_territorial,V2,Bolívar,3135,0.976451007980774,¡Atención! Bloqueos en carretera Troncal de Occidente
conflicto_territorial,V2,Boyacá,3542,0.9895077056665896,Avanza la Zona de Reserva Campesina del Paraíso Escondido de Boyacá – Togüí
conflicto_territorial,V2,Caldas,3688,0.9520224073097334,Conozca los mitos que se tienen sobre la conformación del Área Metropolitana Centro Sur
conflicto_territorial,V2,Caquetá,4058,0.9982919334731368,Procuraduría pide especial atención por violencia y crímenes en 10 departamentos
conflicto_territorial,V2,Casanare,631,0.9810280057324832,Así va la pelea que desde hace más de dos décadas libran los indígenas u’was
conflicto_territorial,V2,Cauca,4223,0.995646115168003,Criminales sí estarían pidiendo carnet para ingresar a Bolívar Cauca
conflicto_territorial,V2,Cesar,5614,0.9955161729752848,El jefe del Pentágono habló sobre la contraofensiva de Ucrania y una posible estrategia para romper las líneas rusas
conflicto_territorial,V2,Chocó,759,0.9840722631093056,Riosucio: radican demanda a favor de la comunidad del Río Cacarica
conflicto_territorial,V2,Cundinamarca,6882,0.9958617868953846,En vivo debate regional: candidatos a la alcaldía y gobernación destapan sus cartas
conflicto_territorial,V2,Córdoba,6520,0.9968731977694476,Preocupación en el sur de Córdoba por avance de grupos armados ilegales
conflicto_territorial,V2,Guainía,805,0.7019568298414836,¿Cómo funcionará el mecanismo de verificación en cese del fuego con el Eln?
conflicto_territorial,V2,Guaviare,7242,0.9827525183650349,Culminó Primer Encuentro Cívico por la Paz en San José del Guaviare – Marandua Stereo 100.7 FM Noticias del Guaviare
conflicto_territorial,V2,Huila,846,0.993090033961828,Las Farc asesinan a niña de cuatro años
conflicto_territorial,V2,La Guajira,902,0.9471604590559706,El año pasado la “violencia política” le costó la vida a 108 indígenas
conflicto_territorial,V2,Magdalena,8827,0.9970384594724092,¿Se está recrudeciendo la violencia en Antioquia? esto dicen los expertos
conflicto_territorial,V2,Meta,9030,0.995524006150478,Asesinan a firmante de paz en Mesetas
conflicto_territorial,V2,Nariño,10243,0.9915417738823434,'El Estado no puede perder el control de los territorios': Humberto de la Calle
conflicto_territorial,V2,Norte de Santander,919,0.922032317207302,Inadecuada implementación del Acuerdo de Paz disparó la deforestación
conflicto_territorial,V2,Putumayo,986,0.9788809296475351,Encuentran siete cuerpos en descomposición tras combates entre disidencias de las Farc
conflicto_territorial,V2,Quindío,10429,0.9932032110016076,¿Hay riesgo electoral en el Quindío para las votaciones territoriales de octubre?
conflicto_territorial,V2,Risaralda,10874,0.924951108097748,Sepultadas definitivamente pretensiones de nulidad contra director de la CARDER
conflicto_territorial,V2,San Andrés y Providencia,10940,0.9935612147628294,Las 12 razones para inaplicar el fallo del 2012 de la Haya contra Colombia según Uribe
conflicto_territorial,V2,Santander,11123,0.9888678358386578,'Se debe corregir el rumbo': hijo de Petro sobre paz con Eln y disidencias de las Farc
conflicto_territorial,V2,Sucre,11195,0.8341931038819727,"""Francia es así, no voy a dejar de ser lo que soy"": así respondió la vicepresidente a la pregunta si es brava o resentida"
conflicto_territorial,V2,Tolima,1240,0.9836519788439146,El horror del conflicto en Tolima que comienza a develar caso de la JEP
conflicto_territorial,V2,Valle del Cauca,11262,0.9933049221448856,Calima – El Darién está en peligro
conflicto_territorial,V2,Vaupés,11362,0.9828239399209284,Reportan casi 70 intentos de suicidio en departamento de Vaupés
conflicto_territorial,V2,Vichada,11399,0.7454908800435451,Avanza legalización de tierras en Vichada: Más de 100 nuevos títulos en lo corrido de 2023
conflicto_territorial,JEFE,Amazonas,1453,0.9967275528029998,Nuevo libro celebra los 25 años del proceso de paz de Irlanda del Norte
conflicto_territorial,JEFE,Antioquia,70,0.99635696883136,Nueva asonada en Antioquia: comunidad sacó a 80 militares de Briceño
conflicto_territorial,JEFE,Arauca,1852,0.9952402735135096,Gobernador rechaza ataque de francotirador contra militar en Saravena
conflicto_territorial,JEFE,Atlántico,2060,0.997080666449068,Primer encuentro entre gobernadores actuales y electos se llevará a cabo en Santa Marta
conflicto_territorial,JEFE,Bolívar,3053,0.9936861653068262,“En el campo está la vida de la sociedad”: campesinos de los Montes de María
conflicto_territorial,JEFE,Boyacá,3542,0.9941467110723808,Avanza la Zona de Reserva Campesina del Paraíso Escondido de Boyacá – Togüí
conflicto_territorial,JEFE,Caldas,3683,0.9927214133940828,Con La Dorada y Victoria empezaron los Planes de Ordenamiento Social de la Propiedad Rural
conflicto_territorial,JEFE,Caquetá,4057,0.9971245507240616,Las recomendaciones al Gobierno para afrontar problemas de inseguridad en Colombia
conflicto_territorial,JEFE,Casanare,633,0.9868171191790612,Gerente de empresa de Acueducto impidió ingreso de periodista a rueda de prensa
conflicto_territorial,JEFE,Cauca,4223,0.99691892079147,Criminales sí estarían pidiendo carnet para ingresar a Bolívar Cauca
conflicto_territorial,JEFE,Cesar,5446,0.9967706101453984,‘Para arreglar la seguridad en Bogotá se requiere voluntad': Rodrigo Lara
conflicto_territorial,JEFE,Chocó,759,0.9843440666261064,Riosucio: radican demanda a favor de la comunidad del Río Cacarica
conflicto_territorial,JEFE,Cundinamarca,7062,0.9969320619450414,Empieza la toma oficial de la región del Sumapaz
conflicto_territorial,JEFE,Córdoba,6520,0.9964315236562468,Preocupación en el sur de Córdoba por avance de grupos armados ilegales
conflicto_territorial,JEFE,Guainía,805,0.9758334263043636,¿Cómo funcionará el mecanismo de verificación en cese del fuego con el Eln?
conflicto_territorial,JEFE,Guaviare,7243,0.996852911790024,Definen las 8 zonas para avanzar en los diálogos de la ‘paz total’; aún falta la fecha para el comienzo de las conversaciones
conflicto_territorial,JEFE,Huila,846,0.9963966200406976,Las Farc asesinan a niña de cuatro años
conflicto_territorial,JEFE,La Guajira,898,0.9489099352362256,Comunidades wayús en La Guajira sufren por la escasez de agua a pesar de decisiones judiciales
conflicto_territorial,JEFE,Magdalena,8827,0.9973907615612028,¿Se está recrudeciendo la violencia en Antioquia? esto dicen los expertos
conflicto_territorial,JEFE,Meta,9030,0.9956593568088822,Asesinan a firmante de paz en Mesetas
conflicto_territorial,JEFE,Nariño,9828,0.9971546795820672,Ecuador: cayó megalaboratorio para procesar coca por información de Policía de Colombia
conflicto_territorial,JEFE,Norte de Santander,930,0.9916559272337762,«Debe establecerse una férrea unidad entre la sociedad civil y la Fuerza Pública» – Corrillos
conflicto_territorial,JEFE,Putumayo,955,0.9956833990420398,"Cuiracuas, los indígenas siona que usan la cartografía para cuidar su territorio"
conflicto_territorial,JEFE,Quindío,10429,0.99784254938839,¿Hay riesgo electoral en el Quindío para las votaciones territoriales de octubre?
conflicto_territorial,JEFE,Risaralda,10796,0.9979055640174784,"'La Firma', el hombre que salió del Ejército y delinquía entre Valle y Risaralda"
conflicto_territorial,JEFE,San Andrés y Providencia,10940,0.9964720439116148,Las 12 razones para inaplicar el fallo del 2012 de la Haya contra Colombia según Uribe
conflicto_territorial,JEFE,Santander,11123,0.993206096705148,'Se debe corregir el rumbo': hijo de Petro sobre paz con Eln y disidencias de las Farc
conflicto_territorial,JEFE,Sucre,11206,0.9938534493510898,JEP concedió libertad condicional al exgobernador de Sucre Salvador Arana
conflicto_territorial,JEFE,Tolima,1240,0.9964635093050306,El horror del conflicto en Tolima que comienza a develar caso de la JEP
conflicto_territorial,JEFE,Valle del Cauca,11262,0.9939763922487465,Calima – El Darién está en peligro
conflicto_territorial,JEFE,Vaupés,11371,0.993969269281362,¿Caos en los bonos de carbono forestales? II
conflicto_territorial,JEFE,Vichada,11400,0.9092887938772888,Habitantes de Casuarito advierten un paro en la inspección. Dicen que hay compromisos incumplidos
resistencia_territorial,V2,Amazonas,1393,0.8108114829448908,Así avanza la lucha trasnacional contra la deforestación de la selva amazónica
resistencia_territorial,V2,Antioquia,398,0.8733280955937226,La tranquilidad volvió a Nariño y sus termales curativos esperan por los turistas en Semana Santa
resistencia_territorial,V2,Arauca,1897,0.8107968879539422,1.145 familias requieren asistencia humanitaria inmediata en el departamento de Arauca: Defensoría del Pueblo
resistencia_territorial,V2,Atlántico,2421,0.8766657697315492,Magdalena lidera ranking de bloqueos de vías en Colombia durante el 2023
resistencia_territorial,V2,Bolívar,3116,0.7662999156435031,Video: Liberan a los 3 campesinos secuestrados al salir del sur de Bolívar
resistencia_territorial,V2,Boyacá,3477,0.9661631560918088,Historias de nueve comunidades que cuidan el agua en la Región Central
resistencia_territorial,V2,Caldas,3961,0.759972801938006,Emergencia en Salamina por represamiento de río
resistencia_territorial,V2,Caquetá,4188,0.7418238904811882,Protesta en base petrolera de Caquetá deja un policía y un campesino muertos
resistencia_territorial,V2,Casanare,519,0.95498136801087,"‘La producción de petróleo genera impactos, por eso la comunidad debe estar informada’"
resistencia_territorial,V2,Cauca,4726,0.989684282536606,Dos muertos en el conflicto de tierras del norte del Cauca
resistencia_territorial,V2,Cesar,5486,0.9180012326455522,Obispos del Valle del Cauca piden cesar hostigamientos y atentados en sus comunidades
resistencia_territorial,V2,Chocó,677,0.8145358790572316,Habitantes del Pueblo de la Memoria Histórica sueñan con la titulación de sus tierras
resistencia_territorial,V2,Cundinamarca,6908,0.7625821596820465,"Minambiente frena obras en El Zuque, en Bogotá: nuevo rifirrafe Gobierno - Distrito"
resistencia_territorial,V2,Córdoba,5982,0.9677197589112784,Cordobés pierde las piernas en presunto campo minado en Caucasia
resistencia_territorial,V2,Guainía,803,0.0,A los que sí y a los que no les afectaría el proyecto del impuesto predial
resistencia_territorial,V2,Guaviare,7420,0.9749719355333788,Alcalde del Retorno hace un llamado para la descentralización del Gobierno Nacional – Marandua Stereo 100.7 FM Noticias del Guaviare
resistencia_territorial,V2,Huila,831,0.8293386143432206,Bloqueos
resistencia_territorial,V2,La Guajira,903,0.1776908590916988,Comunidades wiwa en La Guajira tendrán reparación colectiva como víctimas del conflicto
resistencia_territorial,V2,Magdalena,8641,0.9920078198332436,'Clan del Golfo' inunda de grafitis a Fundación y Zona Bananera
resistencia_territorial,V2,Meta,9222,0.9453137356579462,Pacto Histórico adhiere a la campaña Harold Gobernador
resistencia_territorial,V2,Nariño,10012,0.7826485302717651,"Anuncian fin de decreto de amenaza volcánica alta en La Florida, Nariño y Pasto"
resistencia_territorial,V2,Norte de Santander,940,0.7898174973325816,Doce organizaciones adhirieron al paro indefinido declarado por los parameros – Corrillos
resistencia_territorial,V2,Putumayo,1066,0.9167090049425204,Estallido social en Los Pozos: expresión de años de reclamos desatendidos
resistencia_territorial,V2,Quindío,10500,0.853107912736245,"Con la oposición de la Academia de Historia, Asamblea avanza en el cambio del escudo del Quindío"
resistencia_territorial,V2,Risaralda,10664,0.944810971565348,Matan a jaguar en Caquetá; es el segundo caso en el país en menos de un mes
resistencia_territorial,V2,San Andrés y Providencia,10953,0.5623142699269694,¿Por qué el fallo de La Haya es una victoria clave para Colombia?
resistencia_territorial,V2,Santander,11117,0.7678137303071528,“Ambientalistas de Santander están en contravía del Plan de Desarrollo de Petro”: alcalde de Vetas – Corrillos
resistencia_territorial,V2,Sucre,11199,0.5562347416115443,Alcalde de la Unión Sucre le incumplió a los campesinos
resistencia_territorial,V2,Tolima,1337,0.928403018504358,Hay más de 160 conflictos ambientales por megaproyectos en Colombia: informe
resistencia_territorial,V2,Valle del Cauca,11262,0.9062928770358109,Calima – El Darién está en peligro
resistencia_territorial,V2,Vaupés,11376,0.52797498343031,La fractura cultural indígena
resistencia_territorial,V2,Vichada,11427,0.7702758456095886,Incendio en el centro de Puerto Carreño generó angustia en la ciudadanía
resistencia_territorial,JEFE,Amazonas,1453,0.9960717257161394,Nuevo libro celebra los 25 años del proceso de paz de Irlanda del Norte
resistencia_territorial,JEFE,Antioquia,198,0.9963509831978984,Disidencias de las Farc impusieron “manual de convivencia” en 14 municipios de Antioquia
resistencia_territorial,JEFE,Arauca,1861,0.9966901312937072,Los araucanos caminarán juntos en la Gran Movilización por la Paz
resistencia_territorial,JEFE,Atlántico,2881,0.9974250225818296,"Juez de Barranquilla ordenó la libertad de Enilce López, alias La Gata"
resistencia_territorial,JEFE,Bolívar,3053,0.9932420927417296,“En el campo está la vida de la sociedad”: campesinos de los Montes de María
resistencia_territorial,JEFE,Boyacá,3390,0.996585820211934,Morris se le metió a la sede de Rodrigo Rojas y provocó escándalo
resistencia_territorial,JEFE,Caldas,3683,0.9949587524767164,Con La Dorada y Victoria empezaron los Planes de Ordenamiento Social de la Propiedad Rural
resistencia_territorial,JEFE,Caquetá,4131,0.9956668341380752,Colombia es el cuarto país del mundo con más desplazados por el conflicto armado
resistencia_territorial,JEFE,Casanare,641,0.9890115618557412,Problemas en el territorio / Análisis de Ricardo Ávila
resistencia_territorial,JEFE,Cauca,4223,0.9963013810029174,Criminales sí estarían pidiendo carnet para ingresar a Bolívar Cauca
resistencia_territorial,JEFE,Cesar,5072,0.9976732468361228,Fundación Baylor Colombia: 10 años transformando vidas en Colombia
resistencia_territorial,JEFE,Chocó,707,0.9957982290212009,Las batallas cívicas en un centro civilizado: elecciones en el Chocó a principios del siglo XX
resistencia_territorial,JEFE,Cundinamarca,7081,0.9963510873487734,El efecto del aval de la CAR para sustraer franja de reserva Van der Hammen
resistencia_territorial,JEFE,Córdoba,6643,0.998535403358726,Unidad de Restitución de Tierras y academia se articulan para fortalecer sus procesos en Córdoba
resistencia_territorial,JEFE,Guainía,803,0.980833143106276,A los que sí y a los que no les afectaría el proyecto del impuesto predial
resistencia_territorial,JEFE,Guaviare,7269,0.9950719524838972,"Derechos Humanos y pueblos indígenas, temas tratados entre ONU y Defensoría – Marandua Stereo 100.7 FM Noticias del Guaviare"
resistencia_territorial,JEFE,Huila,846,0.9957699995091362,Las Farc asesinan a niña de cuatro años
resistencia_territorial,JEFE,La Guajira,898,0.9481052374172452,Comunidades wayús en La Guajira sufren por la escasez de agua a pesar de decisiones judiciales
resistencia_territorial,JEFE,Magdalena,8796,0.9985198068747928,En video: Así fue el accidente de tránsito en el que murió líder campesino de San Javier
resistencia_territorial,JEFE,Meta,9037,0.9951379536938396,Defensor del Pueblo solicita datos sobre secuestrados en varios departamentos
resistencia_territorial,JEFE,Nariño,9828,0.9976182618669176,Ecuador: cayó megalaboratorio para procesar coca por información de Policía de Colombia
resistencia_territorial,JEFE,Norte de Santander,927,0.9965254599280206,“Negar reclutamiento de menores en el ELN es negar una realidad evidente”: Defensor del Pueblo – Corrillos
resistencia_territorial,JEFE,Putumayo,955,0.9949761509021664,"Cuiracuas, los indígenas siona que usan la cartografía para cuidar su territorio"
resistencia_territorial,JEFE,Quindío,10429,0.998022542464327,¿Hay riesgo electoral en el Quindío para las votaciones territoriales de octubre?
resistencia_territorial,JEFE,Risaralda,10662,0.9959407466161968,El Eje Cafetero es la región de Colombia que presenta más migrantes
resistencia_territorial,JEFE,San Andrés y Providencia,10959,0.9945850908270422,"«Colombia debe rechazar el fallo. No debe aceptarlo, ni aclararlo, ni cumplirlo”: Juan Roberto Serrano, perito internacional sobre fallo de La Haya"
resistencia_territorial,JEFE,Santander,11138,0.9953000807706224,Lugares para resignificar y ponerle fin a la indiferencia – Corrillos
resistencia_territorial,JEFE,Sucre,11206,0.996394142698832,JEP concedió libertad condicional al exgobernador de Sucre Salvador Arana
resistencia_territorial,JEFE,Tolima,1240,0.9962887577015856,El horror del conflicto en Tolima que comienza a develar caso de la JEP
resistencia_territorial,JEFE,Valle del Cauca,11262,0.9936668154292144,Calima – El Darién está en peligro
resistencia_territorial,JEFE,Vaupés,11357,0.9878439822872856,CNE ha anulado inscripción de casi un millón de cédulas para votar: ¿está la suya?
resistencia_territorial,JEFE,Vichada,11420,0.9897081568506592,"Durante 2022, nueve niños menores de 5 años murieron por desnutrición en Vichada"
conflicto_territorial,C20,Amazonas,1453,0.9952607936186456,Nuevo libro celebra los 25 años del proceso de paz de Irlanda del Norte
conflicto_territorial,C20,Antioquia,492,0.9916116368442924,Posible nueva ola de migrantes preocupa a las autoridades en Antioquia
conflicto_territorial,C20,Arauca,1852,0.9916971260777384,Gobernador rechaza ataque de francotirador contra militar en Saravena
conflicto_territorial,C20,Atlántico,2912,0.9910783699708032,El misterio de los 'globos espía' de China: ¿una tormenta en un vaso de agua?
conflicto_territorial,C20,Bolívar,3135,0.9713592321775634,¡Atención! Bloqueos en carretera Troncal de Occidente
conflicto_territorial,C20,Boyacá,3553,0.9628963524706252,Corpoboyacá cerró otras 7 bocaminas en zona del páramo de Pisba
conflicto_territorial,C20,Caldas,3669,0.9711194859108124,Capturaron a cuatro personas por fabricar y comercializar fármacos adulterados en Manizales
conflicto_territorial,C20,Caquetá,3986,0.994188542603481,Los 10 miembros del Estado Mayor Central con los que el Gobierno inició diálogos de paz
conflicto_territorial,C20,Casanare,631,0.980341525459988,Así va la pelea que desde hace más de dos décadas libran los indígenas u’was
conflicto_territorial,C20,Cauca,4705,0.994444097759668,Suspenden plan para montar base naval en Gorgona
conflicto_territorial,C20,Cesar,5614,0.9973165764907704,El jefe del Pentágono habló sobre la contraofensiva de Ucrania y una posible estrategia para romper las líneas rusas
conflicto_territorial,C20,Chocó,751,0.9790300509004216,"Ante la justicia será presentado el caso Boca de Chicao, en Chocó"
conflicto_territorial,C20,Cundinamarca,7081,0.992286846264288,El efecto del aval de la CAR para sustraer franja de reserva Van der Hammen
conflicto_territorial,C20,Córdoba,6185,0.9895022788344728,Sicarios le quitan la vida a hombre en Cereté
conflicto_territorial,C20,Guainía,805,0.3223763129351254,¿Cómo funcionará el mecanismo de verificación en cese del fuego con el Eln?
conflicto_territorial,C20,Guaviare,7242,0.9900014914349236,Culminó Primer Encuentro Cívico por la Paz en San José del Guaviare – Marandua Stereo 100.7 FM Noticias del Guaviare
conflicto_territorial,C20,Huila,846,0.9917535822921087,Las Farc asesinan a niña de cuatro años
conflicto_territorial,C20,La Guajira,902,0.8216768862078758,El año pasado la “violencia política” le costó la vida a 108 indígenas
conflicto_territorial,C20,Magdalena,7562,0.9971517078402192,Samario fue asesinado en Palomino
conflicto_territorial,C20,Meta,9030,0.9940152108629298,Asesinan a firmante de paz en Mesetas
conflicto_territorial,C20,Nariño,9828,0.9976700696132914,Ecuador: cayó megalaboratorio para procesar coca por información de Policía de Colombia
conflicto_territorial,C20,Norte de Santander,913,0.974752339849826,Invasiones y ataques sostenidos en el Cauca ¿quién responde? – Corrillos
conflicto_territorial,C20,Putumayo,986,0.9802594629217104,Encuentran siete cuerpos en descomposición tras combates entre disidencias de las Farc
conflicto_territorial,C20,Quindío,10416,0.959698169890844,Mafias se dividen el Quindío para vender ‘drogas’
conflicto_territorial,C20,Risaralda,10750,0.9892898183206806,Reportero de EL TIEMPO y otros periodistas quedaron en medio de un hostigamiento
conflicto_territorial,C20,San Andrés y Providencia,10949,0.9740760227587328,¿Y qué hacer ahora con la victoria?
conflicto_territorial,C20,Santander,11123,0.992954137421637,'Se debe corregir el rumbo': hijo de Petro sobre paz con Eln y disidencias de las Farc
conflicto_territorial,C20,Sucre,11187,0.80624925728443,Asesinan a exjugador de equipo de fútbol de salón en Sincelejo
conflicto_territorial,C20,Tolima,1345,0.9632558797750104,‘Cometió un error sin dimensionar las consecuencias’: novia del hincha de Tolima
conflicto_territorial,C20,Valle del Cauca,11262,0.991797850110292,Calima – El Darién está en peligro
conflicto_territorial,C20,Vaupés,11371,0.9253143219378852,¿Caos en los bonos de carbono forestales? II
conflicto_territorial,C20,Vichada,11389,0.8634782662759668,"Incautaron en Cumaribo más de 9 toneladas de estaño, avaluadas en unos $1.000 millones"
conflicto_territorial,C21,Amazonas,1453,0.9916374198944642,Nuevo libro celebra los 25 años del proceso de paz de Irlanda del Norte
conflicto_territorial,C21,Antioquia,492,0.9863036433091924,Posible nueva ola de migrantes preocupa a las autoridades en Antioquia
conflicto_territorial,C21,Arauca,1805,0.9679604720173712,Consejería Presidencial para los DDHH y DIH presidió Encuentro de lucha contra el reclutamiento de menores en Arauca
conflicto_territorial,C21,Atlántico,2567,0.9901137452900268,El entramado tras el millonario robo de playas para construir mansiones en el Atlántico
conflicto_territorial,C21,Bolívar,3043,0.9836265033196692,Habitante de calle halló dos cuerpos metidos en bolsas: ¿quiénes son?
conflicto_territorial,C21,Boyacá,3639,0.9348292800948768,Grave situación ambiental en el páramo de Pisba
conflicto_territorial,C21,Caldas,3669,0.9618692276197104,Capturaron a cuatro personas por fabricar y comercializar fármacos adulterados en Manizales
conflicto_territorial,C21,Caquetá,4055,0.9876371569104396,‘Es una extorsión’: Paloma Valencia sobre fondo para 'subsidiar' a miembros del Eln
conflicto_territorial,C21,Casanare,631,0.9767748901244327,Así va la pelea que desde hace más de dos décadas libran los indígenas u’was
conflicto_territorial,C21,Cauca,4742,0.9901138887187448,"Lideresa Edilsan Andrade, fue asesinada en Rosas Cauca"
conflicto_territorial,C21,Cesar,5836,0.9825069510889474,Presos de la estación de Policía de Aguachica denuncian maltratos
conflicto_territorial,C21,Chocó,751,0.971219958336754,"Ante la justicia será presentado el caso Boca de Chicao, en Chocó"
conflicto_territorial,C21,Cundinamarca,6808,0.9719024578636264,En video: así fue el ataque con explosivos a peaje en vía al Llano que condena el país
conflicto_territorial,C21,Córdoba,6185,0.9877520891972812,Sicarios le quitan la vida a hombre en Cereté
conflicto_territorial,C21,Guainía,804,0.4053906600839744,Tres de cada cuatro niños en Colombia consumen alimentos de paquete
conflicto_territorial,C21,Guaviare,7356,0.9842867699639612,"Tutela impidió desalojo de personas en Calamar, Guaviare – Marandua Stereo 100.7 FM Noticias del Guaviare"
conflicto_territorial,C21,Huila,865,0.948929199515572,Los 'falsos positivos' en Dabeiba por los que exmilitares reconocieron responsabilidad
conflicto_territorial,C21,La Guajira,897,0.7450588498514193,Secuestro de los padres de Luis Díaz: entre la arrogancia del Eln y la debilidad del gobierno nacional
conflicto_territorial,C21,Magdalena,7562,0.9966064388841328,Samario fue asesinado en Palomino
conflicto_territorial,C21,Meta,9030,0.9886533296158672,Asesinan a firmante de paz en Mesetas
conflicto_territorial,C21,Nariño,10249,0.9943120787814876,La tragedia por los indígenas awá desaparecidos a manos de las Farc
conflicto_territorial,C21,Norte de Santander,913,0.981492232461425,Invasiones y ataques sostenidos en el Cauca ¿quién responde? – Corrillos
conflicto_territorial,C21,Putumayo,949,0.9703714170399556,Duro reclamo de congresista de Curules de Paz al Gobierno por asesinato de líder social
conflicto_territorial,C21,Quindío,10376,0.9677621721068228,El municipio de Córdoba completa seis años sin homicidios
conflicto_territorial,C21,Risaralda,10796,0.9958705340931262,"'La Firma', el hombre que salió del Ejército y delinquía entre Valle y Risaralda"
conflicto_territorial,C21,San Andrés y Providencia,10953,0.7849286407139411,¿Por qué el fallo de La Haya es una victoria clave para Colombia?
conflicto_territorial,C21,Santander,11123,0.9926417103162568,'Se debe corregir el rumbo': hijo de Petro sobre paz con Eln y disidencias de las Farc
conflicto_territorial,C21,Sucre,11209,0.8254637766854629,Masacre: Asesinaron a tres hombres en un estadero
conflicto_territorial,C21,Tolima,1337,0.924479748505802,Hay más de 160 conflictos ambientales por megaproyectos en Colombia: informe
conflicto_territorial,C21,Valle del Cauca,11262,0.9928178133998752,Calima – El Darién está en peligro
conflicto_territorial,C21,Vaupés,11375,0.7261158670258662,El nuevo arzobispo de Villavicencio condenó los abusos dentro de la iglesia
conflicto_territorial,C21,Vichada,11398,0.7668763836050818,Asesinato de Ayendi Piña Hinojosa en Puerto Carreño. Esto sabemos
resistencia_territorial,R27,Amazonas,1450,0.6795167413761146,Gobierno se reúne este jueves con disidencias con miras a instalar mesa de negociación
resistencia_territorial,R27,Antioquia,70,0.9806526783279969,Nueva asonada en Antioquia: comunidad sacó a 80 militares de Briceño
resistencia_territorial,R27,Arauca,1852,0.9930370632824688,Gobernador rechaza ataque de francotirador contra militar en Saravena
resistencia_territorial,R27,Atlántico,2946,0.980266883691457,Comunidad bloqueó peaje Papiros en la Vía al Mar: paso libre hasta el miércoles
resistencia_territorial,R27,Bolívar,3135,0.9893327283199064,¡Atención! Bloqueos en carretera Troncal de Occidente
resistencia_territorial,R27,Boyacá,3642,0.979227004855623,I.E. de Úmbita y San Luis de Gaceno se reactivan con compromisos de las partes
resistencia_territorial,R27,Caldas,3736,0.8421956807325209,Luis Roberto Rivas se comprometió a mejorar las vías del Norte de Caldas
resistencia_territorial,R27,Caquetá,4025,0.9011133026752918,¿Qué medidas piden los alcaldes y la MOE para garantizar elecciones transparentes?
resistencia_territorial,R27,Casanare,643,0.9535553606053668,Carreteras del país sufren casi 3 bloqueos cada día; hubo 81 en enero
resistencia_territorial,R27,Cauca,4782,0.9938021454549394,"Brayan fue asesinado en El Bordo, sur del Cauca"
resistencia_territorial,R27,Cesar,5217,0.963007554846657,Asesinan a firmante del acuerdo de paz en Segovia Antioquia
resistencia_territorial,R27,Chocó,769,0.9554892468894884,La disputa de tierras entre indígenas y afro en El Dieciocho que amenaza con agravarse
resistencia_territorial,R27,Cundinamarca,6808,0.9556222948431532,En video: así fue el ataque con explosivos a peaje en vía al Llano que condena el país
resistencia_territorial,R27,Córdoba,5878,0.9829092252904524,"Chicanoticias Noticias Líder en Montería, Córdoba y Colombia"
resistencia_territorial,R27,Guainía,803,0.0,A los que sí y a los que no les afectaría el proyecto del impuesto predial
resistencia_territorial,R27,Guaviare,7224,0.903605024621873,Organizaciones ven positivo comunicado de las Farc – Marandua Stereo 100.7 FM Noticias del Guaviare
resistencia_territorial,R27,Huila,846,0.9841164744106616,Las Farc asesinan a niña de cuatro años
resistencia_territorial,R27,La Guajira,895,0.0,Con sistema de hélices busca extraer agua potable para abastecer a comunidades de La Guajira
resistencia_territorial,R27,Magdalena,7519,0.996721127302146,Autoridades deben tomar medidas para evitar bloqueos en la Troncal de Oriente: Procuraduría
resistencia_territorial,R27,Meta,9030,0.9556694828394672,Asesinan a firmante de paz en Mesetas
resistencia_territorial,R27,Nariño,10149,0.9689442314216372,"Líder nariñense Marcos López, es el número quince asesinado en el país"
resistencia_territorial,R27,Norte de Santander,907,0.6769578023022789,Indepaz confirmó la masacre número 93 del año – Corrillos
resistencia_territorial,R27,Putumayo,1066,0.9224615791132555,Estallido social en Los Pozos: expresión de años de reclamos desatendidos
resistencia_territorial,R27,Quindío,10504,0.8617784933136254,Autoridades del Quindío instalarán PMU para monitorear las jornadas de protestas del gremio de taxistas
resistencia_territorial,R27,Risaralda,10608,0.9316560478253162,Ocho Corporaciones Autónomas suspenden elecciones por recusaciones y tutelas
resistencia_territorial,R27,San Andrés y Providencia,10993,0.9719332573591366,Marcha pacífica terminó en bloqueos y caos en aeropuerto de San Andrés
resistencia_territorial,R27,Santander,11088,0.864046087717459,"Rechazan asesinatos de líderes indígenas en 48 horas, en Cauca"
resistencia_territorial,R27,Sucre,11209,0.8869900725644658,Masacre: Asesinaron a tres hombres en un estadero
resistencia_territorial,R27,Tolima,1159,0.9472880356285702,Elecciones 2023: denuncian posibles fraudes y crece la inconformidad con los resultados
resistencia_territorial,R27,Valle del Cauca,11292,0.9214836013396028,Aspirante a Alcaldía de Yumbo anunció su retiro
resistencia_territorial,R27,Vaupés,11375,0.616108397815852,El nuevo arzobispo de Villavicencio condenó los abusos dentro de la iglesia
resistencia_territorial,R27,Vichada,11401,0.8209523105330443,"Con jornada institucional, Alcaldía evita huelga de presos en la cárcel de Puerto Carreño"
resistencia_territorial,R30,Amazonas,1402,0.5632458130243255,Alerta en Guainía por llegada masiva de personas expulsadas por la Guardia Venezolana
resistencia_territorial,R30,Antioquia,54,0.8073621340434931,Ivan mordisco quiere formar guardias campesinas en antioquia y otros departamentos
resistencia_territorial,R30,Arauca,1865,0.90794936740593,Se agudiza la crisis humanitaria en Arauca
resistencia_territorial,R30,Atlántico,2651,0.9292167440026468,Malestar en Atlántico por anuncio de reanudación del cobro en peaje Papiros
resistencia_territorial,R30,Bolívar,3176,0.8118737613914182,Se reactivaría cobro del peaje de Turbaco: conozca quiénes deberían pagar
resistencia_territorial,R30,Boyacá,3523,0.8131805001742353,Ya hubo perforación de Maurel & Prom en Boyacá
resistencia_territorial,R30,Caldas,3736,0.2626690312109902,Luis Roberto Rivas se comprometió a mejorar las vías del Norte de Caldas
resistencia_territorial,R30,Caquetá,4150,0.7605545956176236,‘Nos enseñaron una ley de oro’: Petro condecora a retenidos en Los Pozos
resistencia_territorial,R30,Casanare,631,0.9395604465727644,Así va la pelea que desde hace más de dos décadas libran los indígenas u’was
resistencia_territorial,R30,Cauca,4705,0.9866448559339748,Suspenden plan para montar base naval en Gorgona
resistencia_territorial,R30,Cesar,5312,0.8192702431277782,Docentes de Valledupar y Cesar se sumaron al paro nacional en defensa de sus derechos
resistencia_territorial,R30,Chocó,698,0.6453740177543299,Bloqueo de vías del Chocó “por negativa del gobierno nacional a financiar la educación indígena”
resistencia_territorial,R30,Cundinamarca,7066,0.8195867752733376,Minería a cielo abierto en Tabio: esto dice la CAR sobre el proyecto
resistencia_territorial,R30,Córdoba,6508,0.8917039607913969,PDA le 'Baila el Indio' a Nueva Estación en Buenavista
resistencia_territorial,R30,Guainía,808,0.0140392755550937,‘La previsión es un factor clave ante la escasez de sangre en Colombia’
resistencia_territorial,R30,Guaviare,7265,0.8100219464439724,Persiste el Abandono: Habitantes del Barrio La Granja Denuncian el Mal Estado de sus Vías – Marandua Stereo 100.7 FM Noticias del Guaviare
resistencia_territorial,R30,Huila,864,0.559160490196739,Habla novia de contralor del Huila que lo denunció por haberla golpeado
resistencia_territorial,R30,La Guajira,904,0.1919564202663082,"Oneida Pinto, investigada por corrupción, apareció haciendo política en La Guajira"
resistencia_territorial,R30,Magdalena,8011,0.929030241380594,Escándalo en Hospital de Magdalena: audios revelan presión política a trabajadores
resistencia_territorial,R30,Meta,9418,0.8948574732056034,Comunidades protestan por mal servicio de la EMSA
resistencia_territorial,R30,Nariño,9681,0.7385312250857082,"El mensaje de las urnas, un duro sacudón para el gobierno del presidente Gustavo Petro"
resistencia_territorial,R30,Norte de Santander,907,0.395308396491158,Indepaz confirmó la masacre número 93 del año – Corrillos
resistencia_territorial,R30,Putumayo,1066,0.9028947512684748,Estallido social en Los Pozos: expresión de años de reclamos desatendidos
resistencia_territorial,R30,Quindío,10390,0.6554122724923787,Gobernadores de Colombia solicitaron a Petro la renuncia del Ministro del Interior
resistencia_territorial,R30,Risaralda,10640,0.7179129566539247,MinSalud insiste en la devolución de fondos para el Hospital de Cuarto Nivel de Risaralda
resistencia_territorial,R30,San Andrés y Providencia,10953,0.6219444289677115,¿Por qué el fallo de La Haya es una victoria clave para Colombia?
resistencia_territorial,R30,Santander,11031,0.815412595541762,¿Qué pasará con los votos de los candidatos revocados o que renunciaron y están en el tarjetón? – Corrillos
resistencia_territorial,R30,Sucre,11202,0.3155675641130143,iMás obras para La Gente! Mejoran movilidad con pavimentación en Los Laureles
resistencia_territorial,R30,Tolima,1159,0.7267633670589314,Elecciones 2023: denuncian posibles fraudes y crece la inconformidad con los resultados
resistencia_territorial,R30,Valle del Cauca,11292,0.7139192340360986,Aspirante a Alcaldía de Yumbo anunció su retiro
resistencia_territorial,R30,Vaupés,11374,0.3113223511430463,El camino para conectar el 85 % de Colombia
resistencia_territorial,R30,Vichada,11407,0.5730561221823061,Paro en Puerto Gaitán (Meta) afecta movilidad hacia el departamento de Vichada
