departamento,participacion_comunitaria,incentivos_economicos,fortalecimiento_institucional,impactos_ambientales,conflictos_socioambientales,desplazamiento_forzado,reasentamiento,protesta_social,amenaza_intimidacion,consulta_previa,audiencia_publica,taller_participativo,conflicto_territorial,nivel_acuerdo_proyecto,demanda_derechos,denuncia_violacion,propuesta_alternativa,llamado_dialogo,defensa_territorio,exigencia_participacion,equidad_inclusion,grupos_etnicos,movimientos_sociales,grupos_poblacionales_afectados,participacion_economica_local,transparencia_contractual,zonas_proteccion_alimentaria,respeto_territorios,presencia_grupos_armados,desaparicion_lideres,grupos_etnicos_entidades,grupos_armados_entidades,organizaciones_entidades,lideres_entidades,instituciones_entidades,actores_economicos_entidades
Amazonas,0.13715824328386034,0.28627764418228596,0.31378958231099874,0.11381332447039433,0.14896120532985377,0.5213738839077804,0.4634456142647507,0.44329821828739285,0.33334581330395735,0.7277290753294783,0.8460158984304775,0.8645697596506023,0.7720205754692058,0.9441895638622607,0.5571020540846502,0.7536910909958269,0.6839276244113421,0.7469149373672818,0.9118748929472794,0.4365593970917773,0.5691982272516672,0.7691411314664932,0.2582296474585656,0.8328790009336369,0.6323380253988719,0.37652094781647477,0.3453323112686226,0.9266216509517529,0.663298874939282,0.6543690984633805,0.5206611570247934,0.5082644628099173,0.4214876033057851,0.0371900826446281,0.35537190082644626,0.32231404958677684
Antioquia,0.15929327243213215,0.32303933938163965,0.3287823031004141,0.07645414080136165,0.11243094372334947,0.48986207354466926,0.46080455712891943,0.4675608410325072,0.39405403765038516,0.7564643469324754,0.8599020342222605,0.8400855983375582,0.7928060689195896,0.9322499706523459,0.6053041053335781,0.7608119905909202,0.7081364003165747,0.7373019623482833,0.901479995259704,0.4580355876657748,0.5767864806740226,0.7039320211906928,0.30192083694516336,0.8725644609288064,0.6000391921303155,0.453081117589412,0.25225071105235286,0.9257526041918999,0.7146318746986493,0.7436813888465408,0.13562753036437247,0.4898785425101215,0.32186234817813764,0.04048582995951417,0.6032388663967612,0.4008097165991903
Arauca,0.16975135496551438,0.3098265958118385,0.361387334221841,0.05601425503118662,0.10302046276213202,0.3595680140993084,0.29820059284996075,0.4452489888682196,0.4037233330417491,0.7881863233766385,0.8865827167406678,0.8592734880146704,0.6663770149046156,0.9567853211924168,0.6774702006601728,0.8444159228188385,0.6649207974659346,0.7939035573974251,0.8845146895785417,0.3961694516877677,0.5125555501959752,0.6444574123614335,0.2681121164039983,0.8531771777347396,0.41395233776046164,0.41281202625988433,0.22406172755327133,0.9102778496220708,0.6852670070885714,0.6509175736457109,0.12142857142857143,0.9785714285714285,0.28214285714285714,0.025,0.4857142857142857,0.23214285714285715
Atlántico,0.17758764391019263,0.30962301357075134,0.3231729112164684,0.09546058560228797,0.09415584684713355,0.41466245631209553,0.49186345049698293,0.38590405481488055,0.3224122028223693,0.7651071299275924,0.8642023754946156,0.8504967670585283,0.6828589645155179,0.932496597689557,0.5662320773199868,0.7585581759403687,0.663236389439428,0.734057808379741,0.9017103524099835,0.3622264582834319,0.5140258465104718,0.67171687893628,0.21955410749156806,0.8116849868814588,0.5448229637540821,0.3978638085443045,0.21053390933201352,0.9119141667153774,0.6779236238564427,0.6877014593088201,0.05823475887170155,0.21383075523202913,0.21383075523202913,0.01637852593266606,0.3303002729754322,0.2966333030027298
Bolívar,0.16904468312219695,0.3151077974502367,0.3804243608584045,0.044166703120172596,0.09125645689351683,0.4547465200054296,0.46307396396833744,0.47922440562601637,0.4269015277100048,0.7727180754735653,0.875512410124332,0.8359455188015611,0.7761478750195127,0.9423923785873788,0.6859486910686935,0.8185290589407425,0.6886377614942372,0.7892290895735002,0.9215317936614156,0.5238844062799751,0.5929714897429776,0.6736614642434181,0.2599476947962797,0.8961208088635396,0.6285871587891864,0.5590742817957253,0.1648143409012207,0.9343641717342361,0.7938455433743821,0.8425951263536735,0.10687022900763359,0.3435114503816794,0.3015267175572519,0.0648854961832061,0.5229007633587787,0.3893129770992366
Boyacá,0.14689638996068602,0.32624234292313625,0.35213635832970513,0.06928849077901278,0.10543640623746932,0.4412653233384949,0.6019042871207342,0.39321418727437657,0.42052505365519344,0.7551359660902072,0.8540283647719128,0.8408486199104923,0.6988315405698772,0.9367035782371445,0.5809038456251052,0.7785374602870266,0.6110475432307021,0.7616353089996111,0.9150437055819336,0.43092867329277784,0.4870644714201576,0.7007801176273617,0.16216365076553332,0.8446620284544903,0.5137498107867251,0.4193077773744262,0.21939005491848307,0.9243229175436085,0.736589915012063,0.7643665477697705,0.08045977011494253,0.4482758620689655,0.21839080459770116,0.04597701149425287,0.27586206896551724,0.2988505747126437
Caldas,0.15425712856566692,0.3272210487196127,0.3568379696166553,0.07177480878404606,0.0899090395097905,0.37314257581762167,0.4755984684576969,0.3105723241745382,0.3301229766947148,0.6874883992353777,0.7985146282742913,0.7686489222934312,0.6376645970237205,0.9061813831203065,0.4859900154889624,0.6919913144554781,0.6192278459143304,0.7067871792281394,0.8674692603072814,0.4026092493539613,0.5109431268137996,0.5700699950970899,0.1218092226998247,0.8164646042455619,0.5695368255531984,0.42466778914203424,0.19455992897676,0.869052579277195,0.6493956516822406,0.6891059198133623,0.08898305084745763,0.2457627118644068,0.2033898305084746,0.03389830508474576,0.3728813559322034,0.3559322033898305
Caquetá,0.1563220368911113,0.2892305632893528,0.34632242762616705,0.07997460388428798,0.1281503658420739,0.6638867390445999,0.5332540295988188,0.5882204327040484,0.534736138492174,0.7916198473312294,0.8705558992210509,0.8506919318168158,0.7739591386940863,0.9338311113335658,0.6993160928436555,0.8431002394490809,0.667357301004231,0.7959190266035564,0.929541833630896,0.45317632115495926,0.622347297701386,0.793438499918141,0.3242782210371557,0.8780739622130724,0.5880909214285203,0.47042127869208344,0.347588449132662,0.9436240880816643,0.835660168964948,0.8173435128473544,0.37142857142857144,0.6114285714285714,0.30857142857142855,0.02,0.3485714285714286,0.2542857142857143
Casanare,0.16561373148217612,0.3022746287954404,0.3556364901271296,0.0789933378926785,0.09748181279297478,0.5135921621373392,0.5114990772458187,0.47667686307769536,0.39103911298627947,0.7312362277063235,0.8564561823330912,0.8239084669845815,0.718032262410957,0.9334272294282127,0.5965018822888913,0.7884932978072215,0.6940925821296072,0.7380431666474946,0.8890738875709289,0.3867227946225878,0.5116700577124468,0.7329662521163679,0.22224650849365507,0.8384757033601311,0.5219015118388332,0.48437316007102316,0.2148803143767204,0.9059214653745178,0.7369102034631029,0.7378681512717273,0.06832298136645963,0.484472049689441,0.16770186335403728,0.024844720496894408,0.35403726708074534,0.30434782608695654
Cauca,0.1793466029108938,0.304415876216187,0.3353643781796496,0.05956590775214893,0.12130723478502142,0.5800760327320171,0.4746967648574393,0.5901806261090958,0.5466544932474562,0.825073459851972,0.8882653972298409,0.851326954521295,0.7562014055949431,0.9454322742383697,0.7224083683102226,0.8575767455573878,0.6988696858720068,0.8059156825623998,0.9384457983366461,0.5016189466788175,0.6458035987727755,0.7728359987879492,0.33571327335272394,0.8781062208218678,0.6090625326303846,0.5062140965670724,0.2516045291218619,0.9386619984288024,0.8348806042615735,0.8397471455041304,0.21370499419279906,1.0,0.31939605110336816,0.0743321718931475,0.462253193960511,0.23228803716608595
Cesar,0.2076654701397337,0.32069032587881746,0.3253969167327059,0.05022463420855588,0.09602265120965653,0.40445596337768025,0.3078077406911501,0.4437323584510335,0.47277375173971764,0.7614508323885244,0.7322762196177038,0.7397866927344223,0.6500344211556788,0.8646866645431146,0.604884426386481,0.8357595832604947,0.5886702352476403,0.7579522748831017,0.8386546058644508,0.45786855615482763,0.5830018352396016,0.5975945634157236,0.31398031134399235,0.7462893377684442,0.4711452387915603,0.4083016789357724,0.12869085435723437,0.8474115238621317,0.7952729437885613,0.8329846146034783,0.20689655172413793,0.5517241379310345,0.5172413793103449,0.13793103448275862,0.6551724137931034,0.2413793103448276
Chocó,0.1722577808210878,0.3156246511215294,0.316915710890867,0.08183133024195323,0.11337052744725165,0.4900460620473176,0.35018157066362027,0.45775198789960014,0.37610977213281893,0.6065889533618591,0.820998492811152,0.8218553268061196,0.6839037499464482,0.9040243039788628,0.5675885817673171,0.7711666404647985,0.6131256081885973,0.6896251108547723,0.851695150734756,0.4342418762499693,0.5360221665437535,0.7527148859194681,0.3034421071770831,0.837190836454062,0.5225543899578042,0.3877603718861497,0.27400562829653435,0.9002740429840177,0.6877423172338387,0.6101710962279498,0.3716216216216216,0.3783783783783784,0.3783783783783784,0.02702702702702703,0.43243243243243246,0.16216216216216217
Cundinamarca,0.1469486960084124,0.27967796407656037,0.4030519442140371,0.07665815231679328,0.0936632402503499,0.4707388436734869,0.44100269525654445,0.4123267078164687,0.4272160414795675,0.779164075733687,0.8430371792323288,0.8086364987766606,0.7510657363581932,0.9311416696799898,0.5992161283248115,0.7822941664295892,0.6418939593660207,0.7760846804608003,0.8942075799936535,0.4195866799891937,0.5740877865096448,0.6346517002863017,0.19716655918739565,0.7841243577288763,0.5502494487472563,0.49152712531430626,0.23510930322220377,0.9036745705224317,0.6939679414914365,0.7499138155869133,0.05747126436781609,0.20689655172413793,0.1724137931034483,0.022988505747126436,0.3333333333333333,0.4482758620689655
Córdoba,0.17291454735324177,0.281286205564923,0.35775027237832546,0.08979295496249826,0.09825602000584115,0.5691142621762801,0.5289249164649622,0.5249610611088866,0.4924842460520282,0.7941200987561435,0.8747524857784363,0.8442917720887674,0.7544829419945703,0.9367361851012168,0.6593995921494176,0.8310302634953877,0.694224294366471,0.7825969280754289,0.9351156271447998,0.43783045821720784,0.5991987495546605,0.7848652546435438,0.27271468395395304,0.9233539400315058,0.5968270728861942,0.5356275831051756,0.3591048078936359,0.9313750217390778,0.7510449262238376,0.8220081413164735,0.16753926701570682,0.43455497382198954,0.225130890052356,0.041884816753926704,0.32460732984293195,0.27225130890052357
Guainía,0.17713049178322157,0.36340751498937607,0.2708132229745388,0.052195340084532894,0.13645343047877154,0.2315089680972354,0.33709685831369524,0.22866208013147116,0.2077689787838608,0.5620980511109034,0.5842747862140337,0.6063757116595904,0.5712937787175179,0.9440446396668752,0.4003329152862231,0.45493075251579285,0.63161041525503,0.7022450417280197,0.4987986593817671,0.2600451496740182,0.496212234099706,0.3154811691492796,0.0749812491897804,0.6484315348789096,0.32858521211892366,0.5458194188152751,0.33181568800258293,0.6467207074165344,0.371678591084977,0.22169932878265777,0.0,0.6666666666666666,0.5,0.0,0.16666666666666666,0.3333333333333333
Guaviare,0.17659521292733524,0.2994403285259495,0.37368000169493715,0.05386191128446644,0.09642254542416837,0.6256045105472702,0.5350428343779047,0.5423913054139714,0.5558693573316583,0.7845612456356841,0.8849754211853962,0.837771450872628,0.6872341094196451,0.9454760119623068,0.7349352387530843,0.8690060790704222,0.7281067876207015,0.8308520655632399,0.9274667461915892,0.5191062952330032,0.637221173846581,0.8203786451901708,0.23751778164237014,0.9074319356301686,0.5397833862189888,0.5003630364544176,0.28918920900765926,0.9713068226618427,0.8484568932397786,0.768909795067216,0.45918367346938777,0.2653061224489796,0.22448979591836735,0.01020408163265306,0.3673469387755102,0.12244897959183673
Huila,0.17343385465616404,0.32797773650219275,0.3830409535141878,0.04251242688042112,0.07303502063840887,0.5972050620800664,0.5403541725949211,0.5617093985824477,0.5439226952933728,0.7868479777474043,0.8785077421817669,0.8589458643177221,0.7701703188399416,0.9404076417518217,0.6744420825731182,0.8312064414562355,0.6550635844956391,0.8346326656119768,0.9297642590867918,0.505968974326564,0.6449487045472271,0.7652756965632529,0.2312503670393706,0.8656185942290481,0.6137327169092524,0.43114030489367755,0.3100430706561933,0.937961743754703,0.7838256017543203,0.827542923412524,0.05813953488372093,0.5,0.27906976744186046,0.0,0.32558139534883723,0.22093023255813954
La Guajira,0.08445983193814754,0.3148481944067912,0.4309673329645937,0.09164948249235749,0.07807515210218051,0.4544840008020401,0.3058249592273073,0.4380439217625694,0.3345226366072893,0.7221765646880324,0.756361947818236,0.877885336225683,0.8339766345240853,0.9108869243751873,0.5219068818471648,0.7417487021196972,0.5970382462678985,0.5877170237627897,0.8823564702814276,0.33090964112092147,0.5846314525062387,0.8746465823867104,0.21675854300106454,0.8847394754940813,0.46727788990194147,0.4615551435642622,0.2727041634392332,0.9282835830341686,0.6025725074789741,0.7152893489057367,0.45454545454545453,0.18181818181818182,0.2727272727272727,0.09090909090909091,0.18181818181818182,0.36363636363636365
Magdalena,0.17687820915755978,0.32328983336771117,0.3352953593974891,0.07078784408312137,0.09374875023950563,0.47418091034320187,0.5218667987939994,0.43289400301739106,0.4225275715279051,0.7174933836315067,0.8413435437226264,0.843995646341429,0.7051538304813973,0.908957197236797,0.6184772470990271,0.7901534472019508,0.6931293270730324,0.7268081989749404,0.9147194367710894,0.44002820351388644,0.5395860552449258,0.7392478097900679,0.2382352188188203,0.8639057827220628,0.6012783157026493,0.4424715069502494,0.2306115243835458,0.9093692474267655,0.747554669782567,0.7554464329781818,0.07894736842105263,0.3157894736842105,0.20676691729323307,0.041353383458646614,0.34962406015037595,0.14285714285714285
Meta,0.1836316616497934,0.34908411200344563,0.26958629839867354,0.0883136632940732,0.10938425976596773,0.26196087619510944,0.25402281220536677,0.3074278256520629,0.18698899303004146,0.6768062124103308,0.8826952958106995,0.8659053524136543,0.5612220836952329,0.9566338276267051,0.4261701351068914,0.7397042991146445,0.6612628323175013,0.6331966662853956,0.8179938711225987,0.2473870296087116,0.3391506773708388,0.7231877942532301,0.2417734025786631,0.7811741440370679,0.31068620789330453,0.1784360440929886,0.28067506943549964,0.9041302118003368,0.5387614470571279,0.5471154499873518,0.184,0.176,0.128,0.016,0.72,0.296
Nariño,0.18398961590230464,0.32697917937487364,0.33596484770129126,0.053912970270728694,0.09915338521947463,0.5225149329515407,0.47844017239892855,0.5371149802995691,0.48671635460093,0.8040197650038947,0.8778815001187226,0.8609555124963323,0.7487342380533616,0.9419615012158951,0.6889293712768704,0.8408331754480799,0.7002690409046287,0.820516938737904,0.9378850814501445,0.542434710001961,0.6303104941875984,0.7632063150331378,0.27241960512066726,0.8491554278625796,0.589357358169121,0.4698802570500411,0.26705357823031955,0.9281263878419995,0.8520136927904871,0.8505012389210364,0.14666666666666667,0.5173333333333333,0.312,0.034666666666666665,0.37066666666666664,0.14666666666666667
Norte de Santander,0.1710563621018082,0.2910453095618222,0.34508544899937177,0.07031335191439009,0.12249952116205047,0.3886558485893248,0.39579391738192904,0.4623643703008484,0.40619991331024924,0.78480624107437,0.8626377707761195,0.8640485098585486,0.678776591615234,0.9622504479355283,0.5648054624907672,0.8061436161709329,0.5602700280982794,0.7274771867733862,0.8788248095661402,0.42190507607948446,0.5566144057083875,0.7127933135877053,0.21134591102761785,0.863546674243278,0.5456199859618209,0.39157742594317013,0.2660984198834437,0.9069871024952995,0.6897251941263676,0.7343678339901898,0.16666666666666666,0.5277777777777778,0.3055555555555556,0.027777777777777776,0.4166666666666667,0.2777777777777778
Putumayo,0.15447539454567935,0.2655411779021772,0.38673570570415006,0.08111551951982879,0.11213220224198704,0.587944962370418,0.5089175729062136,0.5281467751060105,0.5014684008906501,0.7748175024284751,0.868375308563715,0.8298417653090188,0.7183160393789121,0.9274762870786204,0.6690292526626137,0.7969908197863971,0.6817027039496325,0.7824272803611473,0.926421500666841,0.45301355257049786,0.6049546252863555,0.7523171352275478,0.22904183964660602,0.8347586404740834,0.5909314767227738,0.48280127409825935,0.22635784116894908,0.9192965907685748,0.7860127706201626,0.7670254999826143,0.2012987012987013,0.4805194805194805,0.2077922077922078,0.032467532467532464,0.37662337662337664,0.2077922077922078
Quindío,0.18000690116466064,0.355544558175556,0.3134695397608954,0.04164871203449919,0.10933028427762506,0.290693962542244,0.2759880301238888,0.32729344534480176,0.25914518557382626,0.6897232017115407,0.8660684497622044,0.8251955142244697,0.6565524535719305,0.9239551942957485,0.48707936692871556,0.7819218299331386,0.5938314329063439,0.6554817824138571,0.820673593894943,0.3763586182936864,0.4279989339279659,0.6963181652948666,0.2181281304999214,0.7728077233546292,0.4518378157963288,0.3542664493629,0.2221675039344953,0.855635412701446,0.5864037997334811,0.6061326750017622,0.0782608695652174,0.1391304347826087,0.2782608695652174,0.008695652173913044,0.40869565217391307,0.2608695652173913
Risaralda,0.19033771858084947,0.3166498821875494,0.32541587736664546,0.073047120226504,0.0945494053411056,0.5334911609264694,0.5621712946276939,0.44491745177246805,0.48487229480546107,0.77919101936277,0.9027466611587442,0.8713854660831943,0.7507796664204862,0.9233552371582913,0.6312981169343133,0.8027183064820107,0.712788541879962,0.75069944329853,0.919685917733996,0.4260191811071881,0.5678700718002532,0.7801739694895568,0.2557042670334879,0.8080223727113292,0.586949305294116,0.5041271718200059,0.20284929063550575,0.9003396323295655,0.7490820935539281,0.7292794259092598,0.12037037037037036,0.21296296296296297,0.18518518518518517,0.046296296296296294,0.3055555555555556,0.14814814814814814
San Andrés y Providencia,0.14255734517549476,0.2833738749225934,0.36129938155688623,0.11293498223380151,0.09983441599265293,0.45818197346266565,0.447549348580651,0.2806703532545793,0.10834316511884229,0.7307389371519633,0.8492793894579841,0.8368864317459089,0.6981297827636203,0.9167655791087007,0.5019317800136007,0.7281068808752699,0.5828402947151551,0.730768317930159,0.9063589866790507,0.42017548684789624,0.5311095574180837,0.5749214385976773,0.12146522147479656,0.7139658248052001,0.4933209127781016,0.32460660228012045,0.09596201967549321,0.8868698383233061,0.6055001948153842,0.5811366184131691,0.24074074074074073,0.2037037037037037,0.09259259259259259,0.018518518518518517,0.25925925925925924,0.16666666666666666
Santander,0.18623565509915352,0.35816296661893526,0.2960128649359658,0.0525041883833529,0.10708432388713672,0.3233942294795443,0.4123438545724466,0.32510475764616525,0.3118710279830598,0.7363879932001942,0.8469425322576648,0.8586260083796723,0.687678820187492,0.931233249604702,0.5121964763495184,0.7260633190295526,0.6516792953801563,0.6971707172691822,0.8492437013557979,0.31623732819931494,0.4798486472639654,0.5393098627882345,0.2227427655700705,0.8301039815525568,0.4424606390685464,0.34056408988877335,0.2135523258578143,0.8405276010611228,0.6444375342024224,0.6580364154119577,0.0761904761904762,0.1523809523809524,0.17142857142857143,0.0380952380952381,0.5904761904761905,0.3047619047619048
Sucre,0.15451557093807164,0.2764236926533548,0.3398078777439271,0.12094562494651957,0.10830723427629675,0.6202731492022784,0.48210132109324194,0.49144435554418514,0.46722285000907415,0.7963128657176552,0.8171130134439972,0.8318428053406977,0.7454218608230198,0.9160098975213865,0.6521691701694051,0.7735156278109311,0.7086649908091031,0.7060130652495163,0.9239361051891354,0.4593064809187559,0.6197811489220753,0.8021573175127352,0.28578524778502123,0.8765776330671672,0.679623345356612,0.517790364043668,0.3854001669824356,0.9412923675928531,0.7643266694559272,0.7747589149290607,0.10119047619047619,0.43452380952380953,0.1488095238095238,0.08333333333333333,0.36904761904761907,0.2261904761904762
Tolima,0.17873451171291485,0.32293218861304407,0.34785395632942234,0.07807554116216735,0.07240380152283309,0.5425109299909251,0.5883041146750622,0.4810914698919913,0.5323704473784387,0.7624003347309715,0.8589236762937382,0.8453170823413787,0.6888341703139536,0.9410307889626536,0.6426328611716483,0.8130882033780414,0.7314159318477914,0.7855633913585423,0.9263155755089998,0.4525472123991178,0.5816914240814015,0.7374060802661909,0.18885128669633675,0.8575503876253423,0.6427670925289604,0.5743835426238859,0.20231994259236594,0.9293987541574682,0.7740050848641732,0.7532970212867266,0.038869257950530034,0.26501766784452296,0.14487632508833923,0.007067137809187279,0.2579505300353357,0.24028268551236748
Valle del Cauca,0.17754607360578153,0.3089756545076252,0.3103251197952249,0.08942521431861325,0.11372793536078984,0.38896754519615195,0.39815232607974105,0.39743221497968184,0.3576738748673269,0.783601000600566,0.8737694434378568,0.8521266442644391,0.674274888955743,0.9360642370198541,0.5606255692489698,0.7633851883303269,0.6831495046600519,0.718167659681411,0.8791252224430864,0.37849143715653105,0.5060979018585477,0.7092775238314003,0.283920258756464,0.8378664192457038,0.5083310484958281,0.3698602256176947,0.24638013378434215,0.8944179027695737,0.652488251312387,0.689879748803424,0.08906882591093117,0.7651821862348178,0.32388663967611336,0.044534412955465584,0.4493927125506073,0.291497975708502
Vaupés,0.26754069949189824,0.2629220535357793,0.3985890932381153,0.020754108593488734,0.05019404894361893,0.6380518625179926,0.19446131175694367,0.298760035696129,0.5065166275987091,0.5784224942326546,0.740907832980156,0.7448921104272207,0.9256635705629984,0.960006852944692,0.590367317199707,0.8932144741217295,0.6222172776858012,0.6935258358716965,0.9850108126799265,0.46460253683229286,0.8128112703561783,0.8405346771081289,0.15633411356247962,0.9773572385311127,0.8083009670178095,0.48018858085076016,0.1678771071601659,0.979513535896937,0.8353686730066935,0.7976742672423521,0.8333333333333334,0.16666666666666666,0.3333333333333333,0.0,0.5,0.16666666666666666
Vichada,0.16252373113867738,0.28685101644406397,0.33105473737082175,0.0730776458775865,0.1464928620675158,0.5808049358067012,0.6172421560134559,0.5256970835870297,0.5112234129262487,0.8264308790526083,0.9165812105901779,0.9036438388209189,0.7527491361383469,0.9679882660988839,0.6950217337617951,0.815698248424357,0.6288252604163943,0.8357677784177565,0.9585681692246468,0.5159055848170312,0.6266007692583145,0.86292534585922,0.2294434607141621,0.9265404930037837,0.6836379854789665,0.5329229065532526,0.3309332794827154,0.9684167686970003,0.8623766955589095,0.8652827749329228,0.3548387096774194,0.45161290322580644,0.25806451612903225,0.0,0.41935483870967744,0.1935483870967742
