url,juzgada_r1,en_lugares,departamento
https://boyaca7dias.com.co/2026/05/29/comunidad-protesta-en-el-peaje-de-tuta-y-exige-tarifa-cero-para-habitantes-de-cuatro-municipios/,True,True,
https://cesarnoticias.co/inician-investigacion-contra-el-alcalde-de-codazzi-por-presunto-desvio-de-fondos-de-ocad-paz/,False,False,Cesar
https://cesarnoticias.co/la-camara-de-comercio-de-valledupar-realizo-el-iii-congreso-de-derecho-societario/,False,False,Cesar
https://cesarnoticias.co/presidente-petro-indico-que-no-hay-recursos-para-implementar-acuerdo-de-paz-con-las-farc/,False,False,Cesar
https://choco7dias.com/avanza-la-creacion-del-area-protegida-cabi-icho/,False,False,Chocó
https://choco7dias.com/choco-riesgo-de-incumplimiento-en-cinco-proyectos-por-86-000-millones/,False,False,Chocó
https://choco7dias.com/como-van-los-estudios-de-la-via-al-mar-animas-nuqui/,False,False,Chocó
https://choco7dias.com/fiscalia-proyecto-maderas-choco-es-un-elefante-blanco-con-multiples-irregularidades/,False,False,Chocó
https://choco7dias.com/gobernador-del-choco-no-hemos-tenido-respuesta-del-gobierno/,True,False,Chocó
https://choco7dias.com/hacen-visita-de-vigilancia-a-la-minera-el-roble-en-carmen-de-atrato/,False,False,Chocó
https://choco7dias.com/haganle-un-gran-favor-al-choco/,False,False,Chocó
https://choco7dias.com/tado-atienden-a-3-513-en-juntemonos-el-festival-para-tejer-lo-publico/,False,False,Chocó
https://ciudadregion.com/regiones/risaralda/pereira/entregan-491-millones-de-pesos-a-victimas-en-risaralda,False,False,Risaralda
https://ciudadregion.com/regiones/risaralda/pereira/seis-proyectos-por-mas-de-100-mil-millones-estarian-en-riesgo-de-incumplimiento-procuraduria,False,False,Risaralda
https://diariodelcauca.com.co/afectaciones-del-cambio-climatico/,False,False,Cauca
https://diariodelcauca.com.co/alcalde-de-mercaderes-logra-desbloquear-regalias/,False,False,Cauca
https://diariodelcauca.com.co/argumentan-que-megacolegio-en-argelia-va-avanzando/,False,False,Cauca
https://diariodelcauca.com.co/inspeccionan-tramo-vial-en-el-norte-caucano-para-invertirle/,False,False,Cauca
https://diariodelcauca.com.co/suspenden-plan-para-montar-base-naval-en-gorgona/,True,False,Cauca
https://diariodelnorte.net/editorial/nuevo-ataque-contra-cerrejon/,True,True,
https://diariodelnorte.net/editorial/pobreza-del-caribe-no-es-para-burla/,True,True,
https://diariodelnorte.net/judiciales/comunidad-wayuu-bloquea-el-paso-vehicular-en-cuatro-vias-para-exigir-reposicion-de-transformador-averiado/,True,True,
https://diariodelnorte.net/judiciales/comunidades-wayuu-levantan-bloqueo-al-relleno-sanitario-del-norte-tras-acuerdos-con-el-alcalde-de-maicao/,True,True,
https://diariodelnorte.net/laguajira/corpoguajira-implementara-proyecto-de-agua-para-comunidades-indigenas-de-maicao-y-manaure/,True,True,
https://diariodelnorte.net/opinion/deuda-ancestral-deuda-eterna-o-dialogo-pendiente/,True,True,
https://diariodelnorte.net/opinion/feliz-navidad-y-venturoso-ano-nuevo/,True,True,
https://diariodelnorte.net/opinion/no-todo-lo-que-pasa-en-la-guajira-le-interesa-al-resto-de-colombia/,True,True,
https://diariodelnorte.net/opinion/oportunistas-silenciosmatando-el-grillo-para-sacarle-el-pito/,True,True,
https://diariodelnorte.net/opinion/se-pasan/,True,True,
https://eldiarioboyaca.com/c-i-milpa-s-a-celebra-sus-40-anos/,False,False,Boyacá
https://eldiarioboyaca.com/contraloria-general-adelanta-en-boyaca-201-procesos-de-responsabilidad-fiscal-por-73-897-millones/,False,False,Boyacá
https://eldiarioboyaca.com/grupo-de-investigacion-biodiversidad-y-conservacion-de-la-uptc-entrego-inventarios-de-fauna-flora-y-nuevas-especies-silvestres-en-boyaca/,False,False,Boyacá
https://eldiarioboyaca.com/icetex-responde-sobre-contrato-a-hermano-de-jaime-raul-salamanca/,False,False,Boyacá
https://eldiarioboyaca.com/procuraduria-evito-la-distribucion-de-45-kilos-de-pollo-descompuesto-a-803-beneficiarios-del-pae-de-14-colegios-de-togui/,False,False,Boyacá
https://eldiarioboyaca.com/que-tal-un-recorrido-en-bicicleta-desde-tota-hasta-san-agustin-huila/,False,False,Boyacá
https://eldiarioboyaca.com/red-de-observatorios-de-boyaca-una-herramienta-clave-para-la-toma-de-decisiones/,False,False,Boyacá
https://elexpreso.co/como-le-parece/ojo-a-estos-contratos-188-628-millones-canchas-de-tenis-8-890-millones-y-verguenza-nacional/,False,False,Risaralda
https://elexpreso.co/hoy/consejo-de-estado-colombiano-confirmo-medida-cautelar-consistente-en-la-suspension-de-la-licencia-para-cazar-especies-de-ranas-y-aves-en-risaralda/,False,False,Risaralda
https://elexpreso.co/hoy/judicializan-a-everardo-ochoa-pareja-ex-alcalde-de-santuario-por-corrupcion/,False,False,Risaralda
https://elexpreso.co/hoy/la-procuraduria-general-de-la-nacion-abrio-investigacion-contra-el-gobernador-de-risaralda-victor-manuel-tamayo-por-presuntas-irregularidades-en-construccion-de-canchas-de-tenis-para-los-juegos-naci/,False,False,Risaralda
https://elmorichal.com/profesores-vichada-entraron-en-paro/,False,False,Vichada
https://elpilon.com.co/cesar-y-la-guajira/comunidades-wiwa-en-la-guajira-tendran-reparacion-colectiva-como-victimas-del-conflicto,False,False,La Guajira
https://elpilon.com.co/la-guajira/tren-que-lleva-agua-a-comunidades-de-la-guajira-lleva-dos-semanas-bloqueado,False,False,La Guajira
https://laguajirahoy.com/exclusivo/acuerdo-indemnizatorio-wayuu-tras-accidente-vial-en-la-guajira.html,True,True,
https://laguajirahoy.com/la-guajira-4/gobernacion-de-la-guajira-promueve-obras-para-transformar-villanueva.html,False,True,
https://laguajirahoy.com/la-guajira/cerrejon-y-comunidades-wayuu-cierran-acuerdos-por-linea-electrica.html,True,True,
https://laguajirahoy.com/la-guajira/cerrejon-y-comunidades-wayuu-fortalecen-el-dialogo-firman-y-cierran-nuevos-acuerdos-de-consulta.html,False,True,
https://laguajirahoy.com/la-guajira/la-guajira-ordena-uso-de-casa-indigena-en-riohacha.html,True,True,
https://laguajirahoy.com/la-guajira/unidad-de-victimas-entrega-millonaria-indemnizacion-que-dignifica-a-familias-guajiras.html,True,True,
https://laguajirahoy.com/maicao-3/maicao-avanza-con-indemnizaciones-a-victimas-del-conflicto-armado.html,False,True,
https://laguajirahoy.com/maicao/con-recursos-de-regalias-embellecen-centro-de-carraipia.html,False,True,
https://laguajirahoy.com/maicao/unidad-de-dialogo-social-busca-frenar-bloqueos-y-reactivar-economia-en-la-guajira.html,False,True,
https://laguajirahoy.com/medio-ambiente/corpoguajira-implementa-proyecto-de-agua-potable-en-comunidades-indigenas-de-maicao-y-manaure.html,True,True,
https://laguajirahoy.com/nacion-2/indemnizan-a-victimas-del-conflicto-en-la-guajira.html,True,True,
https://laguajirahoy.com/nacion/gobierno-entrega-5-400-millones-y-avanza-en-reparacion-a-victimas-en-la-guajira.html,True,True,
https://laguajirahoy.com/nacion/prorroga-del-pacto-funcional-cesar-la-guajira-impulsara-nuevos-proyectos-para-riohacha.html,True,True,
https://laguajirahoy.com/nacion/vicecontralor-revisara-avances-de-obras-y-exigira-destrabes-en-la-guajira.html,True,True,
https://laguajirahoy.com/politica-2/proponen-elevar-a-maicao-a-distrito-especial-desde-el-congreso.html,True,True,
https://laguajirahoy.com/politica/candidata-de-la-fuerza-sufre-desmayo-durante-recorrido-en-maicao.html,True,True,
https://lavozdelcinaruco.com/6000-empleos-directos-en-riesgo-y-perdidas-por-5000-millones-diarios-por-afectaciones-a-empresas-en-arauca-defensoria/,False,False,Arauca
https://lavozdelcinaruco.com/defensoria-de-pueblo-adelanto-reunion-con-empresas-petroleas-de-arauca/,False,False,Arauca
https://lavozdelcinaruco.com/elegidos-los-seis-6-delegados-de-las-comunidades-afro-en-arauca-ante-el-espacio-nacional-de-consulta-previa-2023-%E2%80%93-2027/,False,False,Arauca
https://lavozdelcinaruco.com/gobernador-llego-al-botalon-para-conocer-de-primera-mano-las-problematicas-por-las-crecientes-del-rio-cusay/,False,False,Arauca
https://lavozdelcinaruco.com/petroleras-reactivan-operaciones-tras-70-dias-de-paralisis%C2%A0/,False,False,Arauca
https://llanoalmundo.com/canastas-de-paz-generando-riqueza-social-y-oportunidades-en-el-meta/,False,False,Meta
https://llanoalmundo.com/mas-753-mil-hectareas-restauradas-en-colombia-ambiciosa-meta-del-gobierno-del-cambio/,False,False,Meta
https://llanoalmundo.com/mas-de-2-000-personas-del-programa-casabe-celebraron-su-dia/,False,False,Meta
https://marandua.com.co/campesinos-en-el-guaviare-denuncian-que-son-estigmatizados-por-la-fuerza-publica/,False,False,Guaviare
https://marandua.com.co/indemnizaron-a-victimas-del-conflicto-armado-en-guaviare/,False,False,Guaviare
https://marandua.com.co/no-paran-los-incendios-forestales-en-el-guaviare/,False,False,Guaviare
https://marandua.com.co/plaza-de-mercado-vias-alumbrado-publico-y-colonias-temas-tratados-con-el-alcalde-ramon-guevara/,False,False,Guaviare
https://occidente.co/colombia/fondo-mixto-responde-a-senalamientos-por-contratos-de-ocad-paz/,False,False,Valle del Cauca
https://occidente.co/empresario/en-todo-el-valle-del-cauca-buscamos-a-la-mujer-cafam/,False,False,Valle del Cauca
https://periodicodelmeta.com/27-billones-editorial/,False,False,Meta
https://periodicodelmeta.com/abierta-convocatoria-para-ingresar-al-ejercito-nacional/,False,False,Meta
https://periodicodelmeta.com/comunidades-indigenas-de-puerto-gaitan-ya-cuentan-con-agua-potable/,False,False,Meta
https://periodicodelmeta.com/comunidades-indigenas-del-meta-recibieron-reparacion-colectiva/,False,False,Meta
https://periodicodelmeta.com/en-normalidad-se-desarrollaron-marchas-a-favor-de-reformas-petro/,False,False,Meta
https://periodicodelmeta.com/entre-desafios-y-expectativas-resumen-del-ano-i/,False,False,Meta
https://periodicodelmeta.com/familia-victima-de-desplazamiento-en-cabuyaro-recibio-vivienda-nueva/,False,False,Meta
https://periodicodelmeta.com/hasta-enero-de-2024-iniciaran-obras-en-la-via-alto-neblinas-rubiales/,False,False,Meta
https://periodicodelmeta.com/indigenas-podran-acceder-a-convocatorias-de-regalias-ambientales/,False,False,Meta
https://periodicodelmeta.com/la-esperanza-del-renacer-para-los-jiw/,False,False,Meta
https://periodicodelmeta.com/los-retos-ambientales-de-los-mandatarios/,False,False,Meta
https://periodicodelmeta.com/que-entre-el-diablo-y-elija-editorial/,False,False,Meta
https://quindionoticias.com/codecti-un-encuentro-para-impulsar-desde-las-regiones-la-competitividad-el-desarrollo-y-el-conocimiento/,False,False,Quindío
https://quindionoticias.com/el-quindio-tendra-los-primeros-juegos-verdes-para-mitigar-la-contaminacion-en-las-justas-nacionales-ok/,False,False,Quindío
https://quindionoticias.com/hoy-cierra-la-convocatoria-para-profesionalizacion-de-artistas/,False,False,Quindío
https://quindionoticias.com/quindio-primer-territorio-de-latinoamerica-con-el-100-de-cobertura-de-energia-electrica/,False,False,Quindío
https://rionoticias.co/comunidades-de-bocas-del-manso-y-zonas-aledanas-en-riesgo-de-desplazamiento/,False,False,Córdoba
https://rionoticias.co/gobernador-orlando-benitez-mora-recibe-distincion-del-consejo-superior-de-la-universidad-de-cordoba/,False,False,Córdoba
https://rionoticias.co/hugo-kerguelen-y-gabriel-calle-se-suman-y-hacen-equipo/,False,False,Córdoba
https://rionoticias.co/impulsan-proyecto-de-innovacion-social-liderado-por-mujeres-indigenas-en-tuchin-cordoba/,False,False,Córdoba
https://rionoticias.co/la-unidad-entrego-cartas-de-indemnizacion-a-victimas-en-cordoba/,False,False,Córdoba
https://rionoticias.co/la-unidad-para-las-victimas-entrego-cartas-de-indemnizacion-para-victimas-del-conflicto-armado-en-cordoba/,False,False,Córdoba
https://rionoticias.co/monterianos-firmaron-compromiso-por-la-salud-mental/,False,False,Córdoba
https://rionoticias.co/plan-de-accion-para-la-reparacion-integral-de-las-victimas-es-incluido-en-el-pnd/,False,False,Córdoba
https://rionoticias.co/sobrevivientes-del-conflicto-armado-en-cordoba-celebran-dia-nacional-de-la-memoria-y-solidaridad/,False,False,Córdoba
https://rionoticias.co/unidad-para-las-victimas-entrego-cartas-de-indemnizacion-a-sobrevivientes-de-puerto-libertador/,False,False,Córdoba
https://rionoticias.co/unidad-para-las-victimas-informa-que-262-victimas-de-la-violencia-han-sido-indemnizadas-en-cordoba-en-lo-que-va-del-ano/,False,False,Córdoba
https://rionoticias.co/urra-en-el-v-congreso-de-restauracion-ecologica/,False,False,Córdoba
https://santamartaaldia.co/240-productores-del-magdalena-y-la-guajira-seran-capacitados-por-investigadores-de-unimagdalena/,False,False,Magdalena
https://santamartaaldia.co/alerta-por-falsas-promesas-de-indemnizacion-a-victimas-en-el-magdalena/,False,False,Magdalena
https://santamartaaldia.co/ansiedad-depresion-y-estres-los-trastornos-mas-recurrentes-entre-los-magdalenenses/,False,False,Magdalena
https://santamartaaldia.co/comunidades-negras-de-rincon-guapo-seran-reparadas-con-mas-de-4-400-millones/,False,False,Magdalena
https://santamartaaldia.co/defensores-de-derechos-humanos-aplazan-visita-de-verificacion-de-cese-al-fuego/,False,False,Magdalena
https://santamartaaldia.co/gobierno-entrego-dotacion-agricola-a-victimas-del-conflicto-armado-en-pivijay/,False,False,Magdalena
https://santamartaaldia.co/gobierno-indemniza-a-victimas-del-conflicto-armado-en-el-magdalena/,False,False,Magdalena
https://santamartaaldia.co/iglesia-pentecostal-sera-condenada-economicamente-por-muerte-de-los-33-ninos-en-fundacion/,False,False,Magdalena
https://santamartaaldia.co/la-fiscalia-hace-caso-omiso-a-los-casos-de-maltrato-animal-en-santa-marta-animalistas/,False,False,Magdalena
https://santamartaaldia.co/mas-de-700-victimas-del-conflicto-armado-fueron-indemnizadas/,False,False,Magdalena
https://santamartaaldia.co/poblacion-victima-del-magdalena-se-beneficiara-de-las-ferias-de-la-equidad/,False,False,Magdalena
https://santamartaaldia.co/unimagdalena-apuesta-por-una-agricultura-resiliente-al-cambio-climatico/,False,False,Magdalena
https://santamartaaldia.co/victimas-del-magdalena-recibieron-mas-de-57-mil-millones-durante-el-2023/,False,False,Magdalena
https://trochandosinfronteras.info/la-arremetida-militar-y-estatal-contra-las-comunidades-uwa/,False,False,Arauca
https://trochandosinfronteras.info/movilizacion-en-arauca-ante-emergencia-invernal/,False,False,Arauca
https://ultimahoraboy.com/boyaca/desde-el-sindicato-de-corpoboyaca-denuncian-las-compensaciones-ambientales/,False,False,Boyacá
https://ultimahoraboy.com/colombia/72-municipios-dos-departamentos-y-tres-ministerios-deben-descontaminar-el-chicamocha/,False,False,Boyacá
https://ultimahoraboy.com/colombia/colombia-se-encuentra-a-dos-debates-de-la-prohibicion-del-fracking/,False,False,Boyacá
https://verdadabierta.com/con-aplausometro-biofix-logro-consentimiento-indigena-para-negociar-bonos-de-carbono/,False,False,Amazonas
https://www.bcnoticias.com.co/180-mil-caldenses-no-se-han-vacunado-contra-la-covid-19/,False,False,Caldas
https://www.bcnoticias.com.co/corporacion-civica-investigo-el-plan-departamental-de-musica-de-caldas/,False,False,Caldas
https://www.bcnoticias.com.co/el-museo-rodante-mapana-llega-al-oriente-de-caldas/,False,False,Caldas
https://www.bcnoticias.com.co/en-filadelfia-entregaron-300-metros-de-vias-terciarias/,False,False,Caldas
https://www.bcnoticias.com.co/senador-guido-echeverri-llama-la-atencion-sobre-tres-puntos-del-plan-nacional-de-desarrollo/,False,False,Caldas
https://www.chicanoticias.com/2023/03/15/unidad-entrego-cartas-de-indemnizacion-a-victimas/,False,False,Córdoba
https://www.chicanoticias.com/2023/03/23/gobernacion-recupera-predio-propiedad-del-departamento/,False,False,Córdoba
https://www.chicanoticias.com/2023/03/31/cerro-matoso-ha-entregado-mas-de-mil-hectareas-en-proyectos-productivos/,False,False,Córdoba
https://www.chicanoticias.com/2023/04/17/llegan-mas-obras-para-la-zona-rural-de-monitos/,False,False,Córdoba
https://www.chicanoticias.com/2023/04/18/mafias-politicas-se-apoderan-de-las-alcaldias-juan-manuel-galan/,False,False,Córdoba
https://www.chicanoticias.com/2023/04/20/chima-entre-los-seis-municipios-con-mayor-gestion-de-regalias/,False,False,Córdoba
https://www.chicanoticias.com/2023/05/31/victimas-del-conflicto-armado-protestan-en-el-centro-regional-uao/,False,False,Córdoba
https://www.chicanoticias.com/2023/06/01/policia-desmiente-presencia-de-grupos-dedicados-al-rapto-de-ninos/,False,False,Córdoba
https://www.chicanoticias.com/2023/06/09/indemnizan-victimas-del-conflicto-en-tierralta/,False,False,Córdoba
https://www.chicanoticias.com/2023/06/14/gobierno-nacional-no-ha-girado-los-recursos-para-pagar-retroactivo-a-maestros-gobernador-de-cordoba/,False,False,Córdoba
https://www.chicanoticias.com/2023/06/16/comunidades-indigenas-realizan-minga-en-proteccion-de-la-cultura-ancestral/,False,False,Córdoba
https://www.chicanoticias.com/2023/06/22/minminas-entrego-proyectos-de-seguridad-alimentaria-a-indigenas-zenues-de-tuchin/,False,False,Córdoba
https://www.chicanoticias.com/2023/06/28/senadora-liliana-bitar-entrego-balance-de-su-gestion-en-el-congreso-de-la-republica/,False,False,Córdoba
https://www.chicanoticias.com/2023/07/18/cordoba-entre-los-departamentos-con-mayor-impunidad-en-casos-de-corrupcion/,False,False,Córdoba
https://www.chicanoticias.com/2023/07/26/kerguelen-calle-hacen-equipo-por-monteria/,False,False,Córdoba
https://www.chicanoticias.com/2023/08/09/senador-john-moises-besaile-ira-a-juicio-en-corte-suprema-por-presunta-corrupcion/,False,False,Córdoba
https://www.chicanoticias.com/2023/10/05/mas-de-16-mil-800-millones-de-pesos-en-indemnizaciones-entrego-unidad-para-las-victimas/,False,False,Córdoba
https://www.chicanoticias.com/2023/10/10/gobernador-recibio-distincion-por-su-aporte-al-desarrollo-de-la-educacion-superior/,False,False,Córdoba
https://www.corrillos.com.co/obras-de-ocad-paz-para-tres-municipios-entre-ellos-galan-santander/,False,False,Santander
https://www.corrillos.com.co/ocad-paz-aprobados-55-proyectos-por-mas-de-163-mil-millones-para-financiar-por-regalias/,False,False,Norte de Santander
https://www.corrillos.com.co/un-billon-de-pesos-razon-para-que-santander-cuide-la-industria-del-petroleo-y-gas/,False,False,Santander
https://www.diariodelsur.com.co/buscan-expandir-proyectos-de-ciencia-a-mas-zonas-de-narino/,False,False,Nariño
https://www.diariodelsur.com.co/emprenden-acciones-para-tramitar-licencia-ambiental-en-la-llanada/,False,False,Nariño
https://www.diariodelsur.com.co/en-narino-18-municipios-se-benefician-con-la-instalacion-del-gas-domiciliario/,False,False,Nariño
https://www.diariodelsur.com.co/impulsan-la-ciencia-y-la-tecnologia-en-la-costa-narinense/,False,False,Nariño
https://www.diariodelsur.com.co/la-ciencia-la-tecnologia-y-la-innovacion-se-toman-a-narino/,False,False,Nariño
https://www.elcolombiano.com/antioquia/consejo-de-estado-condena-nacion-por-falsos-positivos-en-santa-rosa-de-osos-CN21798903,True,True,Antioquia
https://www.elcolombiano.com/antioquia/polemica-por-traslado-de-eps-de-indigenas-de-antioquia-LF20256159,False,True,Antioquia
https://www.elcolombiano.com/colombia/procuraduria-investiga-a-cuatro-gobernadores-por-incumplir-proyectos-de-regalias-por-88000-millones-IC22139265,True,True,Antioquia
https://www.elcolombiano.com/informes-comerciales/las-marcas-hablan/asi-fueron-atendidas-y-reparadas-las-victimas-del-conflicto-armado-en-antioquia-en-2023-EK23380433,True,True,Antioquia
https://www.elcolombiano.com/informes-comerciales/las-marcas-hablan/con-viva-antioquia-se-acerca-al-sueno-de-vivienda-adecuada-para-todos-HP21841745,True,True,Antioquia
https://www.elcolombiano.com/medellin/alcaldia-medellin-incumple-fallos-de-la-justicia-en-su-contra-NB22323970,True,True,Antioquia
https://www.elcolombiano.com/opinion/editoriales/la-toma-de-las-cajas-AA22559988,True,True,Antioquia
https://www.elpaisvallenato.com/2023/01/18/detrimento-patrimonial-por-14-mil-millones-en-obras-de-escenarios-deportivos-en-la-jagua-del-pilar/,False,False,Cesar
https://www.elpaisvallenato.com/2023/01/25/corte-constitucional-fija-criterios-sobre-el-pago-de-la-libreta-militar/,False,False,Cesar
https://www.elpaisvallenato.com/2023/03/18/petro-invita-a-victimas-de-la-protesta-social-a-un-dialogo-con-el-gobierno-nacional/,False,False,Cesar
https://www.elpaisvallenato.com/2023/03/23/admiten-tutela-del-pueblo-yukpa-en-contra-de-la-reforma-a-la-salud/,False,False,Cesar
https://www.elpaisvallenato.com/2023/05/30/drummond-recibe-en-sus-operaciones-visita-de-alcaldes-y-gestoras-sociales-del-cesar-y-guajira/,False,False,Cesar
https://www.elpaisvallenato.com/2023/07/20/con-multa-de-726-millones-sancionan-a-ex-socio-de-sayco/,False,False,Cesar
https://www.elpaisvallenato.com/2023/10/01/innovador-proyecto-piscicola-que-pesca-suenos-colectivos-en-la-jagua/,False,False,Cesar
https://www.elpaisvallenato.com/2023/10/19/por-muerte-extrajudicial-en-pueblo-bello-condenaron-a-la-nacion/,False,False,Cesar
https://www.elpaisvallenato.com/2023/11/09/mujeres-kankuamas-participaron-en-taller-de-emprendimiento/,False,False,Cesar
https://www.elpaisvallenato.com/2023/12/01/amplian-cupos-de-educacion-superior-para-victimas-del-conflicto-armado-en-cesar/,False,False,Cesar
https://www.elpaisvallenato.com/2023/12/21/en-el-cesar-el-carbon-se-convierte-en-aliado-de-la-transicion/,False,False,Cesar
https://www.eltiempo.com/bogota/cundinamarca-tendran-centro-de-innovacion-minero-que-prevendra-emergencias-827040,False,False,Cundinamarca
https://www.eltiempo.com/bogota/gobernacion-aportara-recursos-para-mejorar-el-suministro-de-agua-en-cajica-736103,False,False,Cundinamarca
https://www.eltiempo.com/bogota/la-mesa-contrato-de-zonas-de-parqueo-tuvo-que-ser-cancelado-levantan-bloqueos-833297,False,False,Cundinamarca
https://www.eltiempo.com/colombia/barranquilla/11-candidatos-aspiran-a-la-direccion-de-la-corporacion-autonoma-regional-del-atlantico-819903,False,False,Atlántico
https://www.eltiempo.com/colombia/barranquilla/barranquilla-declaraciones-de-jaime-pumarejo-sobre-el-aeropuerto-773561,False,False,Atlántico
https://www.eltiempo.com/colombia/barranquilla/barranquilla-video-de-protesta-de-empleados-contra-epk-828443,False,False,Atlántico
https://www.eltiempo.com/colombia/cali/uno-siempre-quiere-empezar-dice-una-de-mil-victimas-en-entrega-de-indemnizaciones-782654,False,False,Nariño
https://www.eltiempo.com/colombia/otras-ciudades/cajas-de-compensacion-buscan-fortalecer-turismo-776413,False,False,Magdalena
https://www.eltiempo.com/colombia/otras-ciudades/caldas-crean-centro-de-desarrollo-minero-en-marmato-737472,False,False,Risaralda
https://www.eltiempo.com/colombia/otras-ciudades/cerrejon-y-comunidades-wayuu-cierran-los-primeros-acuerdos-de-consulta-previa-de-un-conflicto-historico-3488134,True,True,
https://www.eltiempo.com/colombia/otras-ciudades/comunidades-indigenas-denuncian-abandono-del-gobierno-de-gustavo-petro-753927,False,False,Amazonas
https://www.eltiempo.com/colombia/otras-ciudades/desaparecidos-historias-de-indigenas-awas-asesinados-por-las-farc-734064,False,False,Nariño
https://www.eltiempo.com/colombia/otras-ciudades/eje-cafetero-los-juegos-nacionales-se-quedan-en-la-region-736443,False,False,Risaralda
https://www.eltiempo.com/colombia/otras-ciudades/exclusivo-hablan-familiares-de-ninos-recatados-tras-40-dias-en-la-selva-776698,False,False,Caquetá
https://www.eltiempo.com/colombia/otras-ciudades/iglesia-evangelica-a-pagar-indemnizacion-por-ninos-quemados-en-bus-en-fundacion-780011,False,False,Magdalena
https://www.eltiempo.com/colombia/otras-ciudades/mas-de-1-900-millones-en-indemnizaciones-recibieron-victimas-del-conflicto-en-bolivar-831126,False,False,Magdalena
https://www.eltiempo.com/colombia/otras-ciudades/por-amenazas-personero-de-el-copey-cesar-abandono-el-territorio-778047,False,False,Cesar
https://www.eltiempo.com/colombia/otras-ciudades/primo-del-doctor-bayter-completa-24-dias-secuestrado-en-el-magdalena-822826,False,False,Magdalena
https://www.eltiempo.com/colombia/otras-ciudades/santa-marta-problemas-por-vuelos-cancelados-de-viva-air-746322,False,False,Atlántico
https://www.eltiempo.com/colombia/otras-ciudades/seguridad-en-cinco-municipios-del-cesar-tras-incidentes-electorales-821646,False,False,Cesar
https://www.eltiempo.com/colombia/otras-ciudades/valledupar-amenazas-a-docente-mexicano-783435,False,False,Atlántico
https://www.eltiempo.com/colombia/santander/gustavo-petro-estara-en-santander-por-inseguridad-y-reparacion-de-vitcimas-752356,False,False,Magdalena
https://www.eltiempo.com/contenido-comercial/conexion-jaguar-una-apuesta-por-el-planeta-763743,False,False,Magdalena
https://www.eltiempo.com/economia/compensar-la-mayor-constructora-de-vivienda-vis-en-cundinamarca-requisitos-828460,False,False,Cundinamarca
https://www.eltiempo.com/economia/empresas/emerald-energy-tiene-via-libre-para-salir-del-caqueta-por-orden-publico-760186,False,False,Caquetá
https://www.eltiempo.com/economia/empresas/isa-puso-en-operacion-un-proyecto-que-fortalece-el-sistema-de-transmision-de-energia-831251,False,False,Atlántico
https://www.eltiempo.com/economia/finanzas-personales/subsidio-educativo-2023-desde-su-caja-de-compensacion-puede-reclamarlo-730606,False,False,Huila
https://www.eltiempo.com/economia/sectores/admiten-accion-de-tutela-en-el-proceso-de-seleccion-de-gerente-de-cafeteros-761618,False,False,Magdalena
https://www.eltiempo.com/economia/sectores/crisis-de-agua-en-cajica-lo-que-hay-detras-del-problema-con-el-acueducto-775128,False,False,Cundinamarca
https://www.eltiempo.com/economia/sectores/gobierno-revela-ambicioso-plan-de-infraestructura-por-84-8-billones-745763,False,False,Putumayo
https://www.eltiempo.com/economia/sectores/la-plata-para-el-que-la-necesita-analisis-de-ricardo-avila-802133,False,False,Nariño
https://www.eltiempo.com/justicia/cortes/ciro-ramirez-pruebas-del-expediente-en-su-contra-por-presunta-corrupcion-836371,False,False,Cesar
https://www.eltiempo.com/justicia/cortes/corte-condena-a-la-exrepresentante-argenis-velasquez-por-quitarle-sueldo-a-asesora-818084,False,False,Putumayo
https://www.eltiempo.com/justicia/cortes/exparamilitar-don-antonio-debera-pedir-perdon-a-mas-de-1-500-victimas-760183,False,False,Atlántico
https://www.eltiempo.com/justicia/cortes/reforma-tributaria-corte-cita-a-audiencia-publica-por-cambios-a-regalias-778169,False,False,Cesar
https://www.eltiempo.com/justicia/cortes/tumban-ley-que-permitia-volver-municipios-zonas-indigenas-sin-consulta-752851,False,False,Amazonas
https://www.eltiempo.com/justicia/cortes/tutela-campesinos-cocaleros-de-tumaco-alertan-incumplimientos-del-pnis-797180,False,False,Nariño
https://www.eltiempo.com/justicia/delitos/presuntas-dadivas-para-tramitar-fallos-acusacion-a-funcionarias-en-atlantico-769718,False,False,Atlántico
https://www.eltiempo.com/justicia/delitos/risaralda-judicializan-a-exalcalde-de-santuario-por-presunta-corrupcion-en-contratos-818507,False,False,Risaralda
https://www.eltiempo.com/justicia/investigacion/capturan-a-manuel-ranoque-papa-de-ninos-perdidos-en-la-selva-795370,False,False,Caquetá
https://www.eltiempo.com/justicia/investigacion/estado-gano-billonario-pleito-por-el-desaparecido-banestado-757918,False,False,Cundinamarca
https://www.eltiempo.com/justicia/investigacion/general-carlos-rodriguez-seguira-investigado-por-caso-luis-carlos-galan-736665,False,False,Cundinamarca
https://www.eltiempo.com/justicia/investigacion/manuel-ranoque-procuraduria-lo-cita-para-conciliacion-con-duenos-de-avioneta-796084,False,False,Caquetá
https://www.eltiempo.com/justicia/investigacion/papa-de-ninos-perdidos-en-la-selva-pide-millonaria-indemnizacion-a-duenos-de-avioneta-787233,False,False,Caquetá
https://www.eltiempo.com/justicia/investigacion/procuradora-cabello-advierte-que-en-10-municipios-hay-riesgos-electorales-770140,False,False,Casanare
https://www.eltiempo.com/justicia/investigacion/procuraduria-investiga-a-alcalde-de-leticia-por-demora-en-obras-de-acueducto-816475,False,False,Amazonas
https://www.eltiempo.com/justicia/investigacion/victimas-del-conflicto-en-colombia-balance-de-reparacion-2023-de-la-unidad-de-victimas-840203,False,False,Nariño
https://www.eltiempo.com/justicia/servicios/despido-del-trabajo-sin-justa-causa-esto-dice-ley-de-colombia-sobre-indemnizacion-811480,False,False,Cesar
https://www.eltiempo.com/mundo/europa/cancilleres-de-la-otan-analizan-la-posibilidad-del-ingreso-de-ucrania-a-la-alianza-773747,False,False,Atlántico
https://www.eltiempo.com/opinion/columnistas/juan-lozano/columna-de-juan-lozano-la-torre-de-control-y-seguimiento-802323,False,False,Nariño
https://www.eltiempo.com/opinion/columnistas/manuel-rodriguez-becerra/columna-de-manuel-rodriguez-caos-en-los-bonos-de-carbono-forestales-ii-759829,False,False,Vaupés
https://www.eltiempo.com/opinion/columnistas/otros-columnistas/los-retos-de-la-transicion-columna-de-jose-miguel-linares-802587,False,False,Magdalena
https://www.eltiempo.com/opinion/editorial/retiros-que-alertan-editorial-el-tiempo-761303,False,False,Caquetá
https://www.eltiempo.com/politica/gobierno/cinco-miembros-de-la-primera-linea-fueron-liberados-petro-751436,False,False,Risaralda
https://www.eltiempo.com/politica/gobierno/el-gobierno-de-petro-entrega-multimillonarios-contratos-a-los-indigenas-784815,False,False,Caquetá
https://www.eltiempo.com/politica/gobierno/gustavo-petro-habla-de-inspeccion-de-la-fiscalia-a-la-casa-de-narino-773213,False,False,Nariño
https://www.eltiempo.com/politica/gobierno/tribunal-tumbo-el-nombramiento-como-embajador-en-mexico-de-alvaro-moises-ninco-829240,False,False,Cundinamarca
https://www.eltiempo.com/salud/ips-radicaron-mas-de-66-000-reclamaciones-ante-la-adres-este-mes-por-servicios-de-salud-821288,False,False,Magdalena
https://www.eltiempo.com/unidad-investigativa/andres-rueda-candidato-a-junta-de-club-el-nogal-fue-investigado-754314,False,False,Casanare
https://www.eltiempo.com/unidad-investigativa/armando-benedetti-dice-que-se-presentara-a-la-fiscalia-pero-guardara-silencio-780191,False,False,Atlántico
https://www.eltiempo.com/unidad-investigativa/manuel-ranoque-abuela-de-los-menores-dice-que-su-nieta-declaro-ante-fiscalia-795397,False,False,Caquetá
https://www.eltiempo.com/vida/educacion/pae-unos-240-000-ninos-siguen-sin-recibir-alimentacion-escolar-762148,False,False,Magdalena
https://www.eltiempo.com/vida/medio-ambiente/huracanes-esto-se-conoce-sobre-lo-que-podria-ocurrir-en-la-temporada-2023-762912,False,False,Atlántico
https://www.eluniversal.com.co/cartagena/2023/03/10/consulta-previa-centro-de-conversatorio-en-cartagena/,False,False,Bolívar
https://www.eluniversal.com.co/cartagena/2023/12/05/dumek-turbay-pide-verificar-operativos-de-la-ant-en-las-islas-del-rosario/,False,False,Bolívar
https://www.eluniversal.com.co/regional/2023/12/07/en-municipios-del-magdalena-medio-entregaron-739-cartas-de-indemnizacion-judicial/,False,False,Bolívar
https://www.viveelmeta.com/pozo-orca-norte-1-5300/,False,False,Meta
https://www.viveelmeta.com/ventas-de-crudo-carbono-compensado-5279/,False,False,Meta
