url,indicador,lugar,rango
https://www.elcolombiano.com/medellin/agencia-nacional-restitucion-tierras-busca-reclamantes-en-antioquia-PF22632937,conflicto_territorial,Antioquia,1
https://www.elcolombiano.com/antioquia/autoridades-visitaron-a-puerto-lopez-y-hicieron-compromisos-FD20452214,conflicto_territorial,Antioquia,2
https://www.elcolombiano.com/antioquia/perro-policia-en-operativos-por-el-paro-minero-en-antioquia-KC20773999,conflicto_territorial,Antioquia,3
https://www.elcolombiano.com/antioquia/elecciones-2023-en-medellin-precandidatos-a-alcaldia-y-gobernacion-IH20417258,conflicto_territorial,Antioquia,4
https://www.elcolombiano.com/medellin/marcha-de-maestros-por-profesor-asesinado-en-yolombo-LA22440290,conflicto_territorial,Antioquia,5
https://www.elcolombiano.com/antioquia/racha-violenta-de-asesinatos-en-el-fin-de-semana-de-navidad-en-antioquia-BE23414454,conflicto_territorial,Antioquia,6
https://www.elcolombiano.com/antioquia/camioneros-bloquearon-via-por-precios-del-peaje-el-trapiche-BG20156676,conflicto_territorial,Antioquia,7
https://www.elcolombiano.com/antioquia/mauricio-tobon-dice-que-petro-y-quintero-destruyeron-antioquia-AD22651001,conflicto_territorial,Antioquia,8
https://www.elcolombiano.com/antioquia/nueva-asonada-en-antioquia-comunidad-saco-a-80-militares-de-briceno-por-orden-de-disidencias-farc-AJ23080404,conflicto_territorial,Antioquia,9
https://www.elcolombiano.com/antioquia/bello-tiene-nuevo-alcalde-encargado-tras-la-salida-de-oscar-andres-perez-DB21751750,conflicto_territorial,Antioquia,10
https://www.elcolombiano.com/medellin/victimas-de-desplazamiento-forzado-en-medellin-mas-de-3000-casos-en-el-primer-semestre-de-2023-AJ21935588,conflicto_territorial,Antioquia,11
https://www.elcolombiano.com/antioquia/gigante-chino-frena-operaciones-en-buritica-por-grave-crisis-de-seguridad-HC21455147,conflicto_territorial,Antioquia,12
https://www.elcolombiano.com/antioquia/asesinaron-a-lider-social-en-segovia-MA22000914,conflicto_territorial,Antioquia,13
https://www.elcolombiano.com/medellin/alcaldia-medellin-incumple-fallos-de-la-justicia-en-su-contra-NB22323970,conflicto_territorial,Antioquia,14
https://www.elcolombiano.com/antioquia/fondo-de-victimas-encontro-fincas-en-el-bajo-cauca-invadida-por-mineros-ilegales-OI21293683,conflicto_territorial,Antioquia,15
https://www.elcolombiano.com/medellin/plantones-en-contra-de-violencia-en-paro-minero-antioquia-PC20773369,presencia_grupos_armados,Antioquia,1
https://www.elcolombiano.com/antioquia/gobernador-anibal-gaviria-pide-ajustes-a-la-paz-de-gustavo-petro-HN20783136,presencia_grupos_armados,Antioquia,2
https://www.elcolombiano.com/antioquia/perro-policia-en-operativos-por-el-paro-minero-en-antioquia-KC20773999,presencia_grupos_armados,Antioquia,3
https://www.elcolombiano.com/antioquia/gobernador-de-antioquia-anibal-gaviria-denuncia-reclutamiento-de-menores-DG20261266,presencia_grupos_armados,Antioquia,4
https://www.elcolombiano.com/antioquia/nueva-asonada-en-antioquia-comunidad-saco-a-80-militares-de-briceno-por-orden-de-disidencias-farc-AJ23080404,presencia_grupos_armados,Antioquia,5
https://www.elcolombiano.com/antioquia/asesinaron-a-lider-social-en-segovia-MA22000914,presencia_grupos_armados,Antioquia,6
https://www.elcolombiano.com/antioquia/mujer-asesinada-al-parecer-por-su-expareja-en-santa-rosa-de-osos-KA21478705,presencia_grupos_armados,Antioquia,7
https://www.elcolombiano.com/medellin/victimas-de-desplazamiento-forzado-en-medellin-mas-de-3000-casos-en-el-primer-semestre-de-2023-AJ21935588,presencia_grupos_armados,Antioquia,8
https://www.elcolombiano.com/antioquia/soldado-asesinado-en-vereda-la-plancha-en-anori-antioquia-AC21984859,presencia_grupos_armados,Antioquia,9
https://www.elcolombiano.com/antioquia/triple-homicidio-en-santa-fe-de-antioquia-seria-retaliacion-del-clan-del-golfo-BF23266557,presencia_grupos_armados,Antioquia,10
https://www.elcolombiano.com/antioquia/autoridades-visitaron-a-puerto-lopez-y-hicieron-compromisos-FD20452214,presencia_grupos_armados,Antioquia,11
https://www.elcolombiano.com/antioquia/encapuchados-asesinaron-a-firmante-del-acuerdo-de-paz-en-un-bus-en-dabeiba-antioquia-EM21878509,presencia_grupos_armados,Antioquia,12
https://www.elcolombiano.com/antioquia/docentes-de-antioquia-reubicados-por-amenazas-de-grupos-armados-GD21553713,presencia_grupos_armados,Antioquia,13
https://www.elcolombiano.com/antioquia/profesores-amenazados-en-antioquia-por-eln-clan-del-golfo-denuncia-gobernacion-OH23063739,presencia_grupos_armados,Antioquia,14
https://www.elcolombiano.com/colombia/como-operaba-el-bloque-central-bolivar-de-las-auc-en-colombia-AA22330572,presencia_grupos_armados,Antioquia,15
https://elpilon.com.co/cesar-y-la-guajira/nace-una-nueva-fuerza-de-poder-en-la-guajira-katia-ospino-durante-evento-politico-en-maicao,conflicto_territorial,Maicao,1
https://diariodelnorte.net/judiciales/capturan-a-hombre-que-conducia-vehiculo-reportado-como-hurtado-en-paraguachon/,conflicto_territorial,Maicao,2
https://diariodelnorte.net/judiciales/comunidades-wayuu-bloquean-la-via-riohacha-maicao-por-presuntas-demoras-en-contratacion-del-icbf/,conflicto_territorial,Maicao,3
https://diariodelnorte.net/judiciales/capturan-a-hombre-que-conducia-motocicleta-reportada-como-hurtada-durante-operativos-de-control-en-uribia/,conflicto_territorial,Maicao,4
https://diariodelnorte.net/judiciales/capturan-a-un-hombre-por-receptacion-y-recuperan-motocicleta-con-requerimiento-judicial-en-uribia/,conflicto_territorial,Maicao,5
https://elpilon.com.co/general/minsalud-entrega-lanchas-ambulancia-a-maicao-un-municipio-sin-rio-ni-mar-y-desata-cuestionamientos,conflicto_territorial,Maicao,6
https://diariodelnorte.net/judiciales/recuperan-motocicleta-hurtada-en-maicao-y-capturan-al-presunto-responsable-en-albania/,conflicto_territorial,Maicao,7
https://diariodelnorte.net/laguajira/capturan-en-manaure-a-joven-que-conducia-una-motocicleta-reportada-por-hurto/,conflicto_territorial,Maicao,8
https://www.eltiempo.com/justicia/conflicto-y-narcotrafico/arranco-la-entrega-de-alias-bendito-menor-cabecilla-de-las-autodefensas-conquistadores-de-la-sierra-nevada-3526455,conflicto_territorial,Maicao,9
https://diariodelnorte.net/judiciales/levantan-bloqueos-en-las-salidas-de-maicao-hacia-albania-y-riohacha-tras-acuerdos-con-campesinos/,conflicto_territorial,Maicao,10
https://diariodelnorte.net/judiciales/comunidades-wayuu-levantan-bloqueo-en-la-via-riohacha-maicao-tras-acordar-mesa-de-dialogo-por-atentado-en-alto-pino/,conflicto_territorial,Maicao,11
https://diariodelnorte.net/judiciales/capturado-en-maicao-por-presunta-violacion-de-domicilio/,conflicto_territorial,Maicao,12
https://diariodelnorte.net/judiciales/capturan-a-un-hombre-por-presunta-falsedad-documental-y-recuperan-moto-hurtada-en-la-guajira/,conflicto_territorial,Maicao,13
https://diariodelnorte.net/judiciales/capturado-por-receptacion-durante-operativos-de-control-en-uribia/,conflicto_territorial,Maicao,14
https://diariodelnorte.net/judiciales/capturan-a-hombre-que-se-movilizaba-en-motocicleta-requerida-por-la-justicia-en-uribia/,conflicto_territorial,Maicao,15
https://laguajirahoy.com/judiciales/se-reabre-frontera-y-se-normaliza-paso-por-paraguachon-en-la-guajira.html,presencia_grupos_armados,Maicao,1
https://diariodelnorte.net/laguajira/defensoria-emite-alerta-por-expansion-de-las-acsn-y-escalada-del-riesgo-en-maicao/,presencia_grupos_armados,Maicao,2
https://diariodelnorte.net/judiciales/incautan-mercancia-de-contrabando-avaluada-en-400-millones-durante-operativo-en-maicao/,presencia_grupos_armados,Maicao,3
https://www.eltiempo.com/justicia/conflicto-y-narcotrafico/caen-tres-presuntos-integrantes-del-eln-en-maicao-la-guajira-estarian-encargados-de-realizar-extorsiones-a-pequenos-y-medianos-comerciantes-3493365,presencia_grupos_armados,Maicao,4
https://diariodelnorte.net/judiciales/hombre-wayuu-fallecio-tras-18-dias-en-uci-por-ataque-a-bala-en-maicao/,presencia_grupos_armados,Maicao,5
https://www.eltiempo.com/justicia/conflicto-y-narcotrafico/arranco-la-entrega-de-alias-bendito-menor-cabecilla-de-las-autodefensas-conquistadores-de-la-sierra-nevada-3526455,presencia_grupos_armados,Maicao,6
https://diariodelnorte.net/judiciales/recuperan-motocicleta-hurtada-en-maicao-y-capturan-al-presunto-responsable-en-albania/,presencia_grupos_armados,Maicao,7
https://diariodelnorte.net/judiciales/hombre-resulta-gravemente-herido-en-atentado-a-bala-en-el-barrio-vincula-palacio-de-maicao/,presencia_grupos_armados,Maicao,8
https://diariodelnorte.net/judiciales/capturan-a-hombre-que-portaba-pistola-glock-sin-permiso-en-uribia/,presencia_grupos_armados,Maicao,9
https://laguajirahoy.com/judiciales/capturan-hombre-e-incautan-cuatro-fusiles-de-alto-alcance-en-maicao.html,presencia_grupos_armados,Maicao,10
https://diariodelnorte.net/judiciales/capturan-en-maicao-a-hombre-senalado-de-agredir-a-otro-con-un-bate-durante-una-rina/,presencia_grupos_armados,Maicao,11
https://diariodelnorte.net/editorial/todos-contra-la-violencia/,presencia_grupos_armados,Maicao,12
https://laguajirahoy.com/judiciales/autoridades-capturan-a-22-presuntos-miembros-de-los-pachenca-en-cesar-magdalena-y-la-guajira.html,presencia_grupos_armados,Maicao,13
https://laguajirahoy.com/judiciales/capturan-a-persona-por-municion-de-alto-calibre-en-maicao-la-guajira.html,presencia_grupos_armados,Maicao,14
https://laguajirahoy.com/judiciales/hombre-fue-asesinado-a-tiros-en-el-barrio-el-bosque-de-maicao.html,presencia_grupos_armados,Maicao,15
https://boyaca7dias.com.co/2026/06/05/peaje-gratis-anoche-en-la-caseta-de-tuta-tolditos7dias/,conflicto_territorial,Oicata,1
https://boyaca7dias.com.co/2026/04/24/capturan-a-presunto-responsable-de-millonario-hurto-en-zona-rural-de-combita/,conflicto_territorial,Oicata,2
https://www.eltiempo.com/colombia/otras-ciudades/familia-y-bomberos-exigen-a-fiscalia-recapturar-al-tatuador-senalado-de-agredir-al-comandante-jairo-bolivar-sigue-en-uci-tras-brutal-golpiza-en-tunja-3572450,conflicto_territorial,Oicata,3
https://www.eltiempo.com/colombia/otras-ciudades/el-conmovedor-funeral-en-el-que-despidieron-a-yudi-castellanos-la-joven-que-fallecio-en-una-excursion-en-el-meta-su-perro-benji-acompano-el-feretro-3490812,conflicto_territorial,Oicata,4
https://boyaca7dias.com.co/2026/08/04/capturaron-a-tres-presuntos-integrantes-de-banda-dedicada-al-hurto-de-viviendas-en-boyaca/,conflicto_territorial,Oicata,5
https://boyaca7dias.com.co/2026/08/04/desde-la-medianoche-de-hoy-se-restablecera-el-cobro-en-el-peaje-de-tuta/,conflicto_territorial,Oicata,6
https://boyaca7dias.com.co/2026/07/27/el-gobierno-del-presidente-petro-adjudico-las-obras-publicas-del-corredor-ferreo-bogota-belencito/,conflicto_territorial,Oicata,7
https://www.eltiempo.com/economia/sectores/ani-adjudico-obras-publicas-de-los-corredores-ferreos-bogota-belencito-y-pacifico-por-mas-de-564-958-millones-3572794,conflicto_territorial,Oicata,8
https://boyaca7dias.com.co/2025/11/13/la-unidad-de-busqueda-de-personas-recupero-diez-cuerpos-en-el-cementerio-de-oicata/,conflicto_territorial,Oicata,9
https://boyaca7dias.com.co/2026/08/03/comunidades-advierten-con-bloquear-por-completo-la-via-en-el-peaje-de-tuta-ante-incumplimientos-de-la-ani/,conflicto_territorial,Oicata,10
https://boyaca7dias.com.co/2026/04/09/bloqueos-en-boyaca-este-jueves-por-paro-nacional-en-rechazo-al-aumento-del-impuesto-predial-estos-son-los-puntos-confirmados/,conflicto_territorial,Oicata,11
https://www.eltiempo.com/politica/elecciones-colombia-2026/resultados-presidenciales-2026-primera-vuelta/en-vivo-elecciones-presidenciales-2026-siga-la-jornada-de-votacion-en-oicata-boyaca-ultimas-noticias-3560006,conflicto_territorial,Oicata,12
https://boyaca7dias.com.co/2026/06/06/estos-fueron-los-compromisos-acordados-tras-las-protestas-en-el-peaje-de-tuta/,conflicto_territorial,Oicata,13
https://boyaca7dias.com.co/2025/08/05/paros-en-boyaca-bloqueos-ley-seca-y-represamiento-de-alimentos-marcaron-el-primer-dia-de-la-jornada/,conflicto_territorial,Oicata,14
https://www.eltiempo.com/politica/elecciones-colombia-2026/asi-recibieron-los-sectores-politicos-la-mas-reciente-encuesta-de-intencion-de-voto-de-guarumo-y-ecoanalitica-para-el-tiempo-3543844,conflicto_territorial,Oicata,15
https://boyaca7dias.com.co/2026/08/04/capturaron-a-tres-presuntos-integrantes-de-banda-dedicada-al-hurto-de-viviendas-en-boyaca/,presencia_grupos_armados,Oicata,1
https://www.eltiempo.com/colombia/otras-ciudades/familia-y-bomberos-exigen-a-fiscalia-recapturar-al-tatuador-senalado-de-agredir-al-comandante-jairo-bolivar-sigue-en-uci-tras-brutal-golpiza-en-tunja-3572450,presencia_grupos_armados,Oicata,2
https://boyaca7dias.com.co/2026/06/05/peaje-gratis-anoche-en-la-caseta-de-tuta-tolditos7dias/,presencia_grupos_armados,Oicata,3
https://boyaca7dias.com.co/2026/04/24/capturan-a-presunto-responsable-de-millonario-hurto-en-zona-rural-de-combita/,presencia_grupos_armados,Oicata,4
https://diariodelnorte.net/judiciales/capturan-a-hombre-que-conducia-vehiculo-reportado-como-hurtado-en-paraguachon/,conflicto_territorial,Paraguachon,1
https://diariodelnorte.net/judiciales/comunidades-wayuu-levantan-bloqueo-en-la-via-riohacha-maicao-tras-acordar-mesa-de-dialogo-por-atentado-en-alto-pino/,conflicto_territorial,Paraguachon,2
https://diariodelnorte.net/judiciales/capturan-en-paraguachon-a-hombre-requerido-por-delito-informatico/,conflicto_territorial,Paraguachon,3
https://diariodelnorte.net/judiciales/capturan-a-un-hombre-por-presunta-falsedad-documental-y-recuperan-moto-hurtada-en-la-guajira/,conflicto_territorial,Paraguachon,4
https://diariodelnorte.net/judiciales/capturan-en-zona-rural-de-maicao-a-hombre-requerido-por-homicidio/,conflicto_territorial,Paraguachon,5
https://diariodelnorte.net/judiciales/capturan-en-la-via-maicao-paraguachon-a-hombre-requerido-por-hurto-calificado-agravado/,conflicto_territorial,Paraguachon,6
https://diariodelnorte.net/laguajira/defensoria-emite-alerta-por-expansion-de-las-acsn-y-escalada-del-riesgo-en-maicao/,conflicto_territorial,Paraguachon,7
https://diariodelnorte.net/judiciales/ediles-de-paraguachon-denuncian-amenazas-tras-recibir-video-intimidante/,conflicto_territorial,Paraguachon,8
https://diariodelnorte.net/judiciales/migracion-colombia-expulsa-a-venezolana-detectada-durante-tramite-medico/,conflicto_territorial,Paraguachon,9
https://laguajirahoy.com/maicao-3/tension-del-lado-venezolano-por-caso-judicial-afecta-comercio-binacional.html,conflicto_territorial,Paraguachon,10
https://laguajirahoy.com/judiciales/por-presion-de-autoridades-venezolanas-captores-liberan-secuestrados-colombianos.html,conflicto_territorial,Paraguachon,11
https://diariodelnorte.net/judiciales/operativos-en-la-guajira-dejan-seis-capturados-y-recuperacion-de-tres-motocicletas-hurtadas/,conflicto_territorial,Paraguachon,12
https://diariodelnorte.net/laguajira/policia-fortalece-acciones-de-seguridad-en-el-paso-fronterizo-de-paraguachon/,conflicto_territorial,Paraguachon,13
https://diariodelnorte.net/judiciales/recuperan-dos-motocicletas-hurtadas-capturan-a-un-hombre-por-receptacion-e-incautan-arma-traumatica-en-vias-de-la-guajira/,conflicto_territorial,Paraguachon,14
https://diariodelnorte.net/judiciales/deportan-a-ciudadano-irani-que-ingreso-irregularmente-a-colombia-por-la-frontera-de-maicao-con-venezuela/,conflicto_territorial,Paraguachon,15
https://laguajirahoy.com/judiciales/se-reabre-frontera-y-se-normaliza-paso-por-paraguachon-en-la-guajira.html,presencia_grupos_armados,Paraguachon,1
https://diariodelnorte.net/laguajira/defensoria-emite-alerta-por-expansion-de-las-acsn-y-escalada-del-riesgo-en-maicao/,presencia_grupos_armados,Paraguachon,2
https://diariodelnorte.net/judiciales/capturan-a-presunto-integrante-de-estructura-criminal-por-extorsion-en-paraguachon/,presencia_grupos_armados,Paraguachon,3
https://laguajirahoy.com/judiciales-2/asesinan-a-joven-wayuu-en-zona-limitrofe-entre-colombia-y-venezuela.html,presencia_grupos_armados,Paraguachon,4
https://laguajirahoy.com/judiciales/por-presion-de-autoridades-venezolanas-captores-liberan-secuestrados-colombianos.html,presencia_grupos_armados,Paraguachon,5
https://diariodelnorte.net/judiciales/autoridades-capturan-a-13-personas-en-maicao-por-homicidio-extorsion-y-microtrafico/,presencia_grupos_armados,Paraguachon,6
https://diariodelnorte.net/editorial/quienes-secuestran/,presencia_grupos_armados,Paraguachon,7
https://www.eltiempo.com/justicia/conflicto-y-narcotrafico/el-eln-tiene-un-plan-de-saboteo-a-las-elecciones-investigador-de-campo-explica-las-razones-detras-del-atentado-al-batallon-de-riohacha-la-guajira-3558798,presencia_grupos_armados,Paraguachon,8
https://laguajirahoy.com/judiciales/hombres-armados-habrian-sacado-a-comerciante-de-su-vivienda-en-maicao-la-guajira.html,presencia_grupos_armados,Paraguachon,9
https://laguajirahoy.com/judiciales/secuestro-en-la-guajira-voces-policiales-explican-causas-cifras-y-retos.html,presencia_grupos_armados,Paraguachon,10
https://www.eltiempo.com/mundo/venezuela/padrino-lopez-confirmo-el-asesinato-de-varios-miembros-del-equipo-de-seguridad-de-nicolas-maduro-tras-los-bombardeos-de-estados-unidos-3521738,presencia_grupos_armados,Paraguachon,11
https://www.eltiempo.com/colombia/barranquilla/barranquilla-un-avance-para-la-justicia-y-la-democracia-de-la-region-esto-dijo-el-alcalde-char-acerca-de-la-captura-de-nicolas-maduro-3521761,presencia_grupos_armados,Paraguachon,12
https://diariodelnorte.net/judiciales/operativo-conjunto-en-maicao-deja-un-capturado-y-cuatro-armas-de-fuego-incautadas/,presencia_grupos_armados,Paraguachon,13
https://www.eltiempo.com/justicia/paz-y-derechos-humanos/defensoria-alerta-por-expansion-de-los-pachenca-en-maicao-comunidades-wayuu-y-migrantes-en-medio-del-fuego-cruzado-3567775,presencia_grupos_armados,Paraguachon,14
https://diariodelnorte.net/judiciales/recuperan-dos-motocicletas-hurtadas-capturan-a-un-hombre-por-receptacion-e-incautan-arma-traumatica-en-vias-de-la-guajira/,presencia_grupos_armados,Paraguachon,15
