id,url,origen,exclusion_beneficios_economicos,exclusion_beneficios_economicos__a,exclusion_beneficios_economicos__b,rechazo_proyecto,rechazo_proyecto__a,rechazo_proyecto__b,desplazamiento_forzado,desplazamiento_forzado__a,desplazamiento_forzado__b,conflicto_territorial,conflicto_territorial__a,conflicto_territorial__b,presencia_grupos_armados,presencia_grupos_armados__a,presencia_grupos_armados__b
c0000,https://laguajirahoy.com/judiciales/capturan-hombre-e-incautan-cuatro-fusiles-de-alto-alcance-en-maicao.html,pool,0,NO,NO,0,NO,NO,0,NO,NO,0,NO,NO,0,NO,NO
c0001,https://www.elcolombiano.com/antioquia/militares-antioquia-aceptaron-ante-la-jep-crimenes-de-guerra-y-lesa-humanidad-falsos-positivos-OH22709016,control,0,NO,NO,0,NO,NO,0,NO,NO,0,NO,NO,0,NO,NO
c0002,https://diariodelnorte.net/judiciales/capturan-a-un-hombre-por-presunta-falsedad-documental-y-recuperan-moto-hurtada-en-la-guajira/,control,0,NO,NO,0,NO,NO,0,NO,NO,0,NO,NO,0,NO,NO
c0003,https://periodicodelmeta.com/entre-desafios-y-expectativas-resumen-del-ano-i/,control,0,NO,NO,0,NO,NO,0,NO,NO,0,NO,NO,0,NO,NO
c0004,https://www.elcolombiano.com/antioquia/racha-violenta-de-asesinatos-en-el-fin-de-semana-de-navidad-en-antioquia-BE23414454,pool,0,NO,NO,0,NO,NO,0,NO,NO,0,NO,NO,0,NO,NO
c0005,https://www.eltiempo.com/colombia/otras-ciudades/por-amenazas-personero-de-el-copey-cesar-abandono-el-territorio-778047,control,0,NO,NO,0,NO,NO,1,SI,SI,0,DUDOSO,SI,1,SI,SI
c0006,https://www.eltiempo.com/colombia/otras-ciudades/iglesia-evangelica-a-pagar-indemnizacion-por-ninos-quemados-en-bus-en-fundacion-780011,control,0,NO,NO,0,NO,NO,0,NO,NO,0,NO,NO,0,NO,NO
c0007,https://eldiarioboyaca.com/grupo-de-investigacion-biodiversidad-y-conservacion-de-la-uptc-entrego-inventarios-de-fauna-flora-y-nuevas-especies-silvestres-en-boyaca/,control,0,NO,NO,0,NO,NO,0,NO,NO,0,NO,NO,0,NO,NO
c0008,https://diariodelnorte.net/judiciales/hombre-resulta-gravemente-herido-en-atentado-a-bala-en-el-barrio-vincula-palacio-de-maicao/,pool,0,NO,NO,0,NO,NO,0,NO,NO,0,NO,NO,0,NO,NO
c0009,https://www.elcolombiano.com/antioquia/cristian-halaby-esta-a-favor-del-regimen-de-bukele-PD22653927,control,0,NO,NO,0,NO,NO,0,NO,NO,0,NO,NO,0,NO,NO
c0010,https://diariodelnorte.net/judiciales/recuperan-motocicleta-hurtada-en-maicao-y-capturan-al-presunto-responsable-en-albania/,pool,0,NO,NO,0,NO,NO,0,NO,NO,0,NO,NO,0,NO,NO
c0011,https://trochandosinfronteras.info/la-arremetida-militar-y-estatal-contra-las-comunidades-uwa/,control,0,NO,NO,1,SI,SI,0,NO,NO,0,DUDOSO,DUDOSO,0,NO,NO
c0012,https://www.eltiempo.com/colombia/barranquilla/mas-luz-para-el-caribe-air-e-intervenida-garantiza-97-116-millones-del-prone-para-normalizar-redes-electricas-en-atlantico-magdalena-y-la-guajira-3507150,control,0,NO,NO,0,NO,NO,0,NO,NO,0,NO,NO,0,NO,NO
c0013,https://www.elcolombiano.com/antioquia/mauricio-tobon-dice-que-petro-y-quintero-destruyeron-antioquia-AD22651001,pool,0,NO,NO,0,NO,NO,0,NO,NO,0,NO,NO,0,NO,NO
c0014,https://boyaca7dias.com.co/2025/08/05/paros-en-boyaca-bloqueos-ley-seca-y-represamiento-de-alimentos-marcaron-el-primer-dia-de-la-jornada/,control,0,NO,NO,0,NO,NO,0,NO,NO,0,NO,NO,0,NO,NO
c0015,https://laguajirahoy.com/judiciales/capturan-a-persona-por-municion-de-alto-calibre-en-maicao-la-guajira.html,pool,0,NO,NO,0,NO,NO,0,NO,NO,0,NO,NO,0,NO,NO
c0016,https://laguajirahoy.com/politica/elecciones-de-consejo-de-juventud-ya-tienen-jurados-definidos-en-maicao.html,control,0,NO,NO,0,NO,NO,0,NO,NO,0,NO,NO,0,NO,NO
c0017,https://www.eltiempo.com/colombia/otras-ciudades/mas-de-1-900-millones-en-indemnizaciones-recibieron-victimas-del-conflicto-en-bolivar-831126,control,0,NO,NO,0,NO,NO,0,NO,NO,0,SI,DUDOSO,1,SI,SI
c0018,https://www.elcolombiano.com/cultura/artistas-de-teatro-emergentes-en-medellin-NL20907930,control,0,NO,NO,0,NO,NO,0,NO,NO,0,NO,NO,0,NO,NO
c0019,https://www.elcolombiano.com/antioquia/danos-en-la-infraestructura-de-los-colegios-de-antioquia-EO20956064,control,0,NO,NO,0,NO,NO,0,NO,NO,0,NO,NO,0,NO,NO
c0020,https://www.eltiempo.com/politica/gobierno/el-gobierno-de-petro-entrega-multimillonarios-contratos-a-los-indigenas-784815,control,0,NO,NO,0,NO,NO,0,NO,NO,0,NO,NO,0,NO,NO
c0021,https://laguajirahoy.com/judiciales/masacre-en-villa-mery-deja-cinco-victimas-mortales-en-maicao.html,control,0,NO,NO,0,NO,NO,0,NO,NO,0,NO,NO,0,NO,NO
c0022,https://diariodelnorte.net/judiciales/hombre-wayuu-fallecio-tras-18-dias-en-uci-por-ataque-a-bala-en-maicao/,pool,0,NO,NO,0,NO,NO,0,NO,NO,0,DUDOSO,NO,0,NO,NO
c0023,https://www.viveelmeta.com/ventas-de-crudo-carbono-compensado-5279/,control,0,NO,NO,0,NO,NO,0,NO,NO,0,NO,NO,0,NO,NO
c0024,https://diariodelnorte.net/judiciales/capturan-a-un-hombre-por-receptacion-y-recuperan-motocicleta-con-requerimiento-judicial-en-uribia/,pool,0,NO,NO,0,NO,NO,0,NO,NO,0,NO,NO,0,NO,NO
c0025,https://diariodelnorte.net/judiciales/bloquean-via-riohacha-maicao-para-exigir-traslado-de-joven-herido-en-accidente/,control,0,NO,NO,0,NO,NO,0,NO,NO,0,NO,NO,0,NO,NO
c0026,https://diariodelnorte.net/judiciales/identifican-a-comerciante-que-murio-en-accidente-de-transito-en-la-via-maicao-carraipia/,control,0,NO,NO,0,NO,NO,0,NO,NO,0,NO,NO,0,NO,NO
c0027,https://diariodelnorte.net/judiciales/capturado-en-maicao-por-presunta-violacion-de-domicilio/,pool,0,NO,NO,0,NO,NO,0,NO,NO,0,NO,NO,0,NO,NO
c0028,https://diariodelnorte.net/judiciales/capturan-en-maicao-a-hombre-senalado-de-agredir-a-otro-con-un-bate-durante-una-rina/,pool,0,NO,NO,0,NO,NO,0,NO,NO,0,NO,NO,0,NO,NO
c0029,https://www.diariodelsur.com.co/en-narino-18-municipios-se-benefician-con-la-instalacion-del-gas-domiciliario/,control,0,NO,NO,0,NO,NO,0,NO,NO,0,NO,NO,0,NO,NO
c0030,https://choco7dias.com/avanza-la-creacion-del-area-protegida-cabi-icho/,control,0,NO,NO,0,NO,NO,0,NO,NO,0,NO,NO,0,NO,NO
c0031,https://www.eltiempo.com/colombia/otras-ciudades/cajas-de-compensacion-buscan-fortalecer-turismo-776413,control,0,NO,NO,0,NO,NO,0,NO,NO,0,NO,NO,0,NO,NO
c0032,https://diariodelnorte.net/sociales/policia-y-entidades-locales-lideran-jornada-comunitaria-por-la-convivencia-en-el-barrio-altos-de-parrantial-de-maicao/,control,0,NO,NO,0,NO,NO,0,NO,NO,0,NO,NO,0,NO,NO
c0033,https://diariodelnorte.net/judiciales/capturan-a-hombre-que-se-movilizaba-en-motocicleta-requerida-por-la-justicia-en-uribia/,pool,0,NO,NO,0,NO,NO,0,NO,NO,0,NO,NO,0,NO,NO
c0034,https://laguajirahoy.com/maicao/unidad-de-dialogo-social-busca-frenar-bloqueos-y-reactivar-economia-en-la-guajira.html,control,0,NO,NO,0,NO,NO,0,NO,NO,0,NO,NO,0,NO,NO
c0035,https://diariodelnorte.net/judiciales/comunidades-wayuu-bloquean-la-via-riohacha-maicao-por-presuntas-demoras-en-contratacion-del-icbf/,pool,0,NO,NO,0,NO,NO,0,NO,NO,0,NO,NO,0,NO,NO
c0036,https://www.elcolombiano.com/antioquia/gigante-chino-frena-operaciones-en-buritica-por-grave-crisis-de-seguridad-HC21455147,pool,0,NO,NO,0,NO,NO,0,NO,NO,1,SI,SI,1,SI,SI
c0037,https://laguajirahoy.com/la-guajira/en-la-guajira-reportan-normalidad-tras-cierre-preventivo-de-frontera-con-venezuela.html,control,0,NO,NO,0,NO,NO,0,NO,NO,0,NO,NO,0,NO,NO
c0038,https://elpilon.com.co/cesar-y-la-guajira/nace-una-nueva-fuerza-de-poder-en-la-guajira-katia-ospino-durante-evento-politico-en-maicao,pool,0,NO,NO,0,NO,NO,0,NO,NO,0,NO,NO,0,NO,NO
c0039,https://www.elcolombiano.com/generacion/edicion-del-mes/arte-en-medellin-mas-visitantes-y-menos-apoyo-DA23236252,control,0,NO,NO,0,NO,NO,0,NO,NO,0,NO,NO,0,NO,NO
c0040,https://diariodelnorte.net/judiciales/accidente-en-la-via-riohacha-maicao-deja-personas-heridas-y-saqueos-por-parte-de-la-comunidad/,control,0,NO,NO,0,NO,NO,0,NO,NO,0,NO,NO,0,NO,NO
c0041,https://laguajirahoy.com/opinion/columnista/obras-son-amores.html,control,0,NO,NO,0,NO,NO,0,NO,NO,0,NO,NO,0,NO,NO
c0042,https://www.eltiempo.com/colombia/barranquilla/barranquilla-declaraciones-de-jaime-pumarejo-sobre-el-aeropuerto-773561,control,0,NO,NO,0,NO,NO,0,NO,NO,0,NO,NO,0,NO,NO
c0043,https://www.eltiempo.com/colombia/otras-ciudades/muerte-de-yeison-jimenez-las-escenas-del-accidente-de-la-avioneta-de-yeison-jimenez-que-en-la-vereda-romita-de-paipa-nunca-olvidaran-3523540,control,0,NO,NO,0,NO,NO,0,NO,NO,0,NO,NO,0,NO,NO
c0044,https://diariodelnorte.net/judiciales/capturan-a-hombre-que-portaba-pistola-glock-sin-permiso-en-uribia/,pool,0,NO,NO,0,NO,NO,0,NO,NO,0,NO,NO,0,NO,NO
c0045,https://www.elcolombiano.com/antioquia/soldado-asesinado-en-vereda-la-plancha-en-anori-antioquia-AC21984859,pool,0,NO,NO,0,NO,NO,0,NO,NO,0,NO,DUDOSO,1,SI,SI
c0046,https://www.elcolombiano.com/antioquia/mujer-asesinada-al-parecer-por-su-expareja-en-santa-rosa-de-osos-KA21478705,pool,0,NO,NO,0,NO,NO,0,NO,NO,0,NO,NO,0,NO,NO
c0047,https://boyaca7dias.com.co/2025/12/29/en-lo-que-va-de-diciembre-en-boyaca-se-han-presentado-27-incendios/,control,0,NO,NO,0,NO,NO,0,NO,NO,0,NO,NO,0,NO,NO
c0048,https://www.elcolombiano.com/antioquia/elecciones-2023-en-medellin-precandidatos-a-alcaldia-y-gobernacion-IH20417258,pool,0,NO,NO,0,NO,NO,0,NO,NO,0,NO,NO,0,NO,NO
c0049,https://www.eltiempo.com/justicia/conflicto-y-narcotrafico/arranco-la-entrega-de-alias-bendito-menor-cabecilla-de-las-autodefensas-conquistadores-de-la-sierra-nevada-3526455,pool,0,NO,NO,0,NO,NO,0,NO,NO,0,NO,NO,1,SI,SI
c0050,https://cesarnoticias.co/inician-investigacion-contra-el-alcalde-de-codazzi-por-presunto-desvio-de-fondos-de-ocad-paz/,control,0,NO,DUDOSO,0,NO,NO,0,NO,NO,0,NO,NO,0,NO,NO
c0051,https://laguajirahoy.com/maicao/maicao-intensifica-controles-para-blindar-movilidad-a-paraguachon-territorio-que-limita-con-venezuela.html,control,0,NO,NO,0,NO,NO,0,NO,NO,0,NO,NO,0,NO,NO
c0052,https://www.eltiempo.com/justicia/delitos/presuntas-dadivas-para-tramitar-fallos-acusacion-a-funcionarias-en-atlantico-769718,control,0,NO,NO,0,NO,NO,0,NO,NO,0,NO,NO,0,NO,NO
c0053,https://www.eltiempo.com/unidad-investigativa/la-calera-tras-hallazgo-de-pancarta-de-disidencias-hubo-movimiento-de-tropa-838616,control,0,NO,NO,0,SI,NO,0,NO,NO,0,NO,NO,1,SI,SI
c0054,https://laguajirahoy.com/medio-ambiente-2/corpoguajira-fortalece-acciones-frente-a-sequias-y-variabilidad-climatica.html,control,0,NO,NO,0,NO,NO,0,NO,NO,0,NO,NO,0,NO,NO
c0055,https://www.elcolombiano.com/antioquia/triple-homicidio-en-santa-fe-de-antioquia-seria-retaliacion-del-clan-del-golfo-BF23266557,pool,0,NO,NO,0,NO,NO,0,NO,NO,0,DUDOSO,DUDOSO,1,SI,SI
c0056,https://boyaca7dias.com.co/2025/08/24/empresas-que-han-hecho-historia-en-boyaca-y-que-han-impulsado-su-desarrollo-hector-h-rodriguez-aelinforme-h-h/,control,0,NO,NO,0,NO,NO,0,NO,NO,0,NO,NO,0,NO,NO
c0057,https://periodicodelmeta.com/los-retos-ambientales-de-los-mandatarios/,control,0,NO,NO,0,NO,NO,0,NO,NO,0,NO,NO,0,NO,NO
c0058,https://choco7dias.com/la-disputa-de-tierras-entre-indigenas-y-afro-en-el-dieciocho-que-amenaza-con-agravarse/,control,0,NO,NO,0,NO,NO,0,NO,NO,1,SI,SI,0,NO,NO
c0059,https://diariodelnorte.net/judiciales/capturan-a-hombre-que-conducia-motocicleta-reportada-como-hurtada-durante-operativos-de-control-en-uribia/,pool,0,NO,NO,0,NO,NO,0,NO,NO,0,NO,NO,0,NO,NO
c0060,https://diariodelnorte.net/judiciales/capturado-por-receptacion-durante-operativos-de-control-en-uribia/,pool,0,NO,NO,0,NO,NO,0,NO,NO,0,NO,NO,0,NO,NO
c0061,https://diariodelnorte.net/judiciales/dos-hombres-muertos-y-una-mujer-herida-deja-incursion-armada-en-zona-rural-de-manaure/,control,0,NO,NO,0,NO,NO,0,NO,NO,0,NO,DUDOSO,0,NO,NO
