indicador,id,frase,nula_cruda_p09,nula_corr_media,real_corr_media,real_corr_p05,brecha_media,brecha_min,max_min,max_q1,max_med,max_q3,max_max,max_iqr,nula_max_media,P1,P2,P3,saturada,pasa
conflicto_territorial,C21,Hay una invasión de predios.,0.02710027100271003,0.005717068012484678,0.16375290534429274,0.1510840108401084,0.7061366852760416,0.1509563643477259,0.4053906600839744,0.8178750847572653,0.8877884334864701,0.9689191089024509,0.9928178133998752,0.15104402414518558,0.16056704557489934,True,True,True,False,True
conflicto_territorial,V2,(V2),0.056910569105691054,0.019806955017001124,0.3026610790974414,0.31029810298102983,0.6495129877894286,0.37016295472232275,0.6963385378691929,0.9141274372554253,0.9720528353405393,0.9851159105495835,0.995646115168003,0.07098847329415814,0.28638973585286553,False,True,True,False,False
conflicto_territorial,C20,Hay una invasión de predios en disputa.,0.041327913279132794,0.01547518901978086,0.2868823656322073,0.29471544715447157,0.6256302680352842,0.1794010761440083,0.3223763129351254,0.9052255045593955,0.9622667651044835,0.9785041841146473,0.9917978501102921,0.0732786795552518,0.2911885824709545,True,True,False,False,False
conflicto_territorial,C22,Hay una invasión de tierras en disputa.,0.041327913279132794,0.01547518901978086,0.24701300426676626,0.2459349593495935,0.6004063026063574,0.04324259546928827,0.1862178322604054,0.8793036681533009,0.9456291885517504,0.9651313442176828,0.9873490614492778,0.08582767606438191,0.2911885824709545,True,True,False,False,False
conflicto_territorial,C26,Campesinos invaden un predio en disputa.,0.029132791327913278,0.008286849890424965,0.08852917629859174,0.05962059620596206,0.5047455956209332,-0.08173116097820671,0.21080309702184652,0.5806470936378786,0.7152992145832395,0.8742741858933663,0.9589040767138864,0.29362709225548767,0.18129310403114018,True,True,False,False,False
conflicto_territorial,C34,Colonos invaden tierras del resguardo indígena.,0.029132791327913278,0.008430657559725758,0.08374769049034134,0.05623306233062331,0.4904690372886111,0.011686568173984108,0.011686568173984108,0.5679389477052005,0.7258804758482544,0.8246175380906716,0.9508506038359297,0.25667859038547114,0.1912573929569975,True,True,False,False,False
conflicto_territorial,C32,Campesinos y terratenientes disputan la posesión de unas tierras.,0.02981029810298103,0.01538070004039527,0.10921164312094153,0.08468834688346884,0.47006739573583906,0.024886425538811013,0.15673665258466907,0.6555622715700996,0.8268064322723464,0.9293982357565835,0.9941179530691051,0.2738359641864839,0.29833158554485195,True,True,False,False,False
conflicto_territorial,C15,Hay una disputa por la propiedad de un territorio.,0.06910569105691057,0.047116541286788154,0.2787726958887925,0.2865853658536585,0.4528670495474285,0.1381616615958854,0.7350993619650633,0.9443333892482443,0.9772277909610322,0.991290634430508,0.9968981690400714,0.04695724518226374,0.5025139171057522,False,False,False,False,False
conflicto_territorial,C02,Hay una disputa por el control de un territorio.,0.07181571815718157,0.047940796618829176,0.33739810159545214,0.36653116531165314,0.4496832700438455,0.08946156389654725,0.7924361168824016,0.9586017172424357,0.9808720217920917,0.9942435866907906,0.9980628438434654,0.0356418694483549,0.5165141166073665,False,False,False,True,False
conflicto_territorial,C30,Campesinos y terratenientes se enfrentan por la posesión de un predio.,0.02100271002710027,0.013030281529147692,0.08897099268515347,0.05758807588075881,0.44474186955119044,-0.09539950507865391,0.0920746502458547,0.5992089567206719,0.7902754054990595,0.9121317793499639,0.9908530999305881,0.31292282262929205,0.2779934393790747,True,True,False,False,False
conflicto_territorial,C01,Hay una disputa por la propiedad de unas tierras.,0.06910569105691057,0.047116541286788154,0.2388196652815896,0.23848238482384823,0.4361820357266165,0.14511879889041823,0.722081156561589,0.9274810654166359,0.9639518350772214,0.99104723810007,0.996836217455993,0.06356617268343412,0.5025139171057522,False,False,False,False,False
conflicto_territorial,C24,Hay una toma de predios en disputa.,0.07317073170731707,0.05964963468371212,0.27545310018361757,0.2757452574525745,0.42635336294944265,0.12080839759323869,0.6903223991468629,0.9369488978055922,0.9699839237849011,0.9864429641743807,0.9962125556672369,0.0494940663687885,0.5150189809139742,False,False,False,False,False
conflicto_territorial,C08,Campesinos y terratenientes disputan la propiedad de unas tierras.,0.037940379403794036,0.01799674681415609,0.11113295609207159,0.08536585365853659,0.41529616455405827,0.01634036651058926,0.14248234779524283,0.6872978802197778,0.8115120921124441,0.913615772654331,0.9923007826709386,0.22631789243455325,0.3524532219182242,True,True,False,False,False
conflicto_territorial,C12,Dos actores disputan la propiedad de unas tierras.,0.06300813008130081,0.050189934844032474,0.3144140888828506,0.3231707317073171,0.4111509270267923,0.060965844736532104,0.8080475001145607,0.9429247004651726,0.9787886359479003,0.9911546860723326,0.9966431992478288,0.048229985607159964,0.5505326127196144,False,False,False,False,False
conflicto_territorial,C17,Hay una disputa entre actores por la tierra.,0.07317073170731707,0.06385529313361017,0.4732897203935935,0.5067750677506775,0.3992311170186833,0.08255447071168831,0.8636741162559528,0.9647470628549467,0.9845195449883033,0.9934850095882367,0.9977039865743559,0.02873794673329,0.5750543836271067,False,False,False,True,False
conflicto_territorial,C28,Indígenas y ganaderos disputan la propiedad de unas tierras.,0.036585365853658534,0.017104670174304667,0.1052402684400607,0.07249322493224933,0.3978177642245212,-0.13248577806893602,0.09735908337779615,0.6494688185542435,0.7877029320986784,0.8712015320149858,0.9875600239208185,0.2217327134607423,0.3261465792368019,True,True,False,False,False
conflicto_territorial,C29,Los ocupantes y el propietario disputan la propiedad de un predio.,0.029132791327913278,0.013578536815673243,0.06522513505666867,0.04200542005420054,0.3804831255445433,-0.009344028647554015,0.11608627523337652,0.5635582495940532,0.6959498482360247,0.8624748583838759,0.9676417202693378,0.29891660878982274,0.28717192686652704,True,True,False,False,False
conflicto_territorial,C13,Dos actores se enfrentan por la propiedad de unas tierras.,0.07046070460704607,0.05913967965947728,0.313803618237662,0.31910569105691056,0.37910928397416593,0.07188222750753748,0.8277701064843017,0.9648869595879906,0.9819045143978514,0.993756573627242,0.9965153040574075,0.028869614039251368,0.5888609455325036,False,False,False,True,False
conflicto_territorial,C06,Hay una disputa por la ocupación de predios.,0.05758807588075881,0.039016394443693515,0.15969731219467131,0.1483739837398374,0.37735414429040126,0.05457859676863808,0.39213033437780254,0.8458161693046622,0.9420789710717532,0.9775022248592911,0.9956007168780815,0.13168605555462887,0.49764331068196976,False,False,False,False,False
conflicto_territorial,C21b,Hay una invasión de predios.,0.07181571815718157,0.050025006794578754,0.16375290534429274,0.1510840108401084,0.36179848047234964,0.11195063968414276,0.4053906600839744,0.8178750847572653,0.8877884334864701,0.9689191089024509,0.9928178133998752,0.15104402414518558,0.5049052503785911,False,False,False,False,False
conflicto_territorial,C25,Hay un despojo de tierras a campesinos.,0.03726287262872629,0.028998624450783453,0.06685395489465314,0.04403794037940379,0.33462272149443184,-0.1343632162933081,0.13908894622520013,0.6033795694458246,0.7377177219944447,0.8025973196579258,0.9811985470876334,0.1992177502121012,0.34427985322256194,True,False,False,False,False
conflicto_territorial,C11,Grupos armados se disputan el control de un territorio.,0.10501355013550136,0.06937648221213677,0.32052006695889723,0.3333333333333333,0.3004611067704587,0.0033633007998313813,0.6467215891666938,0.9098629343591602,0.9645969246694366,0.9841408672520406,0.9976854193420668,0.07427793289288043,0.6408673515560066,False,False,False,False,False
conflicto_territorial,C04,Hay una disputa por los linderos de un predio.,0.11856368563685638,0.08475681203325769,0.15766816386072788,0.1510840108401084,0.2878304729577577,0.05001861968556298,0.3917207659734304,0.8750268369233833,0.9499782132298353,0.98281940629936,0.9962323252979752,0.1077925693759767,0.6069847474243886,False,False,False,False,False
conflicto_territorial,C07,Hay una disputa por la restitución de tierras despojadas.,0.09688346883468835,0.06877871747185896,0.16620111610550667,0.1524390243902439,0.28537145358453786,-0.07349571650848075,0.197875983583356,0.8431135246788358,0.8935128503741396,0.9583489156380814,0.9923808055985878,0.11523539095924562,0.574638890018337,False,False,False,False,False
conflicto_territorial,C16,Hay una disputa por el uso de un territorio.,0.15447154471544716,0.11839097994346183,0.3004094403195705,0.31842818428184283,0.27226630843770067,0.013589866386439331,0.6987110001746316,0.963205484450508,0.9765585172811211,0.991405284322939,0.9978310099793217,0.02819979987243093,0.6867174350720375,False,False,False,False,False
conflicto_territorial,C09,Comunidades indígenas y colonos disputan tierras del resguardo.,0.025745257452574527,0.007413815027836832,0.026479743260128207,0.012872628726287264,0.26063485269734993,-0.25454887313396546,0.003961318383972125,0.2626330406612543,0.4300639140448288,0.586066211438441,0.8701266205456819,0.32343317077718664,0.17934846882630667,True,True,False,False,False
conflicto_territorial,C27,Campesinos y una empresa disputan la propiedad de unas tierras.,0.1016260162601626,0.0745571823472178,0.23973901747854673,0.2086720867208672,0.2526728908099564,0.008110398185203982,0.28473021577189384,0.7960712129375315,0.9014407953841461,0.9384961844023986,0.9922987825434338,0.1424249714648671,0.593745215727999,False,False,False,False,False
conflicto_territorial,C23,Hay una ocupación de predios en disputa.,0.2872628726287263,0.20347821533801866,0.4496969929854772,0.49525745257452575,0.22376403584663307,0.05070198107493029,0.8934019520545009,0.9656030796292071,0.9868542492666127,0.9929990856721782,0.996549282682271,0.0273960060429711,0.7521846870054285,False,False,False,True,False
conflicto_territorial,C05,Hay una disputa por la titularidad de un baldío o un resguardo.,0.12804878048780488,0.08500370266487833,0.1743531292129777,0.1483739837398374,0.2158229785516932,-0.013322477014661271,0.13179891449259032,0.7988594922283034,0.8646474958357584,0.938901229485741,0.9849253831165438,0.14004173725743752,0.6167086030017606,False,False,False,False,False
conflicto_territorial,C03,Hay un conflicto por el uso de la tierra entre varios actores.,0.18495934959349594,0.13489638733168116,0.4567276872570558,0.5128726287262872,0.20015558164761393,0.007529417635411262,0.8521516555377006,0.9658964508110616,0.9804432400192927,0.9923020352151015,0.9966249824443316,0.02640558440403995,0.7729858565311232,False,False,False,True,False
conflicto_territorial,C14,"Hay una disputa por el control, el uso o la propiedad de unas tierras.",0.21680216802168023,0.160564546991349,0.2807257826650842,0.28523035230352306,0.17633823231205753,-0.0456795454222918,0.6942306350399202,0.9119245085365371,0.9652021171506641,0.9874813521668911,0.9959218800128288,0.07555684363035409,0.7577160134477554,False,False,False,False,False
conflicto_territorial,C31,Familias campesinas reclaman la propiedad de una finca.,0.02981029810298103,0.01081645666456068,0.025646183466732298,0.015582655826558265,0.17119385577808294,-0.14440640745698322,0.0,0.21360854942201313,0.3497574720220804,0.544482910602958,0.9603411784197977,0.3308743611809448,0.2340616781572043,True,True,False,False,False
conflicto_territorial,C19,Hay un conflicto por tierras entre comunidades y otros actores.,0.30691056910569103,0.2285751548793405,0.4262390930226741,0.45867208672086723,0.13098333054144673,0.004532353790499433,0.8471049454719022,0.961107985954496,0.9780180202782314,0.9915205002097373,0.996472909675024,0.030412514255241274,0.8367948152345137,False,False,False,False,False
conflicto_territorial,C33,Terratenientes despojan de sus tierras a campesinos.,0.03590785907859079,0.022194673298978593,0.028446339861401954,0.015582655826558265,0.12880271836765558,-0.31390279276890376,0.009258781405116046,0.26352479563160985,0.43963017243852376,0.6969105961874702,0.9535902838360365,0.43338580055586035,0.3428313314442911,True,False,False,False,False
conflicto_territorial,C18,Hay un conflicto entre dos partes por la propiedad de unas tierras.,0.3814363143631436,0.27226027032121486,0.46629386925431326,0.5338753387533876,0.08921982836035873,0.004639805817837406,0.8913285142774583,0.979570604042328,0.9915995296158956,0.9955050858399783,0.9970592328756728,0.015934481797650335,0.8871703934294215,False,False,False,True,False
conflicto_territorial,JEFE,(jefe),0.8008130081300813,0.5267926292402374,0.5506189228573642,0.6382113821138211,0.019181242109036344,-0.01361162649914005,0.9092887938772888,0.9810739561269722,0.9917189364610054,0.9943401812777986,0.9969189207914699,0.013266225150826316,0.964844701865898,False,False,False,True,False
conflicto_territorial,C10,Una empresa y una comunidad disputan el uso de unas tierras.,0.6680216802168022,0.44831323105254345,0.5353374880965526,0.6185636856368564,0.01470266864584691,-0.02039926506177392,0.9007442261663716,0.968986675908539,0.9887424443266981,0.992895503983392,0.9971837690252823,0.02390882807485295,0.9622651695015381,False,False,False,True,False
resistencia_territorial,R27,Los habitantes protestan contra una intervención externa en su territorio.,0.008130081300813009,0.0028054191380956044,0.0800680698397127,0.07384823848238482,0.6283525480004132,0.0,0.0,0.667480198049845,0.7714600982629554,0.8868676440608225,0.9938021454549394,0.21938744601097748,0.09898293596114552,True,True,True,False,True
resistencia_territorial,R30,Los habitantes rechazan una hidroeléctrica o un megaproyecto.,0.0040650406504065045,0.00037428497870033053,0.03503414240249926,0.015582655826558265,0.49032277792438095,-0.08226915195451834,0.014039275555093766,0.36688391109650553,0.5168559541785525,0.6844368946857269,0.9028947512684747,0.31755298358922135,0.015680056287033214,True,True,True,False,True
resistencia_territorial,R29,Los habitantes se oponen a una hidroeléctrica o un megaproyecto en su territorio.,0.0040650406504065045,0.0020522204743281805,0.0373613167856833,0.01964769647696477,0.4656705304220528,-0.06797824356593501,0.0,0.39864115602527955,0.5199121061456968,0.6934378790349514,0.919292602967387,0.2947967230096718,0.0727331733010303,True,True,True,False,True
resistencia_territorial,V2,(V2),0.056910569105691054,0.019806955017001124,0.07063130790820528,0.048102981029810296,0.38837984793987107,-0.19079541652097548,0.0,0.6025340127071451,0.6902599107271532,0.8145191917652714,0.9661631560918089,0.2119851790581263,0.28638973585286553,False,True,True,False,False
resistencia_territorial,R12,Los habitantes rechazan una hidroeléctrica o un megaproyecto en su territorio.,0.006097560975609756,0.003913686440082537,0.02942840664213271,0.014227642276422764,0.35881509651367144,-0.09590298578640832,0.060348599877835474,0.34883104359653777,0.5144400310513138,0.6818344453351942,0.9020666033174285,0.33300340173865645,0.1315001673864068,True,True,False,False,False
resistencia_territorial,R22,Los habitantes actúan para defender su territorio de una intervención externa.,0.07994579945799458,0.06333237948713627,0.3465374409298249,0.3556910569105691,0.35160136342676374,0.051294322829687156,0.504501199581923,0.8740099251357933,0.9219919040920624,0.9697615027272335,0.990724913174689,0.09575157759144015,0.5558751418837626,False,False,False,False,False
resistencia_territorial,R23,Los habitantes protestan para defender su territorio frente a una intervención externa.,0.03319783197831978,0.016642743044827154,0.0822937029767007,0.07317073170731707,0.3432343563020467,-0.12456269089791594,0.0,0.6052204742296389,0.7466065063337002,0.8730315515590646,0.9864927630147892,0.2678110773294258,0.3593661895214552,True,True,False,False,False
resistencia_territorial,R21,Una comunidad protesta para defender su territorio de una intervención externa.,0.07520325203252033,0.05346819057385523,0.2411522908081997,0.24119241192411925,0.32688025145853045,-0.09910758679578863,0.15225793325580966,0.876710156745534,0.9385658010553237,0.9768618360580237,0.996039194614649,0.1001516793124897,0.5673698533450386,False,False,False,False,False
resistencia_territorial,R05,Los habitantes protestan para defender su territorio de una intervención externa.,0.024390243902439025,0.013797169707426183,0.0627241766232805,0.054878048780487805,0.3250826569020447,-0.07589496781016253,0.0,0.5759154671646116,0.7154173175635223,0.8561878109407053,0.9833623152761505,0.28027234377609367,0.3435811113078122,True,True,False,False,False
resistencia_territorial,R34,Los pobladores protestan para defender su territorio de una intervención externa.,0.024390243902439025,0.011855256479538709,0.04941894226484293,0.04403794037940379,0.31332538677259125,0.0,0.0,0.5102550436501809,0.6807210313567518,0.8125444888000009,0.9849425703704324,0.3022894451498199,0.3079210319577675,True,True,False,False,False
resistencia_territorial,R01,Hay protestas comunitarias contra un proyecto minero.,0.04742547425474255,0.025497030742048652,0.09701675935156862,0.07317073170731707,0.28859742126150645,0.014062559415337905,0.15645952864561552,0.6346055822358445,0.7271997785778193,0.8074857194126523,0.9823671391736108,0.17288013717680784,0.42043443595624486,True,False,False,False,False
resistencia_territorial,R24,Los habitantes protestan para defender su territorio de un proyecto externo.,0.04336043360433604,0.024495636695011515,0.09860080832375119,0.08468834688346884,0.2752937404620164,-0.08195699609298557,0.04240898028009671,0.6736363403432171,0.779124261619359,0.8955608182910063,0.9833106166633635,0.22192447794778924,0.46182751556621887,True,False,False,False,False
resistencia_territorial,R20,Hay resistencia comunitaria frente a un proyecto externo en su territorio.,0.11991869918699187,0.08761106098084076,0.35191477978935504,0.3604336043360434,0.27224935714466647,0.08761203559261488,0.498186888477939,0.9283680472719601,0.9506370533775408,0.9835721613007851,0.9962210243202233,0.05520411402882497,0.6618439073069555,False,False,False,False,False
resistencia_territorial,R09,Hay una minga o un paro comunitario en rechazo a un proyecto en su territorio.,0.048102981029810296,0.05152508318323823,0.15240799588405116,0.10501355013550136,0.2577700809288661,-0.22407277149227173,0.3517969535636406,0.6934026466860285,0.7905454087792988,0.870188824784345,0.9748451082862926,0.17678617809831654,0.5071734186907312,True,False,False,False,False
resistencia_territorial,R15,Campesinos protestan para defender su tierra frente a un proyecto externo.,0.05962059620596206,0.03976317004877118,0.1109766740176993,0.07994579945799458,0.2523254882509509,-0.2202434518589439,0.0816678486432505,0.6644075075941147,0.7816100759566692,0.8746696237548054,0.9741188279200823,0.21026211616069068,0.48442935399455844,False,False,False,False,False
resistencia_territorial,R25,Los habitantes protestan para defender su territorio de una decisión externa.,0.051490514905149054,0.029950650258763496,0.09511351141543628,0.08197831978319783,0.22592453791196648,-0.11079400103321424,0.20954783732223328,0.6465930876691981,0.7681757083872895,0.894106573655636,0.9893672412674798,0.24751348598643785,0.5088005678091977,False,False,False,False,False
resistencia_territorial,R32,Los habitantes protestan contra decisiones externas que afectan su territorio.,0.08401084010840108,0.0566924178684743,0.16152680606571315,0.14566395663956638,0.20749031586524894,0.004546543478137988,0.4268234527520137,0.8015016815740126,0.8871346259711639,0.9500125417956196,0.9901128792608176,0.14851086022160698,0.6432772552647732,False,False,False,False,False
resistencia_territorial,R11,Una comunidad protesta contra una empresa minera o petrolera en su territorio.,0.1334688346883469,0.08221536684587494,0.2502284703867427,0.24525745257452575,0.17952270790479846,-0.0002595624260502971,0.46023737352139693,0.8337440225045617,0.9127578004101433,0.9407383422568608,0.9887525230531122,0.10699431975229912,0.6892448977625585,False,False,False,False,False
resistencia_territorial,R14,Una comunidad indígena defiende su territorio frente a un proyecto externo.,0.25338753387533874,0.17337420723329225,0.5157622201680976,0.5745257452574526,0.15506794465736112,0.01611887020470948,0.8510164674633194,0.963643474024746,0.9778250313552703,0.989791676463412,0.9967826197171884,0.026148202438666,0.8138653163902896,False,False,False,False,False
resistencia_territorial,R27b,Los habitantes protestan contra una intervención externa en su territorio.,0.06504065040650407,0.039252850976092414,0.0800680698397127,0.07384823848238482,0.1528568803760855,-0.004472264465501863,0.0,0.667480198049845,0.7714600982629554,0.8868676440608225,0.9938021454549394,0.21938744601097748,0.5744786035854732,False,False,False,False,False
resistencia_territorial,R26,"Los habitantes protestan para defender su territorio de proyectos, intervenciones o decisiones externas.",0.06233062330623306,0.04944768458757575,0.09530232882077906,0.07452574525745258,0.147056858768355,-0.037400771627389195,0.12764228896563357,0.6022705438720435,0.7434989696604041,0.8611129648193405,0.9590513051286611,0.25884242094729704,0.5647496080456855,False,False,False,False,False
resistencia_territorial,R10,Una comunidad interpone una tutela para frenar una intervención en su territorio.,0.2350948509485095,0.1754980276306133,0.37063612155827125,0.3807588075880759,0.1390032067680544,-0.02127189373997218,0.5032321413177843,0.8894555973227991,0.9492438403219169,0.9672627372781567,0.9948451327049831,0.0778071399553576,0.7808779645506634,False,False,False,False,False
resistencia_territorial,R07,"Hay bloqueos, marchas o plantones comunitarios contra un proyecto en su territorio.",0.07249322493224933,0.0693280007911302,0.12871337541111272,0.08604336043360433,0.13375812443687135,-0.24373971063146382,0.297189520553539,0.658306281408907,0.7576339263905374,0.8439311437280992,0.9892555325591573,0.18562486231919217,0.5919586136813701,False,False,False,False,False
resistencia_territorial,R17,Los habitantes se oponen a un proyecto externo que amenaza su territorio.,0.1619241192411924,0.10682452390582028,0.21773978373738717,0.2046070460704607,0.12355500049205673,-0.038014001263408925,0.4975584194426229,0.8375956995501599,0.908168668870599,0.9744080180130315,0.9954505517427895,0.13681231846287156,0.7497792773821034,False,False,False,False,False
resistencia_territorial,R04,Una comunidad bloquea una vía para impedir un proyecto en su territorio.,0.252710027100271,0.19188366739820487,0.4202765892617799,0.45121951219512196,0.11633645667894993,-0.0034418945470174878,0.4949645662132455,0.9435670915863836,0.9697188116667723,0.9845277267850816,0.9926114103365212,0.04096063519869797,0.8239501952600068,False,False,False,False,False
resistencia_territorial,R33,Los habitantes se movilizan para defender su territorio de proyectos o decisiones externas.,0.1111111111111111,0.0893129193695438,0.1819230166537377,0.1497289972899729,0.10834441125937416,-0.2899837077337059,0.18860419229553638,0.7331772262980999,0.8650860273381582,0.9123221183687964,0.988842222617482,0.1791448920706965,0.6890908999888921,False,False,False,False,False
resistencia_territorial,R18,Una comunidad defiende su territorio frente a un proyecto externo.,0.37262872628726285,0.26241943861522515,0.6009190388105252,0.7012195121951219,0.10143237488364572,0.01291831274618449,0.8488970573276581,0.9800530453959815,0.9869641505367983,0.9931686200570152,0.9960316751115348,0.013115574661033746,0.8753321236095097,False,False,False,True,False
resistencia_territorial,R19,Una comunidad actúa para defender su territorio frente a una decisión externa.,0.40582655826558267,0.29657886491540675,0.6187001819979432,0.7344173441734417,0.09704697825571885,0.0036815955026447966,0.9444707248473798,0.982803903671017,0.991587459907755,0.9943926914133805,0.9970293224080014,0.011588787742363493,0.8887553454937436,False,False,False,True,False
resistencia_territorial,R13,Una comunidad se opone a la fumigación o a la explotación de recursos en su territorio.,0.23983739837398374,0.18549460921057995,0.40978895633431506,0.44850948509485095,0.0937540144511205,0.0006250936232620186,0.4169928149861514,0.9507547855205898,0.9777285983709032,0.9910883790558254,0.9964583292336946,0.04033359353523558,0.8537127590636303,False,False,False,False,False
resistencia_territorial,R16,Una comunidad afrodescendiente se opone a un proyecto que invade su territorio.,0.255420054200542,0.1745322603418575,0.31167152485070154,0.3319783197831978,0.09120698650133768,0.00021423795463393347,0.49157963147222683,0.9207295872554251,0.9556799463339047,0.9834340160082602,0.9981498043839041,0.0627044287528351,0.8394689632102553,False,False,False,False,False
resistencia_territorial,R35,Los habitantes protestan para defender su territorio de una empresa o del gobierno.,0.17073170731707318,0.11823392686158672,0.19397530814398276,0.17547425474254744,0.08471517883408247,-0.03283528980966166,0.15190104886796424,0.8005928439611173,0.8610897738160256,0.9428381617869854,0.9906016202929382,0.14224531782586813,0.7500771179675942,False,False,False,False,False
resistencia_territorial,R02,Hay comunidades que se oponen a un proyecto que afecta su territorio.,0.24661246612466126,0.1745965309280076,0.29196897451061504,0.30826558265582654,0.0846316355153427,-0.14908727351935547,0.3463354253033787,0.8964476454015087,0.9432631485203757,0.9762889553836116,0.9976029638133198,0.07984130998210293,0.8238295785545913,False,False,False,False,False
resistencia_territorial,R31,Los habitantes rechazan una hidroeléctrica o un megaproyecto para defender su territorio.,0.028455284552845527,0.02276893873289138,0.035792684049575675,0.017615176151761516,0.08380180587270086,-0.162902041312606,0.07355140738335059,0.38601350976589266,0.5155228023964803,0.6211600496506159,0.8197122890072379,0.23514653988472323,0.41644320342906793,True,False,False,False,False
resistencia_territorial,R03,Hay una comunidad que se organiza para defender su territorio frente a una empresa.,0.4654471544715447,0.3066107297033142,0.5580845958855862,0.6456639566395664,0.08221500193547444,0.000846309658752542,0.763084008175042,0.9466043047782366,0.9800591087561228,0.990040942555017,0.9961211190594284,0.04343663777678031,0.8823428965546722,False,False,False,True,False
resistencia_territorial,JEFE,(jefe),0.44986449864498645,0.31920496002174475,0.632954680924119,0.7506775067750677,0.06811147728720095,0.0026678912844084746,0.9481052374172451,0.9830470515729982,0.9916513243819011,0.9951289845555786,0.9965858202119339,0.012081932982580423,0.9192260801070371,False,False,False,True,False
resistencia_territorial,R28,Una comunidad rechaza una hidroeléctrica o un megaproyecto en su territorio.,0.236449864498645,0.18722603648454197,0.3091808775759671,0.3089430894308943,0.052774307094549625,-0.08966212730755985,0.18071871441887197,0.8555925300209137,0.9154701065976993,0.9635519555997412,0.9895457209920969,0.10795942557882743,0.8224753728378382,False,False,False,False,False
resistencia_territorial,R08,Una comunidad exige una consulta previa para frenar un proyecto en su territorio.,0.08197831978319783,0.06329694402726743,0.07807989516863933,0.0494579945799458,0.04745679576896295,-0.3836726411803579,0.0039973614992407855,0.6180132693774114,0.7529566114469572,0.8755306120751019,0.9862214574996733,0.25751734269769044,0.6604538601484473,False,False,False,False,False
resistencia_territorial,R06,Una comunidad se moviliza contra una decisión que afecta su territorio.,0.5691056910569106,0.3759998413544629,0.5155224996032636,0.5826558265582655,0.039038006130207914,-0.044804893053991046,0.764817362873769,0.9426907605368562,0.9808384964991057,0.9921661292203654,0.9961103056541519,0.04947536868350921,0.9229891733170819,False,False,False,True,False
