departamento,radar_sin_mecanismo,radar_src,radar_experimento,radar_propio_src,clase_src,n_articulos,MAX_desplazamiento_forzado_sin,MAX_desplazamiento_forzado_src,MAX_desplazamiento_forzado_experimento,MAX_presencia_grupos_armados_sin,MAX_presencia_grupos_armados_src,MAX_presencia_grupos_armados_experimento
Magdalena,0.976501,0.973804,0.973804,0.9738,Alto,1538,0.994141,0.92403,0.92403,0.995645,0.995645,0.995645
Cauca,0.958938,0.958938,0.958938,0.9589,Alto,598,0.985187,0.985187,0.985187,0.995972,0.995972,0.995972
Córdoba,0.944692,0.944692,0.944692,0.9447,Alto,913,0.99765,0.99765,0.99765,0.994126,0.994126,0.994126
Cesar,0.944338,0.944319,0.944319,0.9443,Alto,1075,0.982382,0.981867,0.981867,0.995655,0.995655,0.995655
Antioquia,0.935453,0.935453,0.935453,0.9355,Alto,494,0.989991,0.989991,0.989991,0.995437,0.995437,0.995437
Atlántico,0.934661,0.934632,0.934632,0.9346,Alto,1114,0.9779,0.9779,0.9779,0.986545,0.985799,0.985799
Arauca,0.929629,0.929629,0.929629,0.9296,Alto,281,0.989118,0.989118,0.989118,0.993961,0.993961,0.993961
Meta,0.917053,0.917053,0.917053,0.9171,Medio,613,0.984304,0.984304,0.984304,0.994592,0.994592,0.994592
Guaviare,0.906363,0.906363,0.906363,0.9064,Medio,311,0.983871,0.983871,0.983871,0.991663,0.991663,0.991663
Cundinamarca,0.905155,0.905155,0.905155,0.9052,Medio,371,0.919252,0.919252,0.919252,0.993117,0.993117,0.993117
Nariño,0.902367,0.902367,0.902367,0.9024,Medio,659,0.98185,0.98185,0.98185,0.993446,0.993446,0.993446
Chocó,0.898197,0.897818,0.897818,0.8978,Medio,148,0.990805,0.990805,0.990805,0.990468,0.980602,0.980602
Boyacá,0.899822,0.894819,0.894819,0.8948,Medio,380,0.882539,0.752443,0.752443,0.975643,0.975643,0.975643
Caquetá,0.888611,0.888448,0.888448,0.8884,Medio,234,0.920147,0.918618,0.918618,0.998121,0.995417,0.995417
Amazonas,0.887207,0.88619,0.88619,0.8862,Medio,243,0.906196,0.879749,0.879749,0.994382,0.994382,0.994382
Putumayo,0.883522,0.88326,0.88326,0.8833,Medio,154,0.978664,0.978664,0.978664,0.98642,0.97962,0.97962
Casanare,0.878487,0.875304,0.875304,0.8753,Medio,161,0.975909,0.893144,0.893144,0.974346,0.974346,0.974346
Quindío,0.894081,0.874401,0.874401,0.8744,Medio,275,0.860431,0.791539,0.791539,0.995652,0.55288,0.55288
Risaralda,0.873441,0.87336,0.87336,0.8734,Medio,367,0.99396,0.99396,0.99396,0.983248,0.981146,0.981146
Santander,0.885223,0.873103,0.873103,0.8731,Medio,190,0.968907,0.653781,0.653781,0.993196,0.993196,0.993196
Tolima,0.86523,0.86523,0.86523,0.8652,Medio,283,0.891078,0.891078,0.891078,0.984934,0.984934,0.984934
Valle del Cauca,0.859048,0.854934,0.854934,0.8549,Medio,117,0.990649,0.883687,0.883687,0.993846,0.993846,0.993846
Huila,0.849449,0.848636,0.848636,0.8486,Medio,86,0.909914,0.888775,0.888775,0.993949,0.993949,0.993949
Bolívar,0.850694,0.847254,0.847254,0.8473,Medio,267,0.883216,0.806167,0.806167,0.986484,0.974092,0.974092
Caldas,0.855684,0.826647,0.826647,0.8266,Medio,300,0.947328,0.445572,0.445572,0.977678,0.724465,0.724465
Norte de Santander,0.79439,0.792374,0.792374,0.7924,Medio,36,0.920893,0.913618,0.913618,0.97021,0.925063,0.925063
Vaupés,0.722083,0.722083,0.722083,0.7221,Bajo,32,0.64745,0.64745,0.64745,0.935332,0.935332,0.935332
Vichada,0.704152,0.704152,0.704152,0.7042,Bajo,62,0.735736,0.735736,0.735736,0.834436,0.834436,0.834436
Sucre,0.698448,0.698391,0.698391,0.6984,Bajo,41,0.513031,0.513031,0.513031,0.89619,0.894694,0.894694
San Andrés y Providencia,0.737633,0.696948,0.696948,0.6969,Bajo,79,0.801201,0.604389,0.604389,0.860999,0.0,0.0
La Guajira,0.627381,0.627381,0.627381,0.6274,Bajo,11,0.861163,0.861163,0.861163,0.94663,0.94663,0.94663
Guainía,0.457829,0.428155,0.428155,0.4282,Bajo,6,0.14249,0.0,0.0,0.63965,0.010617,0.010617
