departamento,radar_26,clase_26,radar_20,clase_20,n_articulos
Magdalena,0.973804,Alto,0.967381,Alto,1538
Cauca,0.958938,Alto,0.950567,Alto,598
Córdoba,0.944692,Alto,0.934728,Alto,913
Cesar,0.944319,Alto,0.930917,Alto,1075
Atlántico,0.934632,Alto,0.921262,Alto,1114
Antioquia,0.935453,Alto,0.919243,Alto,494
Arauca,0.929629,Alto,0.913923,Alto,281
Meta,0.917053,Medio,0.896136,Medio,613
Guaviare,0.906363,Medio,0.890013,Medio,311
Cundinamarca,0.905155,Medio,0.882019,Medio,371
Nariño,0.902367,Medio,0.881813,Medio,659
Boyacá,0.894819,Medio,0.873996,Medio,380
Chocó,0.897818,Medio,0.873797,Medio,148
Amazonas,0.88619,Medio,0.864648,Medio,243
Caquetá,0.888448,Medio,0.862727,Medio,234
Putumayo,0.88326,Medio,0.862301,Medio,154
Casanare,0.875304,Medio,0.855835,Medio,161
Risaralda,0.87336,Medio,0.847975,Medio,367
Santander,0.873103,Medio,0.845347,Medio,190
Quindío,0.874401,Medio,0.843363,Medio,275
Tolima,0.86523,Medio,0.834664,Medio,283
Valle del Cauca,0.854934,Medio,0.818661,Medio,117
Bolívar,0.847254,Medio,0.814134,Medio,267
Huila,0.848636,Medio,0.812679,Medio,86
Caldas,0.826647,Medio,0.787813,Medio,300
Norte de Santander,0.792374,Medio,0.758045,Medio,36
Vaupés,0.722083,Bajo,0.669503,Bajo,32
Vichada,0.704152,Bajo,0.650895,Bajo,62
Sucre,0.698391,Bajo,0.628944,Bajo,41
San Andrés y Providencia,0.696948,Bajo,0.628187,Bajo,79
La Guajira,0.627381,Bajo,0.555908,Bajo,11
Guainía,0.428155,Bajo,0.344469,Bajo,6
