departamento,radar_20,clase_20,radar_18,clase_18,n_articulos
Magdalena,0.95208,Alto,0.948176,Alto,1538
Cauca,0.922596,Alto,0.921681,Alto,598
Cesar,0.924022,Alto,0.913318,Alto,1075
Córdoba,0.909562,Alto,0.903144,Alto,913
Arauca,0.908258,Alto,0.901813,Alto,281
Antioquia,0.908433,Alto,0.897375,Alto,494
Atlántico,0.897562,Alto,0.893386,Alto,1114
Cundinamarca,0.885554,Medio,0.874343,Medio,371
Meta,0.870818,Medio,0.864857,Medio,613
Nariño,0.8648,Medio,0.850248,Medio,659
Putumayo,0.856084,Medio,0.849562,Medio,154
Guaviare,0.85806,Medio,0.847081,Medio,311
Boyacá,0.852687,Medio,0.839203,Medio,380
Chocó,0.856694,Medio,0.836496,Medio,148
Risaralda,0.847162,Medio,0.831603,Medio,367
Casanare,0.833456,Medio,0.830151,Medio,161
Amazonas,0.846452,Medio,0.822123,Medio,243
Caquetá,0.830741,Medio,0.817153,Medio,234
Santander,0.82017,Medio,0.810145,Medio,190
Tolima,0.821859,Medio,0.802886,Medio,283
Quindío,0.822686,Medio,0.801981,Medio,275
Bolívar,0.79252,Medio,0.781885,Medio,267
Huila,0.787082,Medio,0.760189,Medio,86
Valle del Cauca,0.775008,Medio,0.759402,Medio,117
Caldas,0.779155,Medio,0.736758,Medio,300
Norte de Santander,0.729898,Medio,0.695933,Medio,36
Vichada,0.647012,Bajo,0.615953,Bajo,62
Vaupés,0.63725,Bajo,0.584784,Bajo,32
San Andrés y Providencia,0.614211,Bajo,0.581756,Bajo,79
Sucre,0.617098,Bajo,0.569919,Bajo,41
La Guajira,0.557175,Bajo,0.503842,Bajo,11
Guainía,0.346094,Bajo,0.260692,Bajo,6
