juicio,juez_a,juez_b,departamento,titulo,cita_a,cita_b,url
juicio_5ind,DUDOSO,NO,,¡No todo lo que pasa en La Guajira le interesa al resto de Colombia!,"La Guajira sin explotación de carbón del Cerrejón, y de paso sin las compensaciones y regalías que esta",,https://diariodelnorte.net/opinion/no-todo-lo-que-pasa-en-la-guajira-le-interesa-al-resto-de-colombia/
juicio_5ind,NO,DUDOSO,,Comunidad protesta en el peaje de Tuta y exige tarifa cero para habitantes de cuatro municipios,,"En el pliego de peticiones está la tarifa diferencial, obras complementarias en el corredor vial y compensación campesina",https://boyaca7dias.com.co/2026/05/29/comunidad-protesta-en-el-peaje-de-tuta-y-exige-tarifa-cero-para-habitantes-de-cuatro-municipios/
juicio_5ind,NO,DUDOSO,,"Levantan bloqueo en la bocatoma del río Jordán tras acuerdos entre Alcaldía, Aqualia y comunidades",,fue levantado el bloqueo que mantenían comunidades en la bocatoma del río Jordán,https://diariodelnorte.net/laguajira/levantan-bloqueo-en-la-bocatoma-del-rio-jordan-tras-acuerdos-entre-alcaldia-aqualia-y-comunidades/
juicio_5ind,SI,DUDOSO,,Oportunistas silencios…matando el grillo para sacarle el pito,a La Guajira no le lleguen regalías,"a La Guajira no le lleguen regalías, o se le suspendan a los municipios",https://diariodelnorte.net/opinion/oportunistas-silenciosmatando-el-grillo-para-sacarle-el-pito/
juicio_5ind,NO,DUDOSO,,Comunidades advierten con bloquear por completo la vía en el peaje de Tuta ante incumplimientos de la ANI,,la ANI no ha avanzado en otros puntos pactados durante las negociaciones.,https://boyaca7dias.com.co/2026/08/03/comunidades-advierten-con-bloquear-por-completo-la-via-en-el-peaje-de-tuta-ante-incumplimientos-de-la-ani/
juicio_5ind,NO,DUDOSO,,Pobreza del Caribe no es para burla,,las regalías del carbón se les llevaron para repartirla en todo el país,https://diariodelnorte.net/editorial/pobreza-del-caribe-no-es-para-burla/
juicio_5ind,NO,DUDOSO,,Dirigentes exigen a concesión Santa Marta – Paraguachón reparar la deteriorada calle 15 de Riohacha,,los riohacheros poco han visto reflejada la inversión que debería materializarse,https://laguajirahoy.com/riohacha/dirigentes-exigen-a-concesion-santa-marta-paraguachon-reparar-la-deteriorada-calle-15-de-riohacha.html
juicio_5ind,NO,SI,,Comunidades wayuu levantan bloqueo al relleno sanitario del norte tras acuerdos con el alcalde de Maicao,,"exigiendo el cumplimiento de compromisos adquiridos por administraciones pasadas desde hace más de 14 años, entre ellos proyectos de compensación",https://diariodelnorte.net/judiciales/comunidades-wayuu-levantan-bloqueo-al-relleno-sanitario-del-norte-tras-acuerdos-con-el-alcalde-de-maicao/
juicio_5ind,NO,SI,,Vicecontralor revisará avances de obras y exigirá destrabes en La Guajira,,"paros de comunidades cercanas, que reclaman compensaciones que —según ellos— el Gobierno aún no ha cumplido",https://laguajirahoy.com/nacion/vicecontralor-revisara-avances-de-obras-y-exigira-destrabes-en-la-guajira.html
juicio_5ind,NO,DUDOSO,,Deuda ancestral: ¿deuda eterna o diálogo pendiente?,,comunidades vecinas que exigían también ser consultadas y compensadas,https://diariodelnorte.net/opinion/deuda-ancestral-deuda-eterna-o-dialogo-pendiente/
juicio_5ind_r2,SI,DUDOSO,Caquetá,Retiros que alertan,su salida trae una pérdida tangible de los recursos de regalías para San Vicente del Caguán y Caquetá,su salida trae una pérdida tangible de los recursos de regalías para San Vicente del Caguán y Caquetá,https://www.eltiempo.com/opinion/editorial/retiros-que-alertan-editorial-el-tiempo-761303
juicio_5ind_r2,NO,SI,Nariño,Tutela en la Corte pone lupa a grietas del programa de sustitución de coca en Nariño,,348 familias no habían recibido el primer pago del PAI,https://www.eltiempo.com/justicia/cortes/tutela-campesinos-cocaleros-de-tumaco-alertan-incumplimientos-del-pnis-797180
juicio_5ind_r2,SI,DUDOSO,Caquetá,Emerald Energy: qué pasará con los contratos petroleros que tiene en el país,las regalías que les pagaba a la Nación (625 millones de pesos diarios) y al municipio de San Vicente,las regalías que les pagaba a la Nación (625 millones de pesos diarios) y al municipio de San Vicente,https://www.eltiempo.com/economia/empresas/emerald-energy-tiene-via-libre-para-salir-del-caqueta-por-orden-publico-760186
juicio_5ind_r2,SI,NO,Arauca,6.000 empleos directos en riesgo y pérdidas por 5.000 millones diarios por afectaciones a empresas en Arauca: Defensoría,"pérdidas para los municipios, el departamento y la nación relacionadas con las transferencias al Sistema General de Regalías de hasta",,https://lavozdelcinaruco.com/6000-empleos-directos-en-riesgo-y-perdidas-por-5000-millones-diarios-por-afectaciones-a-empresas-en-arauca-defensoria/
juicio_5ind_r2,SI,DUDOSO,Santander,"Obras de OCAD Paz, para tres municipios, entre ellos Galán, Santander – Corrillos",aún no se han beneficiado de los recursos que asigna el OCAD Paz,aún no se han beneficiado de los recursos que asigna el OCAD Paz,https://www.corrillos.com.co/obras-de-ocad-paz-para-tres-municipios-entre-ellos-galan-santander/
juicio_5ind_r2,NO,DUDOSO,Amazonas,"Con aplausómetro, Biofix logró consentimiento indígena para negociar bonos de carbono",,"Bajo la ilusión de un acuerdo lucrativo, el resguardo indígena de La Llanura",https://verdadabierta.com/con-aplausometro-biofix-logro-consentimiento-indigena-para-negociar-bonos-de-carbono/
juicio_5ind_r2,NO,DUDOSO,Cauca,Argumentan que megacolegio en Argelia va avanzando,,sin poder disfrutar de un espacio que se pensó como compensación a los efectos de la violencia criminal,https://diariodelcauca.com.co/argumentan-que-megacolegio-en-argelia-va-avanzando/
juicio_5ind_r2,NO,DUDOSO,Cundinamarca,Contrato de zonas de parqueo en La Mesa tuvo que ser cancelado; levantan bloqueos,,"después dijeron que solo el 17 por ciento para el municipio, entonces eso no aporta nada",https://www.eltiempo.com/bogota/la-mesa-contrato-de-zonas-de-parqueo-tuvo-que-ser-cancelado-levantan-bloqueos-833297
