indicador,grupo,n_abre,tasa,supera_techo
reasentamiento,tramo,55,0.0048,False
amenaza_lideres,tramo,2585,0.226,False
amenaza_intimidacion,tramo,1209,0.1057,False
protesta_social,tramo,1097,0.0959,False
violacion_derechos_humanos,tramo,2340,0.2046,False
danos_ambientales,tramo,794,0.0694,False
resistencia_territorial,solo_apertura,171,0.0149,False
exclusion_comunidades,solo_apertura,2124,0.1857,False
deficit_participacion_comunitaria,solo_apertura,2119,0.1852,False
incentivos_economicos_inequitativos,solo_apertura,275,0.024,False
conflictos_socioambientales,solo_apertura,1727,0.151,False
exclusion_servicios_derechos,solo_apertura,2710,0.2369,False
grupos_etnicos_existentes,solo_apertura,1404,0.1227,False
movimientos_sociales,solo_apertura,1597,0.1396,False
irregularidad_contractual,solo_apertura,1708,0.1493,False
zonas_proteccion_alimentaria,solo_apertura,2182,0.1908,False
dano_territorios,solo_apertura,857,0.0749,False
desplazamiento_forzado,produccion,716,0.0626,False
presencia_grupos_armados,produccion,1395,0.122,False
