id,url
e0000,https://www.eltiempo.com/bogota/quetame-alud-de-tierra-alerta-a-habitantes-tras-tragedia-por-avalancha-video-788332
e0001,https://www.eltiempo.com/bogota/hombre-con-machete-amenazo-con-abusar-a-joven-en-glamping-de-tobia-cundinamarca-797080
e0002,https://diariodelnorte.net/judiciales/autoridades-realizan-consejo-extraordinario-de-seguridad-para-reforzar-la-seguridad-y-el-orden-publico/
e0003,https://diariodelnorte.net/judiciales/capturan-en-zona-rural-de-maicao-a-hombre-requerido-por-homicidio/
e0004,https://choco7dias.com/elizabeth-moreno-recibio-en-suiza-el-premio-nansen-de-refugiados/
e0005,https://www.eltiempo.com/colombia/barranquilla/otra-violenta-ola-de-extorsion-en-barranquilla-el-asesinato-de-dos-hombres-en-un-restaurante-de-la-manga-seria-por-no-pagar-la-renta-ilicita-3515086
e0006,https://diariodelcauca.com.co/dignificar-la-mujer-en-el-territorio-caucano/
e0007,https://www.elcolombiano.com/antioquia/bloqueos-en-la-via-medellin-llanos-de-cuiva-ruta-2510-para-pedir-desmonte-del-peaje-el-trapiche-FA22445514
e0008,https://www.eltiempo.com/colombia/otras-ciudades/el-bendito-menor-estaria-detras-de-la-masacre-de-cinco-personas-en-maicao-anuncio-limpieza-social-en-video-de-hombres-armados-3523393
e0009,https://diariodelnorte.net/judiciales/comunidades-wayuu-levantan-bloqueo-en-la-via-riohacha-maicao-tras-acordar-mesa-de-dialogo-por-atentado-en-alto-pino/
e0010,https://boyaca7dias.com.co/2026/04/24/capturan-a-presunto-responsable-de-millonario-hurto-en-zona-rural-de-combita/
e0011,https://diariodelcauca.com.co/grandes-proyectos-para-el-cauca/
e0012,https://diariodelcauca.com.co/disidencias-de-las-farc-hostigaron-en-caldono/
e0013,https://diariodelnorte.net/judiciales/operativo-conjunto-en-maicao-deja-un-capturado-y-cuatro-armas-de-fuego-incautadas/
e0014,https://diariodelnorte.net/opinion/el-regreso-de-venezuela-al-mapa-guajiro/
e0015,https://elpilon.com.co/cesar-y-la-guajira/nace-una-nueva-fuerza-de-poder-en-la-guajira-katia-ospino-durante-evento-politico-en-maicao
e0016,https://laguajirahoy.com/judiciales-2/alerta-de-secuestro-sacude-campana-politica-en-la-guajira.html
e0017,https://diariodelcauca.com.co/stivens-ramirez-no-acato-medida-de-casa-por-carcel/
e0018,https://laguajirahoy.com/nacion/satena-gestiona-vuelos-diarios-entre-riohacha-y-barranquilla-tras-colapso-del-puente.html
e0019,https://choco7dias.com/elizabeth-moreno-barcopremio-nacional-de-derechos-humanos-2023/
e0020,https://laguajirahoy.com/maicao/maicao-enfrenta-creciente-riesgo-por-expansion-de-grupos-armados.html
e0021,https://diariodelcauca.com.co/ataques-en-el-norte-del-cauca/
e0022,https://www.eltiempo.com/economia/sectores/crisis-de-agua-en-cajica-lo-que-hay-detras-del-problema-con-el-acueducto-775128
e0023,https://laguajirahoy.com/maicao-3/tension-del-lado-venezolano-por-caso-judicial-afecta-comercio-binacional.html
e0024,https://www.eltiempo.com/politica/elecciones-colombia-2026/resultados-presidenciales-2026-primera-vuelta/en-vivo-elecciones-presidenciales-2026-siga-la-jornada-de-votacion-en-oicata-boyaca-ultimas-noticias-3560006
e0025,https://www.elcolombiano.com/medellin/antioquia-tiene-nuevo-comandante-de-policia-FA20645909
e0026,https://diariodelnorte.net/judiciales/levantan-bloqueo-en-la-via-riohacha-maicao-tras-acuerdos-con-comunidades-wayuu/
e0027,https://diariodelcauca.com.co/cinco-integrantes-de-subestructura-de-las-disidencias-de-las-farc-se-entregaron-en-timbiqui-cauca/
e0028,https://diariodelcauca.com.co/asesinado-jose-william-sanchez-poveda-por-un-francotirador/
e0029,https://boyaca7dias.com.co/2026/05/29/comunidad-protesta-en-el-peaje-de-tuta-y-exige-tarifa-cero-para-habitantes-de-cuatro-municipios/
e0030,https://www.elcolombiano.com/antioquia/preocupacion-en-ituango-antioquia-por-reclutamiento-de-menores-JA21308551
e0031,https://laguajirahoy.com/judiciales-2/operativos-en-maicao-dejan-13-capturados-por-graves-delitos.html
e0032,https://www.elcolombiano.com/antioquia/militares-antioquia-aceptaron-ante-la-jep-crimenes-de-guerra-y-lesa-humanidad-falsos-positivos-OH22709016
e0033,https://diariodelcauca.com.co/salirle-al-paso-vivencias-de-las-mujeres-afros-en-el-conflicto-armado/
e0034,https://choco7dias.com/cargos-al-gobernador-del-choco-por-presuntas-irregularidades-en-ayudas-humanitarias/
e0035,https://diariodelcauca.com.co/el-campesino-caucano-se-encuentra-en-el-olvido/
e0036,https://diariodelnorte.net/laguajira/defensoria-emite-alerta-por-expansion-de-las-acsn-y-escalada-del-riesgo-en-maicao/
e0037,https://choco7dias.com/dignidad-de-las-mujeres-victimas-de-violencia-sexual-en-el-conflicto-armado/
e0038,https://diariodelcauca.com.co/lanzamiento-laboratorio-de-paz/
e0039,https://diariodelnorte.net/judiciales/capturan-a-un-hombre-por-porte-ilegal-de-arma-de-fuego-durante-controles-policiales-en-uribia/
e0040,https://www.elcolombiano.com/antioquia/liberales-divididos-por-el-aval-de-eugenio-prieto-a-la-gobernacion-de-antioquia-IL22296781
e0041,https://laguajirahoy.com/maicao-3/maicao-empieza-a-recuperar-el-agua-tras-cinco-dias-sin-servicio.html
e0042,https://www.eltiempo.com/bogota/cundinamarca-hombre-agredio-a-su-pareja-hasta-causar-su-muerte-en-guayabal-de-siquima-782515
e0043,https://laguajirahoy.com/riohacha/dirigentes-exigen-a-concesion-santa-marta-paraguachon-reparar-la-deteriorada-calle-15-de-riohacha.html
e0044,https://laguajirahoy.com/riohacha/cuatro-anos-despues-puentes-y-arte-publico-siguen-desaparecidos-en-riohacha.html
e0045,https://www.elcolombiano.com/antioquia/camioneros-bloquearon-via-por-precios-del-peaje-el-trapiche-BG20156676
e0046,https://www.elcolombiano.com/cultura/beatriz-gonzalez-en-medellin-con-su-obra-grafica-NH22615118
e0047,https://diariodelcauca.com.co/cesar-en-agresiones-entre-criminales-es-clave-para-la-paz/
e0048,https://www.eltiempo.com/justicia/cortes/consejo-de-estado-condena-a-la-nacion-por-detencion-de-nancy-patricia-gutierrez-810696
e0049,https://www.eltiempo.com/justicia/investigacion/general-carlos-rodriguez-seguira-investigado-por-caso-luis-carlos-galan-736665
e0050,https://www.eltiempo.com/bogota/claudia-lopez-condena-atentado-al-peaje-boqueron-colombia-retrocede-al-terrorismo-834266
e0051,https://laguajirahoy.com/nacion/gobierno-del-cambio-entrega-obras-educativas-y-comunitarias-en-la-guajira.html
e0052,https://www.eltiempo.com/colombia/otras-ciudades/familia-y-bomberos-exigen-a-fiscalia-recapturar-al-tatuador-senalado-de-agredir-al-comandante-jairo-bolivar-sigue-en-uci-tras-brutal-golpiza-en-tunja-3572450
e0053,https://choco7dias.com/desplazados-de-jurado-y-carmen-de-atrato-en-medellin/
e0054,https://diariodelnorte.net/judiciales/comunidad-wayuu-bloquea-el-paso-vehicular-en-cuatro-vias-para-exigir-reposicion-de-transformador-averiado/
e0055,https://choco7dias.com/gobernador-del-choco-no-hemos-tenido-respuesta-del-gobierno/
e0056,https://www.eltiempo.com/colombia/otras-ciudades/dormitorios-destruidos-y-zonas-militares-devastadas-asi-quedo-el-batallon-atacado-con-explosivos-en-la-guajira-que-dejo-doce-soldados-heridos-3558725
e0057,https://www.elcolombiano.com/antioquia/presencia-grupo-armados-ilegales-en-colegios-de-antioquia-FD20322610
e0058,https://diariodelcauca.com.co/abren-participacion-a-mas-grupos-sociales-en-el-pdet-en-cauca/
e0059,https://boyaca7dias.com.co/2025/08/05/paros-en-boyaca-bloqueos-ley-seca-y-represamiento-de-alimentos-marcaron-el-primer-dia-de-la-jornada/
e0060,https://diariodelcauca.com.co/horror-en-toribio/
e0061,https://www.eltiempo.com/justicia/investigacion/procuraduria-alerta-disturbios-en-varias-zonas-de-colombia-tras-cierre-de-elecciones-821099
e0062,https://www.eltiempo.com/bogota/granizadas-en-bogota-como-solicitar-ayuda-y-apoyo-en-caso-inundaciones-731467
e0063,https://www.elcolombiano.com/antioquia/entrevista-a-sergio-fajardo-exalcalde-de-medellin-y-exgobernador-de-antioquia-sobre-elecciones-2023-PO22686678
e0064,https://www.eltiempo.com/politica/gobierno/quetame-las-medidas-que-anuncio-gustavo-petro-tras-la-avalancha-789415
e0065,https://diariodelnorte.net/judiciales/capturan-a-un-hombre-por-presunta-falsedad-documental-y-recuperan-moto-hurtada-en-la-guajira/
e0066,https://choco7dias.com/paro-armado-del-eln-impide-inscribir-cedulas-de-votantes-en-choco-moe/
e0067,https://choco7dias.com/el-san-juan-exige-pronta-instalacion-del-puente-sobre-el-rio-iro/
e0068,https://www.elcolombiano.com/antioquia/critica-situacion-de-inseguridad-en-bajo-cauca-y-nordeste-2023-JC20662380
e0069,https://diariodelnorte.net/judiciales/deportan-a-ciudadano-irani-que-ingreso-irregularmente-a-colombia-por-la-frontera-de-maicao-con-venezuela/
e0070,https://www.portafolio.co/mas-contenido/asi-se-vivio-la-trigesima-sexta-version-de-la-semana-por-la-paz-588848
e0071,https://diariodelcauca.com.co/atentado-en-cauca-director-de-la-policia-ofrecio-200-millones-de-pesos-por-informacion-de-alias-marlon-vasquez-presunto-responsable/
e0072,https://diariodelnorte.net/judiciales/capturan-en-paraguachon-a-hombre-requerido-por-delito-informatico/
e0073,https://diariodelcauca.com.co/caso-de-tierralta-plan-para-atacar-las-conversaciones-de-paz-estado-mayor/
e0074,https://www.elcolombiano.com/colombia/miguel-polo-polo-defendio-a-candidato-a-concejo-medellin-sacado-de-la-udea-BH22254353
e0075,https://www.eltiempo.com/bogota/picap-buscan-a-hombre-que-amenaza-a-pasajeras-en-bogota-744119
e0076,https://laguajirahoy.com/judiciales/lider-cafetero-victima-de-fleteo-en-estacion-de-servicio-de-fonseca.html
e0077,https://www.eltiempo.com/bogota/el-hombre-que-recupero-humedal-convertido-en-basurero-735255
e0078,https://diariodelcauca.com.co/el-gobernador-no-aparece-por-ningun-lado-con-las-victimas/
e0079,https://www.elcolombiano.com/medellin/plantones-en-contra-de-violencia-en-paro-minero-antioquia-PC20773369
e0080,https://choco7dias.com/quibdo-es-el-municipio-con-mas-desplazados-en-medellin/
e0081,https://diariodelnorte.net/editorial/quienes-secuestran/
e0082,https://diariodelnorte.net/opinion/la-pista-y-la-migracion/
e0083,https://diariodelcauca.com.co/guachene-pidio-presencia-de-la-defensoria-del-pueblo/
e0084,https://boyaca7dias.com.co/2026/04/09/bloqueos-en-boyaca-este-jueves-por-paro-nacional-en-rechazo-al-aumento-del-impuesto-predial-estos-son-los-puntos-confirmados/
e0085,https://www.elcolombiano.com/antioquia/autoridades-visitaron-a-puerto-lopez-y-hicieron-compromisos-FD20452214
e0086,https://laguajirahoy.com/judiciales/cae-en-maicao-supuesto-integrante-de-red-criminal-dedicada-a-homicidios-y-fleteo.html
e0087,https://www.eltiempo.com/politica/elecciones-colombia-2026/los-escenarios-de-las-elecciones-presidenciales-tras-encuesta-de-guarumo-y-ecoanalitica-que-lidera-cepeda-y-le-siguen-de-la-espriella-y-valencia-3543783
e0088,https://choco7dias.com/como-van-los-estudios-de-la-via-al-mar-animas-nuqui/
e0089,https://choco7dias.com/ay-quibdo/
e0090,https://laguajirahoy.com/cultura/majayut-de-maicao-se-inscribe-en-el-xxx-festival-de-la-cultura-wayuu-en-uribia.html
e0091,https://diariodelcauca.com.co/viajando/
e0092,https://www.eltiempo.com/colombia/otras-ciudades/misterio-en-la-guajira-por-muerte-de-dos-empresarios-en-una-fiesta-de-cumpleanos-el-anfitrion-era-amigo-cercano-del-cantante-vallenato-martin-elias-3572007
e0093,https://laguajirahoy.com/la-guajira/educacion-vial-para-proteger-la-vida-en-corredores-escolares.html
e0094,https://choco7dias.com/unguia-torneo-deportivo-como-actividad-reparadora/
e0095,https://www.eltiempo.com/colombia/otras-ciudades/que-pasara-con-el-municipio-de-quetame-despues-de-la-avalancha-que-arraso-el-naranjal-788973
e0096,https://www.eltiempo.com/salud/ataques-contra-misiones-medicas-en-conflictos-armados-alcanzan-niveles-record-en-todo-el-mundo-en-colombia-se-usan-ambulancias-como-escudo-3526307
e0097,https://www.eltiempo.com/economia/sectores/ani-adjudico-obras-publicas-de-los-corredores-ferreos-bogota-belencito-y-pacifico-por-mas-de-564-958-millones-3572794
e0098,https://choco7dias.com/paro-armado-del-eln-impide-ayudas-humanitarias-en-novita/
e0099,https://www.eltiempo.com/bogota/cundinamarca-a-que-se-comprometio-la-gobernacion-con-guayabetal-799249
e0100,https://www.eltiempo.com/bogota/cundinamarca-mujer-fue-asesinada-con-arma-de-fuego-por-su-ex-pareja-en-viota-822503
e0101,https://diariodelcauca.com.co/los-clanes-mas-peligrosos-de-popayan-no-son-narcos-sino-politicos/
e0102,https://www.elcolombiano.com/colombia/elecciones-bajo-amenaza-violencia-tiene-en-jaque-1-de-cada-4-municipios-AH22528769
e0103,https://diariodelcauca.com.co/predio-que-pertenecia-a-paramilitares-se-destinara-para-proyectos-productivos-en-buenos-aires/
e0104,https://www.eltiempo.com/justicia/cortes/la-alerta-de-la-corte-constitucional-por-grupos-armados-que-frenan-controles-sobre-la-crisis-wayuu-en-la-guajira-3554617
e0105,https://diariodelcauca.com.co/human-right-watch-revelo-escalofriante-cifra-de-asesinatos-de-lideres-sociales-en-colombia/
e0106,https://choco7dias.com/bloqueo-de-vias-del-choco-por-negativa-del-gobierno-nacional-a-financiar-la-educacion-indigena/
e0107,https://www.elcolombiano.com/antioquia/las-chivas-estan-despareciendo-en-antioquia-MA21478127
e0108,https://www.eltiempo.com/bogota/por-tragedia-en-sutatausa-mas-de-1-300-trabajadores-se-verian-afectados-750934
e0109,https://boyaca7dias.com.co/2026/08/04/capturaron-a-tres-presuntos-integrantes-de-banda-dedicada-al-hurto-de-viviendas-en-boyaca/
e0110,https://choco7dias.com/la-disputa-de-tierras-entre-indigenas-y-afro-en-el-dieciocho-que-amenaza-con-agravarse/
e0111,https://www.elcolombiano.com/antioquia/nueva-asonada-en-antioquia-comunidad-saco-a-80-militares-de-briceno-por-orden-de-disidencias-farc-AJ23080404
e0112,https://choco7dias.com/mas-de-28-000-desplazados-o-confinados-en-el-san-juan-en-2023/
e0113,https://www.eltiempo.com/bogota/conductores-de-camion-en-cundinamarca-amenazados-por-la-extorsion-756694
e0114,https://laguajirahoy.com/riohacha/huecos-en-la-calle-15-de-riohacha-ponen-en-riesgo-a-conductores-y-peatones.html
e0115,https://www.eltiempo.com/justicia/conflicto-y-narcotrafico/el-eln-tiene-un-plan-de-saboteo-a-las-elecciones-investigador-de-campo-explica-las-razones-detras-del-atentado-al-batallon-de-riohacha-la-guajira-3558798
e0116,https://choco7dias.com/acia-acadesan-acaba-ocaba-y-ocopa-pcn-cococauca-y-acapa-memoria-de-jairo-velasquez-parte-2/
e0117,https://diariodelcauca.com.co/cauca-ocupa-el-puesto-16-entre-las-tierras-mas-fertiles-del-pais/
e0118,https://diariodelcauca.com.co/comite-del-mais-pidio-investigar-asesinato-de-excandidato/
e0119,https://www.eltiempo.com/contenido-comercial/universidad-de-cundinamarca-atraviesa-por-un-proceso-de-transformacion-802891
e0120,https://www.eltiempo.com/bogota/disidencias-en-sumapaz-a-solo-tres-dias-a-pie-de-llegar-a-cundinamarca-768179
e0121,https://choco7dias.com/por-irregularidades-en-la-utch-designan-inspector-in-situ-y-ordenan-constituir-una-fiducia-para-el-manejo-de-recursos/
e0122,https://diariodelcauca.com.co/crc-inmovil-ante-ecocidio-al-occidente-payanes/
e0123,https://diariodelnorte.net/judiciales/capturan-en-la-via-maicao-paraguachon-a-hombre-requerido-por-hurto-calificado-agravado/
e0124,https://diariodelnorte.net/laguajira/la-guajira-enfrenta-creciente-crisis-por-manejo-de-residuos-solidos/
e0125,https://choco7dias.com/la-chocoana-elizabeth-barco-gano-el-premio-nansen-para-los-refugiados/
e0126,https://diariodelcauca.com.co/asi-van-la-marchas-del-27-septiembre-en-bogota-y-otras-partes-del-pais/
e0127,https://diariodelnorte.net/editorial/todos-contra-la-violencia/
e0128,https://diariodelnorte.net/judiciales/comunidad-bloquea-la-via-maicao-paradero-por-falta-de-agua-potable-y-servicio-electrico/
e0129,https://www.elcolombiano.com/antioquia/elecciones-2023-luis-fernando-suarez-se-lanzo-a-la-gobernacion-de-antioquia-GD20233603
e0130,https://boyaca7dias.com.co/2026/02/21/biologa-de-la-uptc-gana-beca-colombia-biodiversa-por-crear-investigacion-que-estudiara-los-riesgos-sanitarios-en-el-rio-chicamocha/
e0131,https://www.eltiempo.com/bogota/cundinamarca-que-se-sabe-de-las-amenazas-contra-cinco-alcaldes-de-cundinamarca-782351
e0132,https://diariodelcauca.com.co/victimas-del-conflicto-2/
e0133,https://diariodelcauca.com.co/un-grito-ignorado/
e0134,https://www.elcolombiano.com/medellin/riesgo-electoral-en-medellin-es-extremo-alerta-la-mision-de-observacion-electoral-moe-FA22660137
e0135,https://www.elcolombiano.com/generacion/edicion-del-mes/la-persistencia-del-odio-NM21873538
e0136,https://diariodelcauca.com.co/legalizaron-mas-de-600-hectareas-a-familias-campesinas-en-el-cauca/
e0137,https://www.elcolombiano.com/colombia/disidencias-usan-a-la-gente-para-controlar-zonas-previo-a-elecciones-CB22760354
e0138,https://diariodelnorte.net/judiciales/capturan-a-presunto-integrante-de-estructura-criminal-por-extorsion-en-paraguachon/
e0139,https://laguajirahoy.com/judiciales/hombres-armados-habrian-sacado-a-comerciante-de-su-vivienda-en-maicao-la-guajira.html
e0140,https://www.eltiempo.com/mundo/venezuela/padrino-lopez-confirmo-el-asesinato-de-varios-miembros-del-equipo-de-seguridad-de-nicolas-maduro-tras-los-bombardeos-de-estados-unidos-3521738
e0141,https://laguajirahoy.com/comunidad/venezolanos-en-la-guajira-viven-con-emociones-encontradas-los-recientes-sucesos-politicos-en-su-pais.html
e0142,https://choco7dias.com/la-chocoana-elizabeth-moreno-fue-elegida-defensora-del-ano-en-colombia-en-2023/
e0143,https://diariodelcauca.com.co/petro-2/
e0144,https://boyaca7dias.com.co/2025/11/13/la-unidad-de-busqueda-de-personas-recupero-diez-cuerpos-en-el-cementerio-de-oicata/
e0145,https://laguajirahoy.com/judiciales/autoridades-redoblan-acciones-para-esclarecer-masacre-en-maicao-que-dejo-cinco-victimas-mortales.html
e0146,https://choco7dias.com/embajadora-de-suecia-visito-el-choco/
e0147,https://diariodelnorte.net/judiciales/ediles-de-paraguachon-denuncian-amenazas-tras-recibir-video-intimidante/
e0148,https://www.eltiempo.com/colombia/otras-ciudades/piratas-terrestres-vuelven-a-sembrar-terror-en-la-guajira-hombres-armados-asaltan-vehiculo-en-plena-via-y-quedan-en-video-3553317
e0149,https://diariodelnorte.net/judiciales/se-levanta-bloqueo-en-la-via-maicao-riohacha-tras-acuerdos-con-comunidad-indigena/
e0150,https://www.eltiempo.com/bogota/arriba-bogota-emision-5-de-septiembre-de-2023-802680
e0151,https://diariodelnorte.net/judiciales/autoridades-capturan-a-13-personas-en-maicao-por-homicidio-extorsion-y-microtrafico/
e0152,https://diariodelcauca.com.co/lideresa-edilsan-andrade-fue-asesinada-en-rosas-cauca/
e0153,https://choco7dias.com/el-abogado-de-los-indigenas-del-choco-memoria-de-jairo-velasquez-primera-parte/
e0154,https://www.elcolombiano.com/medellin/victimas-de-desplazamiento-forzado-en-medellin-mas-de-3000-casos-en-el-primer-semestre-de-2023-AJ21935588
e0155,https://www.eltiempo.com/bogota/carcel-para-exconcejal-de-cundinamarca-que-cobro-1-200-millones-para-favorecer-proyecto-796007
e0156,https://diariodelcauca.com.co/luis-fernando-velasco-viajo-al-cauca-esperamos-que-cumplan-su-palabra/
e0157,https://www.elcolombiano.com/antioquia/mineria-ilegal-y-paro-en-el-bajo-cauca-y-nordeste-de-antioquia-PN20691817
e0158,https://www.elcolombiano.com/opinion/columnistas/pactemos-por-colombia-por-antioquia-por-medellin-DJ20837015
e0159,https://www.elcolombiano.com/antioquia/aca-las-campanas-se-imponen-polemica-respuesta-de-juan-d-gomez-en-el-conversatorio-no-apto-para-fanaticos-sobre-el-pacto-de-indiana-OA22000187
e0160,https://www.elcolombiano.com/colombia/defensor-del-pueblo-prende-las-alarmas-a-una-semana-de-las-elecciones-regionales-MG22719342
e0161,https://www.eltiempo.com/bogota/glamping-de-manta-donde-murio-mujer-investigado-por-superintendencia-740531
e0162,https://diariodelnorte.net/laguajira/maicao-se-posiciona-en-la-agenda-global-de-migracion-margarita-crespo-habib-lidera-representacion-ante-la-onu/
e0163,https://www.elcolombiano.com/antioquia/gobernador-anibal-gaviria-pide-ajustes-a-la-paz-de-gustavo-petro-HN20783136
e0164,https://laguajirahoy.com/maicao-3/docentes-levantan-bloqueo-en-maicao-tras-confirmacion-de-sus-pagos.html
e0165,https://diariodelcauca.com.co/protestas-en-popayan-por-crisis-humanitaria/
e0166,https://www.elcolombiano.com/antioquia/docentes-de-antioquia-reubicados-por-amenazas-de-grupos-armados-GD21553713
e0167,https://www.eltiempo.com/justicia/delitos/cayo-presunto-homicida-de-un-hombre-en-chipaque-cundinamarca-772794
e0168,https://diariodelnorte.net/judiciales/ejercito-confirma-que-alias-nain-y-su-pareja-escaparon-tras-combates-en-dibulla/
e0169,https://www.eltiempo.com/bogota/quetame-en-que-va-la-recuperacion-de-naranjal-tras-la-emergencia-798520
e0170,https://diariodelcauca.com.co/banda-criminal-la-familia-fue-capturada-por-la-policia-de-bogota/
e0171,https://choco7dias.com/litoral-del-san-juan-30-anos/
e0172,https://www.eltiempo.com/justicia/conflicto-y-narcotrafico/caen-tres-presuntos-integrantes-del-eln-en-maicao-la-guajira-estarian-encargados-de-realizar-extorsiones-a-pequenos-y-medianos-comerciantes-3493365
e0173,https://www.eltiempo.com/bogota/cundinamarca-la-baraja-de-candidatos-a-la-alcaldia-de-la-calera-800858
e0174,https://diariodelnorte.net/editorial/lanchas-entre-la-urgencia-y-las-dudas/
e0175,https://diariodelnorte.net/judiciales/dirigente-politico-y-gerente-de-una-ipsi-resulta-herido-en-hechos-confusos-en-la-via-maicao-carraipia/
e0176,https://www.eltiempo.com/bogota/decretan-alerta-naranja-por-incendios-forestales-en-cundinamarca-740334
e0177,https://diariodelcauca.com.co/don-chirimias-12/
e0178,https://laguajirahoy.com/judiciales/por-presion-de-autoridades-venezolanas-captores-liberan-secuestrados-colombianos.html
e0179,https://diariodelnorte.net/laguajira/movimiento-quinto-poder-presenta-propuestas-para-el-desarrollo-de-la-guajira/
e0180,https://choco7dias.com/no-vamos-bien-con-la-paz-leyner-palacios/
e0181,https://diariodelcauca.com.co/criminales-habrian-inaugurado-un-pavimento-en-rosario-narino/
e0182,https://diariodelnorte.net/editorial/lluvias-sinonimo-de-estragos-en-la-guajira/
e0183,https://www.elcolombiano.com/antioquia/restitucion-de-tierras-a-comunidad-negra-entre-frontino-y-urrao-antioquia-CF23370424
e0184,https://www.eltiempo.com/colombia/barranquilla/barranquilla-un-avance-para-la-justicia-y-la-democracia-de-la-region-esto-dijo-el-alcalde-char-acerca-de-la-captura-de-nicolas-maduro-3521761
e0185,https://diariodelcauca.com.co/red-de-mujeres-del-cauca/
e0186,https://www.eltiempo.com/colombia/santander/via-al-llano-nuevo-cierre-jueves-24-de-agosto-por-caida-de-piedras-tras-lluvias-799043
e0187,https://www.eltiempo.com/justicia/investigacion/viva-air-sindicato-de-trabajadores-pide-a-tribunal-proteger-sus-derechos-745877
e0188,https://www.eltiempo.com/mas-contenido/asi-se-vivio-la-semana-por-la-paz-805416
e0189,https://laguajirahoy.com/nacion/cerrada-frontera-del-lado-venezolano-en-la-guajira.html
e0190,https://www.eltiempo.com/colombia/otras-ciudades/la-guajira-paro-armado-golpea-el-comercio-en-riohacha-perdidas-superan-los-35-mil-millones-en-tres-dias-3548966
e0191,https://choco7dias.com/memorial-por-las-victimas-de-riosucio/
e0192,https://choco7dias.com/asi-fue-la-caravana-del-gobierno-y-eln-para-oir-el-drama-de-guerra-en-el-pacifico/
e0193,https://www.eltiempo.com/opinion/editorial/apostar-por-la-region-editorial-el-tiempo-835278
e0194,https://www.eltiempo.com/justicia/delitos/desarticulan-tres-bandas-dedicadas-al-trafico-de-hidrocarburos-778900
e0195,https://diariodelcauca.com.co/doralba-perdio-la-vida-por-causa-de-un-rayo-en-paez-cauca/
e0196,https://www.eltiempo.com/politica/gobierno/presidente-petro-anuncia-medidas-para-atender-emergencia-en-quetame-787991
e0197,https://laguajirahoy.com/comunidad/gobernacion-lidera-evacuacion-aerea-de-madre-y-bebe-desde-nazaret-hasta-riohacha.html
e0198,https://diariodelcauca.com.co/crecen-las-cifras-de-violencia-en-el-departamento-del-cauca/
e0199,https://diariodelcauca.com.co/privados-siguen-incumpliendole-a-popayan-con-una-obra/
e0200,https://choco7dias.com/para-usted-ciudadano-comun/
e0201,https://www.eltiempo.com/bogota/gobernacion-aportara-recursos-para-mejorar-el-suministro-de-agua-en-cajica-736103
e0202,https://diariodelnorte.net/opinion/se-pasan/
e0203,https://www.elcolombiano.com/antioquia/conflicto-armado-amenaza-elecciones-regionales-2023-en-el-norte-de-antioquia-LO22687194
e0204,https://diariodelcauca.com.co/grupos-armados-violentan-al-cauca/
e0205,https://diariodelnorte.net/editorial/elecciones-en-medio-del-miedo/
e0206,https://laguajirahoy.com/la-guajira/parques-biosaludables-devuelven-encuentro-y-propicia-salud-a-la-guajira.html
e0207,https://www.elcolombiano.com/antioquia/protestas-aeropuerto-jose-maria-cordova-de-rionegro-por-suspension-de-operaciones-de-viva-air-LE20600865
e0208,https://laguajirahoy.com/judiciales/la-guajira-busca-seguridad-y-apoyo-a-comunidades-tras-consejo-de-seguridad.html
e0209,https://www.elcolombiano.com/antioquia/comision-humanitaria-llego-a-verificar-violaciones-a-derechos-humanos-en-limites-de-antioquia-con-bolivar-AP22694015
e0210,https://www.elcolombiano.com/negocios/paro-minero-genera-perdidas-por-57000-millones-a-transportadores-KC20778002
e0211,https://diariodelnorte.net/judiciales/migracion-colombia-expulsa-a-venezolana-detectada-durante-tramite-medico/
e0212,https://choco7dias.com/tado-indigenas-habrian-matado-a-dos-jaguares-en-el-tabor/
e0213,https://boyaca7dias.com.co/2026/08/04/desde-la-medianoche-de-hoy-se-restablecera-el-cobro-en-el-peaje-de-tuta/
e0214,https://www.eltiempo.com/bogota/fusagasuga-caen-los-marcas-dedicados-a-hacer-fleteos-en-cundinamarca-785603
e0215,https://choco7dias.com/el-choco-esta-todo-incendiado-obispo-de-istmina/
e0216,https://www.eltiempo.com/bogota/bogota-como-le-fue-en-2022-732001
e0217,https://www.eltiempo.com/justicia/conflicto-y-narcotrafico/disidencias-se-disputan-el-control-del-canon-sobre-el-rio-duda-768677
e0218,https://choco7dias.com/no-hay-estado-para-atender-migrantes-en-acandi/
e0219,https://www.eltiempo.com/mundo/europa/presidente-macron-confirma-la-liberacion-de-camilo-castro-frances-detenido-en-venezuela-desde-junio-y-anuncia-que-ya-viaja-hacia-francia-3509354
e0220,https://www.elcolombiano.com/informes-comerciales/las-marcas-hablan/pusimos-a-corantioquia-en-el-corazon-de-los-antioquenos-ME23367821
e0221,https://www.eltiempo.com/bogota/farc-en-el-sumapaz-asi-es-el-plan-del-ejercito-para-enfrentarse-768185
e0222,https://www.eltiempo.com/justicia/conflicto-y-narcotrafico/defensoria-dice-que-refundacion-de-frente-53-farc-es-retroceso-en-la-paz-761801
e0223,https://www.eltiempo.com/bogota/consejo-de-estado-le-dio-la-razon-a-concejal-de-bogota-por-deforestacion-777941
e0224,https://laguajirahoy.com/judiciales/hombre-fue-asesinado-a-tiros-en-el-barrio-el-bosque-de-maicao.html
e0225,https://diariodelcauca.com.co/conflicto-en-el-cauca/
e0226,https://diariodelnorte.net/laguajira/autoridad-wayuu-solicita-seguimiento-a-fallo-judicial-en-la-guajira/
e0227,https://boyaca7dias.com.co/2026/08/03/comunidades-advierten-con-bloquear-por-completo-la-via-en-el-peaje-de-tuta-ante-incumplimientos-de-la-ani/
e0228,https://laguajirahoy.com/judiciales-2/maicao-ofrece-recompensa-historica-contra-rafita-200-millones-de-pesos.html
e0229,https://diariodelcauca.com.co/exgobernadores-del-cauca-y-su-cinismo/
e0230,https://www.elcolombiano.com/antioquia/suspension-del-paro-minero-en-el-bajo-cauca-y-el-nordesde-de-antioquia-BG21053130
e0231,https://laguajirahoy.com/maicao/maicao-intensifica-controles-para-blindar-movilidad-a-paraguachon-territorio-que-limita-con-venezuela.html
e0232,https://choco7dias.com/choco-65-eventos-de-confinamiento-en-2022/
e0233,https://laguajirahoy.com/riohacha/violencias-contra-poblacion-lgbtiq-generan-alertas-en-la-guajira.html
e0234,https://choco7dias.com/por-que-no-es-un-escandalo-lo-que-pasa-en-el-choco/
e0235,https://diariodelcauca.com.co/dia-mundial-de-la-paz-timba-en-cauca-llora-a-dos-victimas-del-atentado/
e0236,https://www.elcolombiano.com/sostenibilidad/celsia-sembro-mas-de-13-millones-de-arboles-nativos-FO21946021
e0237,https://diariodelcauca.com.co/movimiento-comunal/
e0238,https://diariodelcauca.com.co/mininterior-afirma-no-dar-garantias-a-bandas-criminales/
e0239,https://laguajirahoy.com/judiciales/se-reabre-frontera-y-se-normaliza-paso-por-paraguachon-en-la-guajira.html
e0240,https://www.elcolombiano.com/antioquia/disidencias-frente-36-imponen-manual-convivencia-en-municipios-norte-bajo-cauca-nordeste-antioquia-MD22211269
e0241,https://diariodelnorte.net/judiciales/comunidades-wayuu-levantan-bloqueo-al-relleno-sanitario-del-norte-tras-acuerdos-con-el-alcalde-de-maicao/
e0242,https://www.elcolombiano.com/medellin/bloqueos-en-la-avenida-regional-en-el-poblado-OC21236190
e0243,https://diariodelcauca.com.co/incompetencia-de-elias-larrahondo-bloqueara-la-panamericana-otra-vez-dicen-lideres/
e0244,https://boyaca7dias.com.co/2026/08/07/de-los-dos-megaproyectos-de-petro-para-boyaca-uno-arranco-y-el-otro-se-quedo-estancado/
e0245,https://www.eltiempo.com/bogota/quetame-nuevo-reporte-indica-que-hay-21-muertos-y-8-desaparecidos-788350
e0246,https://diariodelnorte.net/laguajira/mantienen-alerta-roja-por-riesgo-de-incendios-forestales-en-los-15-municipios-de-la-guajira/
e0247,https://diariodelcauca.com.co/llaman-a-que-se-sostenga-cese-al-fuego-por-parte-de-criminales/
e0248,https://diariodelnorte.net/judiciales/capturan-a-tres-personas-por-fuga-de-presos-en-operativos-viales-de-la-guajira/
e0249,https://www.eltiempo.com/vida/ciencia/por-que-ocurren-frecuentes-deslizamientos-de-tierra-en-colombia-789577
e0250,https://www.elcolombiano.com/antioquia/llegaran-mas-policias-a-antioquia-KD22300903
e0251,https://diariodelcauca.com.co/indigenas-manifiestan-rechazo-hacia-las-difamaciones-a-gustavo-petro/
e0252,https://laguajirahoy.com/judiciales/carneo-y-abigeato-en-aumento-en-la-guajira.html
e0253,https://boyaca7dias.com.co/2026/08/06/proteger-al-venado-cola-blanca-una-prioridad-para-salvaguardar-la-biodiversidad-en-boyaca/
e0254,https://diariodelcauca.com.co/alarmante-aumento-de-violencia/
e0255,https://www.elcolombiano.com/antioquia/renuncio-a-aspirar-a-la-goberncion-candidato-robinson-giraldo-GO22682307
e0256,https://www.elcolombiano.com/medellin/entrevista-a-juan-luis-mejia-sobre-la-cultura-del-narcotrafico-exorcizarte-pablo-KH22615492
e0257,https://choco7dias.com/riosucio-radican-demanda-a-favor-de-la-comunidad-del-rio-cacarica/
e0258,https://www.elcolombiano.com/antioquia/planton-empleados-hospital-san-rafael-de-itagui-por-falta-de-pago-FC22759158
e0259,https://diariodelcauca.com.co/desde-2022-cruz-verde-ha-donado-mas-de-2-mil-millones-de-pesos-en-productos-al-banco-de-alimentos/
e0260,https://diariodelcauca.com.co/violencia-extrema-con-granadas-obligan-a-800-familias-a-desplazarse-de-su-region/
e0261,https://www.eltiempo.com/bogota/exjefa-de-planeacion-de-funza-fue-condenada-a-7-anos-por-corrupcion-757159
e0262,https://laguajirahoy.com/judiciales/venezuela-libero-a-ciudadano-frances-quien-fue-capturado-en-la-frontera-con-la-guajira.html
e0263,https://diariodelnorte.net/judiciales/habitantes-de-comunidad-indigena-bloquean-la-via-maicao-riohacha-para-exigir-reconocimiento/
e0264,https://diariodelcauca.com.co/gobierno-nacional-promete-estabilizar-el-norte-caucano/
e0265,https://choco7dias.com/se-realizo-en-quibdo-encuentro-nacional-de-coordinadores-de-mesas-de-victimas/
e0266,https://www.eltiempo.com/economia/empresas/ordenan-retirar-del-mercado-el-aguardiente-real-amarillo-833086
e0267,https://choco7dias.com/otro-desplante-de-petro-al-choco-por-atender-la-guerra-entre-israel-y-palestina/
e0268,https://diariodelnorte.net/judiciales/conductor-denuncia-presunta-extorsion-por-parte-de-un-agente-de-transito-en-maicao/
e0269,https://boyaca7dias.com.co/2026/06/06/estos-fueron-los-compromisos-acordados-tras-las-protestas-en-el-peaje-de-tuta/
e0270,https://diariodelcauca.com.co/avances-estancados-por-funcionarios-del-gobierno-nacional/
e0271,https://diariodelcauca.com.co/terror-en-buenaventura-ofrecen-200-millones-por-informacion-de-encapuchados/
e0272,https://choco7dias.com/la-psicologa-colombiana-que-trabaja-desde-suecia-con-los-ninos-del-choco/
e0273,https://choco7dias.com/codechoco-realiza-educacion-en-tado-ante-la-presencia-de-jaguares/
e0274,https://diariodelcauca.com.co/asesinaron-a-willington-antonio-pavi-comunero-en-la-sierra-cauca/
e0275,https://www.portafolio.co/economia/regiones/imagenes-del-momento-de-la-explosion-del-atentado-al-peaje-boqueron-en-la-via-al-llano-593902
e0276,https://diariodelcauca.com.co/comunidad-de-el-plateado-sur-del-cauca-afectada-por-fuertes-controles-del-ejercito/
e0277,https://choco7dias.com/ante-la-justicia-sera-presentado-el-caso-boca-de-chicao-en-choco/
e0278,https://www.elcolombiano.com/antioquia/unidad-para-las-victimas-entrego-ayudas-humanitarias-a-indigenas-del-suroeste-PC20449464
e0279,https://diariodelnorte.net/laguajira/procuraduria-lleva-feria-de-servicios-a-uribia-para-garantizar-derechos-de-la-ninez-wayuu/
e0280,https://diariodelcauca.com.co/raul-vargas-se-quito-la-vida-en-talaga-inza-cauca/
e0281,https://www.eltiempo.com/bogota/bogota-alarmante-situacion-en-sumapaz-762343
e0282,https://diariodelcauca.com.co/ojo-con-la-juventudy-la-educacion/
e0283,https://www.eltiempo.com/bogota/cayo-senalado-feminicida-en-soacha-videos-captaron-a-hombre-sin-una-pierna-huyendo-809503
e0284,https://www.elcolombiano.com/antioquia/gobernador-anibal-gaviria-pide-apoyo-nacional-para-fortalecer-proteccion-de-las-mujeres-GA21651744
e0285,https://www.eltiempo.com/contenido-comercial/universidad-de-cundinamarca-implementa-modelo-que-forma-para-la-vida-734747
e0286,https://www.eltiempo.com/colombia/otras-ciudades/asi-fue-la-cadena-de-fallas-que-llevo-al-choque-mortal-del-camion-de-gas-en-la-via-simijaca-chiquinquira-cundinamarca-la-tragedia-pudo-ser-peor-3530470
e0287,https://choco7dias.com/ocho-mil-personas-confinadas-el-paro-armado-del-eln-agrava-la-situacion-de-las-comunidades-del-san-juan/
e0288,https://diariodelnorte.net/laguajira/maicao-refuerza-seguridad-y-activa-pmu-ante-la-situacion-actual-en-la-frontera/
e0289,https://diariodelcauca.com.co/paz-como-revolucion/
e0290,https://choco7dias.com/elecciones-amenazadas-voces-de-alcaldes-desplazados-de-sus-municipios/
e0291,https://www.eltiempo.com/bogota/ejercito-desarticulo-banda-criminal-que-delinquia-entre-el-meta-y-cundinamarca-789983
e0292,https://www.elcolombiano.com/colombia/en-colombia-hay-siete-conflictos-armados-cicr-LG21055806
e0293,https://www.elcolombiano.com/informes-comerciales/las-marcas-hablan/asi-fueron-atendidas-y-reparadas-las-victimas-del-conflicto-armado-en-antioquia-en-2023-EK23380433
e0294,https://www.elcolombiano.com/antioquia/comunidad-de-caceres-esta-confinada-por-combates-entre-eln-y-el-clan-del-golfo-OE22265308
e0295,https://www.eltiempo.com/justicia/investigacion/fiscalia-imputa-nuevos-cargos-por-corrupcion-a-manuel-nule-miembro-del-clan-nule-789142
e0296,https://diariodelcauca.com.co/bloqueo-reafirma-incapacidad-de-larrahondo-para-gobernar/
e0297,https://www.eltiempo.com/salud/mujeres-caficultoras-de-huila-en-el-centro-de-nuevo-programa-contra-el-cancer-cervical-en-el-que-participan-el-ctic-la-gobernacion-y-otras-entidades-3526214
e0298,https://choco7dias.com/bajo-baudo-restauracion-ecologica-en-docampado/
e0299,https://choco7dias.com/jauriperabu-o-la-enfermedad-del-susto-asi-actuo-el-erg-en-choco-risaralda-y-antioquia/
e0300,https://www.elcolombiano.com/antioquia/esteban-restrepo-cerro-vias-de-la-alpujarra-para-lanzar-su-candidatura-a-la-gobernacion-BC20663130
e0301,https://laguajirahoy.com/nacion-2/toma-mi-mano-una-apuesta-humanitaria-con-impacto-en-la-guajira.html
e0302,https://choco7dias.com/defensoria-del-pueblo-le-solicita-al-eln-levantar-paro-armado-en-choco/
e0303,https://laguajirahoy.com/maicao/con-reubicacion-de-vendedores-de-chivo-se-impulsa-orden-urbano-y-social-en-maicao.html
e0304,https://diariodelnorte.net/laguajira/jarlen-garrido-advierte-sobre-crisis-migratoria-en-maicao-tras-ausencia-de-la-cancilleria-en-foro-internacional/
e0305,https://www.eltiempo.com/colombia/otras-ciudades/bloqueos-en-la-via-al-llano-bogota-villavicencio-se-normaliza-paso-de-carga-798869
e0306,https://www.eltiempo.com/bogota/la-mesa-contrato-de-zonas-de-parqueo-tuvo-que-ser-cancelado-levantan-bloqueos-833297
e0307,https://diariodelcauca.com.co/suspenden-plan-para-montar-base-naval-en-gorgona/
e0308,https://www.elcolombiano.com/antioquia/identidades-de-las-seis-victimas-de-la-doble-masacre-en-santa-fe-de-antioquia-EE23275302
e0309,https://www.eltiempo.com/justicia/jep-colombia/militares-procesados-por-falsos-positivos-en-jep-vinculados-a-proyecto-en-sumapaz-831449
e0310,https://www.eltiempo.com/opinion/columnistas/german-umana-mendoza/columna-de-german-umana-transicion-economica-basada-en-el-turismo-761855
e0311,https://choco7dias.com/glosa-paseada-en-homenaje-a-licona-1a-parte/
e0312,https://diariodelnorte.net/laguajira/fuerzas-militares-mantienen-presencia-y-acompanamiento-a-la-poblacion-en-la-guajira/
e0313,https://www.eltiempo.com/bogota/tragedia-en-quetame-asciende-a-28-el-numero-de-victimas-fatales-790174
e0314,https://www.elcolombiano.com/antioquia/denuncian-abuso-de-mujeres-por-grupos-armados-en-limites-entre-antioquia-y-bolivar-AP22692266
e0315,https://www.eltiempo.com/bogota/cajica-decreto-emergencia-sanitaria-y-calamidad-publica-por-falta-de-agua-737910
e0316,https://diariodelnorte.net/judiciales/restablecen-movilidad-en-alto-pino-tras-bloqueo-comunidades-exigen-dialogo-con-icbf-y-gobernacion/
e0317,https://laguajirahoy.com/judiciales/bloqueo-en-via-riohacha-maicao-fue-levantado-tras-dialogo.html
e0318,https://www.elcolombiano.com/antioquia/soldados-heridos-tras-explosion-en-anori-avanzada-de-senador-juan-felipe-lemos-LC22130685
e0319,https://www.eltiempo.com/opinion/columnistas/nancy-patricia-gutierrez/columna-de-nancy-patricia-gutierrez-la-tortura-de-fin-de-ano-732243
e0320,https://diariodelnorte.net/judiciales/persisten-bloqueos-en-vias-de-la-guajira-por-protestas-indigenas-y-afrodescendientes/
e0321,https://www.elcolombiano.com/antioquia/piedra-del-penol-origen-de-donde-salio-historia-piedra-de-guatape-turismo-AG21367986
e0322,https://www.elcolombiano.com/opinion/editoriales/elecciones-bajo-fuego-DJ21938218
e0323,https://www.eltiempo.com/bogota/tenemos-el-titulo-nacional-del-volteo-de-tierras-candidato-yeilor-espinel-803805
e0324,https://www.eltiempo.com/bogota/sumapaz-y-disidencias-de-las-farc-asi-se-vive-el-temor-en-la-localidad-768424
e0325,https://laguajirahoy.com/comunidad-3/intensa-busqueda-de-dos-hermanos-desaparecidos-en-albania.html
e0326,https://diariodelnorte.net/judiciales/levantan-bloqueos-en-las-salidas-de-maicao-hacia-albania-y-riohacha-tras-acuerdos-con-campesinos/
e0327,https://diariodelcauca.com.co/quien-era-david-castillo-el-sicario-colombiano-abatido-por-escoltas-de-villavicencio/
e0328,https://diariodelcauca.com.co/el-cauca-suena-paz/
e0329,https://laguajirahoy.com/judiciales-2/asesinan-a-joven-wayuu-en-zona-limitrofe-entre-colombia-y-venezuela.html
e0330,https://choco7dias.com/cuando-la-historia-hace-su-agosto-unas-cuantas-efemerides-de-la-historia-nuestra-caballero/
e0331,https://choco7dias.com/en-el-papel-ha-quedado-sentencia-sobre-proteccion-de-menores-indigenas-del-choco/
e0332,https://www.elcolombiano.com/antioquia/inversion-para-atender-invierno-en-antioquia-LE23141802
e0333,https://laguajirahoy.com/medio-ambiente-2/alerta-roja-por-incendios-forestales-cubre-toda-la-guajira.html
e0334,https://www.eltiempo.com/unidad-investigativa/hablan-3-de-los-7-politicos-cuyos-nombres-aparecen-en-los-sobres-con-dinero-incautado-a-escolta-de-poderoso-secretario-de-la-camara-3536907
e0335,https://www.eltiempo.com/justicia/cortes/consejo-de-estado-deja-por-fuera-a-tulio-gomez-de-candidatura-en-el-valle-820237
e0336,https://choco7dias.com/choco-el-cese-al-fuego-con-el-eln-no-brinda-tranquilidad-a-las-comunidades-del-san-juan/
e0337,https://www.eltiempo.com/colombia/otras-ciudades/migracion-deporta-a-venezolana-que-tenia-orden-de-expulsion-vigente-fue-identificada-durante-atencion-en-una-clinica-de-valledupar-3562637
e0338,https://laguajirahoy.com/cultura/cine-wayuu-llega-al-ficci-65-con-dos-cortometrajes-seleccionados.html
e0339,https://www.elcolombiano.com/antioquia/afectados-por-lluvias-en-anrtioquia-en-mayo-BO21495576
e0340,https://www.elcolombiano.com/antioquia/aumento-del-secuestro-en-antioquia-este-ano-OG23079766
e0341,https://diariodelcauca.com.co/buenaventura/
e0342,https://www.elcolombiano.com/inicio/cese-al-fuego-eln-gobierno-comunidades-regiones-esperan-paz-total-LH22078542
e0343,https://laguajirahoy.com/judiciales/abogado-ira-a-la-carcel-mientras-investigan-muerte-de-mototaxista-en-fonseca.html
e0344,https://choco7dias.com/procuraduria-grupo-especial-en-el-choco-por-crisis-humanitaria/
e0345,https://www.elcolombiano.com/antioquia/posible-nueva-ola-de-migrantes-preocupa-a-las-autoridades-en-antioquia-FM19736056
e0346,https://laguajirahoy.com/politica/asamblea-de-la-guajira-instala-primer-periodo-de-sesiones-2026.html
e0347,https://diariodelnorte.net/judiciales/atracadores-en-maicao-intimidan-con-fusil-de-alto-calibre-a-ciudadano-para-hurtarle-su-motocicleta/
e0348,https://laguajirahoy.com/maicao/maicao-desde-el-cielo-cautiva-con-imagenes-autenticas-y-sin-filtros-urbanos.html
e0349,https://www.eltiempo.com/bogota/opinion-bogota-tan-cerca-y-tan-lejos-de-cundinamarca-opinion-de-omar-orostegui-811526
e0350,https://diariodelcauca.com.co/tratan-sobre-retos-estatales-para-reconocer-al-campesino/
e0351,https://www.elcolombiano.com/colombia/entrega-de-tierras-a-firmantes-de-paz-BJ22092443
e0352,https://boyaca7dias.com.co/2026/06/05/peaje-gratis-anoche-en-la-caseta-de-tuta-tolditos7dias/
e0353,https://choco7dias.com/consejos-comunitarios-de-choco-y-bolivar-concertaron-planes-de-atencion/
e0354,https://diariodelcauca.com.co/el-paro-no-puede-continuar/
e0355,https://choco7dias.com/documental-del-choco-brillo-en-sao-paulo-brasil/
