indicador,lugar,url,en_topk_v01,en_topk_v08,puntaje_v01,puntaje_v08,rango,rango_v01,rango_v08
reasentamiento,Antioquia,https://www.elcolombiano.com/antioquia/afectados-por-lluvias-en-anrtioquia-en-mayo-BO21495576,False,True,0.021045,0.021045,5,,5.0
reasentamiento,Antioquia,https://www.elcolombiano.com/antioquia/autoridades-visitaron-a-puerto-lopez-y-hicieron-compromisos-FD20452214,True,False,0.721135,0.0,3,3.0,
reasentamiento,Antioquia,https://www.elcolombiano.com/antioquia/docentes-de-antioquia-reubicados-por-amenazas-de-grupos-armados-GD21553713,True,True,0.630304,0.630304,2,7.0,2.0
reasentamiento,Antioquia,https://www.elcolombiano.com/antioquia/inversion-para-atender-invierno-en-antioquia-LE23141802,True,True,0.606594,0.606594,3,8.0,3.0
reasentamiento,Antioquia,https://www.elcolombiano.com/antioquia/llegaran-mas-policias-a-antioquia-KD22300903,True,False,0.70953,0.0,5,5.0,
reasentamiento,Antioquia,https://www.elcolombiano.com/antioquia/piedra-del-penol-origen-de-donde-salio-historia-piedra-de-guatape-turismo-AG21367986,True,False,0.563714,0.0,9,9.0,
reasentamiento,Antioquia,https://www.elcolombiano.com/antioquia/restitucion-de-tierras-a-comunidad-negra-entre-frontino-y-urrao-antioquia-CF23370424,True,False,0.968639,0.0,1,1.0,
reasentamiento,Antioquia,https://www.elcolombiano.com/antioquia/suspension-del-paro-minero-en-el-bajo-cauca-y-el-nordesde-de-antioquia-BG21053130,True,False,0.559277,0.0,10,10.0,
reasentamiento,Antioquia,https://www.elcolombiano.com/antioquia/unidad-para-las-victimas-entrego-ayudas-humanitarias-a-indigenas-del-suroeste-PC20449464,True,True,0.846029,0.846029,1,2.0,1.0
reasentamiento,Antioquia,https://www.elcolombiano.com/colombia/entrega-de-tierras-a-firmantes-de-paz-BJ22092443,True,False,0.679658,0.0,6,6.0,
reasentamiento,Antioquia,https://www.elcolombiano.com/informes-comerciales/las-marcas-hablan/asi-fueron-atendidas-y-reparadas-las-victimas-del-conflicto-armado-en-antioquia-en-2023-EK23380433,False,True,0.522858,0.522858,4,,4.0
reasentamiento,Antioquia,https://www.elcolombiano.com/opinion/columnistas/pactemos-por-colombia-por-antioquia-por-medellin-DJ20837015,True,False,0.71964,0.0,4,4.0,
reasentamiento,Maicao,https://diariodelnorte.net/editorial/lanchas-entre-la-urgencia-y-las-dudas/,True,False,0.627435,0.0,10,10.0,
reasentamiento,Maicao,https://diariodelnorte.net/editorial/lluvias-sinonimo-de-estragos-en-la-guajira/,False,True,0.033555,0.033555,3,,3.0
reasentamiento,Maicao,https://diariodelnorte.net/judiciales/comunidades-wayuu-levantan-bloqueo-al-relleno-sanitario-del-norte-tras-acuerdos-con-el-alcalde-de-maicao/,False,True,0.237427,0.237427,1,,1.0
reasentamiento,Maicao,https://diariodelnorte.net/judiciales/deportan-a-ciudadano-irani-que-ingreso-irregularmente-a-colombia-por-la-frontera-de-maicao-con-venezuela/,True,False,0.686202,0.0,6,6.0,
reasentamiento,Maicao,https://diariodelnorte.net/judiciales/ejercito-confirma-que-alias-nain-y-su-pareja-escaparon-tras-combates-en-dibulla/,True,False,0.858199,0.0,2,2.0,
reasentamiento,Maicao,https://diariodelnorte.net/judiciales/levantan-bloqueo-en-la-via-riohacha-maicao-tras-acuerdos-con-comunidades-wayuu/,True,False,0.675502,0.0,7,7.0,
reasentamiento,Maicao,https://diariodelnorte.net/opinion/la-pista-y-la-migracion/,True,False,0.674263,0.0,8,8.0,
reasentamiento,Maicao,https://laguajirahoy.com/comunidad/gobernacion-lidera-evacuacion-aerea-de-madre-y-bebe-desde-nazaret-hasta-riohacha.html,True,False,0.642253,0.0,9,9.0,
reasentamiento,Maicao,https://laguajirahoy.com/comunidad/venezolanos-en-la-guajira-viven-con-emociones-encontradas-los-recientes-sucesos-politicos-en-su-pais.html,True,False,0.965964,0.0,1,1.0,
reasentamiento,Maicao,https://laguajirahoy.com/cultura/majayut-de-maicao-se-inscribe-en-el-xxx-festival-de-la-cultura-wayuu-en-uribia.html,True,False,0.686788,0.0,5,5.0,
reasentamiento,Maicao,https://laguajirahoy.com/maicao-3/docentes-levantan-bloqueo-en-maicao-tras-confirmacion-de-sus-pagos.html,True,False,0.793194,0.0,3,3.0,
reasentamiento,Maicao,https://laguajirahoy.com/maicao/con-reubicacion-de-vendedores-de-chivo-se-impulsa-orden-urbano-y-social-en-maicao.html,False,True,0.042963,0.042963,2,,2.0
reasentamiento,Maicao,https://www.eltiempo.com/colombia/barranquilla/barranquilla-un-avance-para-la-justicia-y-la-democracia-de-la-region-esto-dijo-el-alcalde-char-acerca-de-la-captura-de-nicolas-maduro-3521761,True,False,0.73552,0.0,4,4.0,
reasentamiento,Oicata,https://boyaca7dias.com.co/2025/11/13/la-unidad-de-busqueda-de-personas-recupero-diez-cuerpos-en-el-cementerio-de-oicata/,True,False,2e-06,0.0,5,5.0,
reasentamiento,Oicata,https://boyaca7dias.com.co/2026/06/05/peaje-gratis-anoche-en-la-caseta-de-tuta-tolditos7dias/,True,False,0.005114,0.0,3,3.0,
reasentamiento,Oicata,https://boyaca7dias.com.co/2026/08/07/de-los-dos-megaproyectos-de-petro-para-boyaca-uno-arranco-y-el-otro-se-quedo-estancado/,True,False,0.004209,0.0,4,4.0,
reasentamiento,Oicata,https://www.eltiempo.com/economia/sectores/ani-adjudico-obras-publicas-de-los-corredores-ferreos-bogota-belencito-y-pacifico-por-mas-de-564-958-millones-3572794,True,False,0.009051,0.0,2,2.0,
reasentamiento,Oicata,https://www.eltiempo.com/politica/elecciones-colombia-2026/resultados-presidenciales-2026-primera-vuelta/en-vivo-elecciones-presidenciales-2026-siga-la-jornada-de-votacion-en-oicata-boyaca-ultimas-noticias-3560006,True,False,0.010127,0.0,1,1.0,
reasentamiento,Paraguachon,https://diariodelnorte.net/judiciales/comunidades-wayuu-levantan-bloqueo-en-la-via-riohacha-maicao-tras-acordar-mesa-de-dialogo-por-atentado-en-alto-pino/,True,False,0.051106,0.0,9,9.0,
reasentamiento,Paraguachon,https://diariodelnorte.net/judiciales/deportan-a-ciudadano-irani-que-ingreso-irregularmente-a-colombia-por-la-frontera-de-maicao-con-venezuela/,True,False,0.686202,0.0,3,3.0,
reasentamiento,Paraguachon,https://diariodelnorte.net/judiciales/migracion-colombia-expulsa-a-venezolana-detectada-durante-tramite-medico/,True,False,0.035412,0.0,10,10.0,
reasentamiento,Paraguachon,https://laguajirahoy.com/comunidad/venezolanos-en-la-guajira-viven-con-emociones-encontradas-los-recientes-sucesos-politicos-en-su-pais.html,True,False,0.965964,0.0,1,1.0,
reasentamiento,Paraguachon,https://laguajirahoy.com/judiciales/se-reabre-frontera-y-se-normaliza-paso-por-paraguachon-en-la-guajira.html,True,False,0.094049,0.0,7,7.0,
reasentamiento,Paraguachon,https://laguajirahoy.com/judiciales/venezuela-libero-a-ciudadano-frances-quien-fue-capturado-en-la-frontera-con-la-guajira.html,True,False,0.400105,0.0,4,4.0,
reasentamiento,Paraguachon,https://laguajirahoy.com/nacion/satena-gestiona-vuelos-diarios-entre-riohacha-y-barranquilla-tras-colapso-del-puente.html,True,False,0.171679,0.0,5,5.0,
reasentamiento,Paraguachon,https://laguajirahoy.com/riohacha/cuatro-anos-despues-puentes-y-arte-publico-siguen-desaparecidos-en-riohacha.html,True,False,0.157573,0.0,6,6.0,
reasentamiento,Paraguachon,https://www.eltiempo.com/colombia/barranquilla/barranquilla-un-avance-para-la-justicia-y-la-democracia-de-la-region-esto-dijo-el-alcalde-char-acerca-de-la-captura-de-nicolas-maduro-3521761,True,False,0.73552,0.0,2,2.0,
reasentamiento,Paraguachon,https://www.eltiempo.com/mundo/europa/presidente-macron-confirma-la-liberacion-de-camilo-castro-frances-detenido-en-venezuela-desde-junio-y-anuncia-que-ya-viaja-hacia-francia-3509354,True,False,0.071866,0.0,8,8.0,
reasentamiento,Cauca,https://diariodelcauca.com.co/abren-participacion-a-mas-grupos-sociales-en-el-pdet-en-cauca/,True,False,0.7188492587888171,0.0,4,4.0,
reasentamiento,Cauca,https://diariodelcauca.com.co/asesinaron-a-willington-antonio-pavi-comunero-en-la-sierra-cauca/,True,False,0.6388520947630142,0.0,5,5.0,
reasentamiento,Cauca,https://diariodelcauca.com.co/atentado-en-cauca-director-de-la-policia-ofrecio-200-millones-de-pesos-por-informacion-de-alias-marlon-vasquez-presunto-responsable/,True,False,0.5728134720078473,0.0,10,10.0,
reasentamiento,Cauca,https://diariodelcauca.com.co/buenaventura/,True,False,0.757326984127411,0.0,3,3.0,
reasentamiento,Cauca,https://diariodelcauca.com.co/desde-2022-cruz-verde-ha-donado-mas-de-2-mil-millones-de-pesos-en-productos-al-banco-de-alimentos/,True,False,0.8511395814774227,0.0,1,1.0,
reasentamiento,Cauca,https://diariodelcauca.com.co/dignificar-la-mujer-en-el-territorio-caucano/,True,False,0.7942103531661521,0.0,2,2.0,
reasentamiento,Cauca,https://diariodelcauca.com.co/disidencias-de-las-farc-hostigaron-en-caldono/,True,False,0.6084560109835205,0.0,8,8.0,
reasentamiento,Cauca,https://diariodelcauca.com.co/grandes-proyectos-para-el-cauca/,False,True,0.14515191387641568,0.14515191387641568,1,,1.0
reasentamiento,Cauca,https://diariodelcauca.com.co/lanzamiento-laboratorio-de-paz/,False,True,0.10845422486896669,0.10845422486896669,2,,2.0
reasentamiento,Cauca,https://diariodelcauca.com.co/legalizaron-mas-de-600-hectareas-a-familias-campesinas-en-el-cauca/,True,False,0.601028017055357,0.0,9,9.0,
reasentamiento,Cauca,https://diariodelcauca.com.co/predio-que-pertenecia-a-paramilitares-se-destinara-para-proyectos-productivos-en-buenos-aires/,True,False,0.6381046259983039,0.0,6,6.0,
reasentamiento,Cauca,https://diariodelcauca.com.co/salirle-al-paso-vivencias-de-las-mujeres-afros-en-el-conflicto-armado/,True,False,0.609960580365355,0.0,7,7.0,
reasentamiento,Chocó,https://choco7dias.com/asi-fue-la-caravana-del-gobierno-y-eln-para-oir-el-drama-de-guerra-en-el-pacifico/,True,False,0.6002814834088679,0.0,5,5.0,
reasentamiento,Chocó,https://choco7dias.com/cargos-al-gobernador-del-choco-por-presuntas-irregularidades-en-ayudas-humanitarias/,True,False,0.5569914497496855,0.0,7,7.0,
reasentamiento,Chocó,https://choco7dias.com/choco-el-cese-al-fuego-con-el-eln-no-brinda-tranquilidad-a-las-comunidades-del-san-juan/,True,False,0.3945421997616942,0.0,10,10.0,
reasentamiento,Chocó,https://choco7dias.com/embajadora-de-suecia-visito-el-choco/,True,False,0.6269778793580432,0.0,3,3.0,
reasentamiento,Chocó,https://choco7dias.com/litoral-del-san-juan-30-anos/,True,False,0.6059496282190305,0.0,4,4.0,
reasentamiento,Chocó,https://choco7dias.com/mas-de-28-000-desplazados-o-confinados-en-el-san-juan-en-2023/,True,False,0.883739396318479,0.0,2,2.0,
reasentamiento,Chocó,https://choco7dias.com/ocho-mil-personas-confinadas-el-paro-armado-del-eln-agrava-la-situacion-de-las-comunidades-del-san-juan/,True,False,0.5743109975787631,0.0,6,6.0,
reasentamiento,Chocó,https://choco7dias.com/por-que-no-es-un-escandalo-lo-que-pasa-en-el-choco/,True,False,0.3977105083392204,0.0,9,9.0,
reasentamiento,Chocó,https://choco7dias.com/riosucio-radican-demanda-a-favor-de-la-comunidad-del-rio-cacarica/,True,False,0.9650786076715565,0.0,1,1.0,
reasentamiento,Chocó,https://choco7dias.com/unguia-torneo-deportivo-como-actividad-reparadora/,True,False,0.48749677160665816,0.0,8,8.0,
reasentamiento,Cundinamarca,https://www.eltiempo.com/bogota/farc-en-el-sumapaz-asi-es-el-plan-del-ejercito-para-enfrentarse-768185,True,False,0.7550018166467003,0.0,1,1.0,
reasentamiento,Cundinamarca,https://www.eltiempo.com/bogota/granizadas-en-bogota-como-solicitar-ayuda-y-apoyo-en-caso-inundaciones-731467,False,True,0.006698014400072129,0.006698014400072129,4,,4.0
reasentamiento,Cundinamarca,https://www.eltiempo.com/bogota/quetame-alud-de-tierra-alerta-a-habitantes-tras-tragedia-por-avalancha-video-788332,True,False,0.5152514765461558,0.0,6,6.0,
reasentamiento,Cundinamarca,https://www.eltiempo.com/bogota/quetame-en-que-va-la-recuperacion-de-naranjal-tras-la-emergencia-798520,False,True,0.09286824400492595,0.09286824400492595,3,,3.0
reasentamiento,Cundinamarca,https://www.eltiempo.com/bogota/quetame-nuevo-reporte-indica-que-hay-21-muertos-y-8-desaparecidos-788350,True,False,0.6597773222148379,0.0,3,3.0,
reasentamiento,Cundinamarca,https://www.eltiempo.com/bogota/tragedia-en-quetame-asciende-a-28-el-numero-de-victimas-fatales-790174,True,False,0.5632205283013605,0.0,5,5.0,
reasentamiento,Cundinamarca,https://www.eltiempo.com/colombia/otras-ciudades/que-pasara-con-el-municipio-de-quetame-despues-de-la-avalancha-que-arraso-el-naranjal-788973,False,True,0.005980083998362296,0.005980083998362296,5,,5.0
reasentamiento,Cundinamarca,https://www.eltiempo.com/economia/sectores/crisis-de-agua-en-cajica-lo-que-hay-detras-del-problema-con-el-acueducto-775128,True,False,0.6616735333581404,0.0,2,2.0,
reasentamiento,Cundinamarca,https://www.eltiempo.com/justicia/jep-colombia/militares-procesados-por-falsos-positivos-en-jep-vinculados-a-proyecto-en-sumapaz-831449,True,False,0.4124476251821968,0.0,9,9.0,
reasentamiento,Cundinamarca,https://www.eltiempo.com/mas-contenido/asi-se-vivio-la-semana-por-la-paz-805416,True,False,0.43144874668692024,0.0,8,8.0,
reasentamiento,Cundinamarca,https://www.eltiempo.com/opinion/editorial/apostar-por-la-region-editorial-el-tiempo-835278,True,False,0.6358107159699725,0.0,4,4.0,
reasentamiento,Cundinamarca,https://www.eltiempo.com/politica/gobierno/presidente-petro-anuncia-medidas-para-atender-emergencia-en-quetame-787991,False,True,0.1018569740380878,0.1018569740380878,2,,2.0
reasentamiento,Cundinamarca,https://www.eltiempo.com/politica/gobierno/quetame-las-medidas-que-anuncio-gustavo-petro-tras-la-avalancha-789415,True,True,0.5141434689215565,0.5141434689215565,1,7.0,1.0
reasentamiento,Cundinamarca,https://www.portafolio.co/mas-contenido/asi-se-vivio-la-trigesima-sexta-version-de-la-semana-por-la-paz-588848,True,False,0.36494606048751455,0.0,10,10.0,
amenaza_lideres,Antioquia,https://www.elcolombiano.com/antioquia/aca-las-campanas-se-imponen-polemica-respuesta-de-juan-d-gomez-en-el-conversatorio-no-apto-para-fanaticos-sobre-el-pacto-de-indiana-OA22000187,False,True,0.806289,0.806289,8,,8.0
amenaza_lideres,Antioquia,https://www.elcolombiano.com/antioquia/comision-humanitaria-llego-a-verificar-violaciones-a-derechos-humanos-en-limites-de-antioquia-con-bolivar-AP22694015,True,True,0.931419,0.931419,4,8.0,4.0
amenaza_lideres,Antioquia,https://www.elcolombiano.com/antioquia/docentes-de-antioquia-reubicados-por-amenazas-de-grupos-armados-GD21553713,False,True,0.86147,0.86147,5,,5.0
amenaza_lideres,Antioquia,https://www.elcolombiano.com/antioquia/entrevista-a-sergio-fajardo-exalcalde-de-medellin-y-exgobernador-de-antioquia-sobre-elecciones-2023-PO22686678,False,True,0.766438,0.766438,9,,9.0
amenaza_lideres,Antioquia,https://www.elcolombiano.com/antioquia/esteban-restrepo-cerro-vias-de-la-alpujarra-para-lanzar-su-candidatura-a-la-gobernacion-BC20663130,True,False,0.903072,0.0,9,9.0,
amenaza_lideres,Antioquia,https://www.elcolombiano.com/antioquia/liberales-divididos-por-el-aval-de-eugenio-prieto-a-la-gobernacion-de-antioquia-IL22296781,True,True,0.964414,0.964414,2,4.0,2.0
amenaza_lideres,Antioquia,https://www.elcolombiano.com/antioquia/nueva-asonada-en-antioquia-comunidad-saco-a-80-militares-de-briceno-por-orden-de-disidencias-farc-AJ23080404,True,True,0.98224,0.98224,1,1.0,1.0
amenaza_lideres,Antioquia,https://www.elcolombiano.com/antioquia/planton-empleados-hospital-san-rafael-de-itagui-por-falta-de-pago-FC22759158,True,False,0.965938,0.0,2,2.0,
amenaza_lideres,Antioquia,https://www.elcolombiano.com/antioquia/renuncio-a-aspirar-a-la-goberncion-candidato-robinson-giraldo-GO22682307,True,False,0.961548,0.0,5,5.0,
amenaza_lideres,Antioquia,https://www.elcolombiano.com/antioquia/soldados-heridos-tras-explosion-en-anori-avanzada-de-senador-juan-felipe-lemos-LC22130685,True,False,0.878847,0.0,10,10.0,
amenaza_lideres,Antioquia,https://www.elcolombiano.com/colombia/defensor-del-pueblo-prende-las-alarmas-a-una-semana-de-las-elecciones-regionales-MG22719342,True,True,0.933628,0.933628,3,7.0,3.0
amenaza_lideres,Antioquia,https://www.elcolombiano.com/colombia/disidencias-usan-a-la-gente-para-controlar-zonas-previo-a-elecciones-CB22760354,True,False,0.965273,0.0,3,3.0,
amenaza_lideres,Antioquia,https://www.elcolombiano.com/colombia/elecciones-bajo-amenaza-violencia-tiene-en-jaque-1-de-cada-4-municipios-AH22528769,False,True,0.826295,0.826295,6,,6.0
amenaza_lideres,Antioquia,https://www.elcolombiano.com/colombia/miguel-polo-polo-defendio-a-candidato-a-concejo-medellin-sacado-de-la-udea-BH22254353,False,True,0.806597,0.806597,7,,7.0
amenaza_lideres,Antioquia,https://www.elcolombiano.com/inicio/cese-al-fuego-eln-gobierno-comunidades-regiones-esperan-paz-total-LH22078542,True,False,0.946433,0.0,6,6.0,
amenaza_lideres,Antioquia,https://www.elcolombiano.com/opinion/editoriales/elecciones-bajo-fuego-DJ21938218,False,True,0.752649,0.752649,10,,10.0
amenaza_lideres,Maicao,https://diariodelnorte.net/editorial/elecciones-en-medio-del-miedo/,False,True,0.787722,0.787722,6,,6.0
amenaza_lideres,Maicao,https://diariodelnorte.net/editorial/todos-contra-la-violencia/,True,False,0.933386,0.0,5,5.0,
amenaza_lideres,Maicao,https://diariodelnorte.net/judiciales/dirigente-politico-y-gerente-de-una-ipsi-resulta-herido-en-hechos-confusos-en-la-via-maicao-carraipia/,False,True,0.749337,0.749337,7,,7.0
amenaza_lideres,Maicao,https://diariodelnorte.net/judiciales/ediles-de-paraguachon-denuncian-amenazas-tras-recibir-video-intimidante/,True,False,0.919064,0.0,8,8.0,
amenaza_lideres,Maicao,https://diariodelnorte.net/judiciales/habitantes-de-comunidad-indigena-bloquean-la-via-maicao-riohacha-para-exigir-reconocimiento/,True,False,0.966913,0.0,2,2.0,
amenaza_lideres,Maicao,https://diariodelnorte.net/judiciales/restablecen-movilidad-en-alto-pino-tras-bloqueo-comunidades-exigen-dialogo-con-icbf-y-gobernacion/,True,False,0.929031,0.0,7,7.0,
amenaza_lideres,Maicao,https://diariodelnorte.net/laguajira/autoridad-wayuu-solicita-seguimiento-a-fallo-judicial-en-la-guajira/,False,True,0.865409,0.865409,3,,3.0
amenaza_lideres,Maicao,https://diariodelnorte.net/laguajira/maicao-se-posiciona-en-la-agenda-global-de-migracion-margarita-crespo-habib-lidera-representacion-ante-la-onu/,False,True,0.8322,0.8322,4,,4.0
amenaza_lideres,Maicao,https://diariodelnorte.net/laguajira/movimiento-quinto-poder-presenta-propuestas-para-el-desarrollo-de-la-guajira/,False,True,0.713782,0.713782,8,,8.0
amenaza_lideres,Maicao,https://elpilon.com.co/cesar-y-la-guajira/nace-una-nueva-fuerza-de-poder-en-la-guajira-katia-ospino-durante-evento-politico-en-maicao,True,True,0.950124,0.950124,2,3.0,2.0
amenaza_lideres,Maicao,https://laguajirahoy.com/judiciales-2/alerta-de-secuestro-sacude-campana-politica-en-la-guajira.html,False,True,0.794275,0.794275,5,,5.0
amenaza_lideres,Maicao,https://laguajirahoy.com/judiciales/hombre-fue-asesinado-a-tiros-en-el-barrio-el-bosque-de-maicao.html,True,False,0.93782,0.0,4,4.0,
amenaza_lideres,Maicao,https://laguajirahoy.com/judiciales/lider-cafetero-victima-de-fleteo-en-estacion-de-servicio-de-fonseca.html,False,True,0.708469,0.708469,9,,9.0
amenaza_lideres,Maicao,https://laguajirahoy.com/judiciales/se-reabre-frontera-y-se-normaliza-paso-por-paraguachon-en-la-guajira.html,True,False,0.909286,0.0,9,9.0,
amenaza_lideres,Maicao,https://www.eltiempo.com/colombia/otras-ciudades/el-bendito-menor-estaria-detras-de-la-masacre-de-cinco-personas-en-maicao-anuncio-limpieza-social-en-video-de-hombres-armados-3523393,True,True,0.977482,0.977482,1,1.0,1.0
amenaza_lideres,Maicao,https://www.eltiempo.com/colombia/otras-ciudades/misterio-en-la-guajira-por-muerte-de-dos-empresarios-en-una-fiesta-de-cumpleanos-el-anfitrion-era-amigo-cercano-del-cantante-vallenato-martin-elias-3572007,True,False,0.871524,0.0,10,10.0,
amenaza_lideres,Maicao,https://www.eltiempo.com/justicia/cortes/la-alerta-de-la-corte-constitucional-por-grupos-armados-que-frenan-controles-sobre-la-crisis-wayuu-en-la-guajira-3554617,True,False,0.93186,0.0,6,6.0,
amenaza_lideres,Maicao,https://www.eltiempo.com/salud/mujeres-caficultoras-de-huila-en-el-centro-de-nuevo-programa-contra-el-cancer-cervical-en-el-que-participan-el-ctic-la-gobernacion-y-otras-entidades-3526214,False,True,0.644273,0.644273,10,,10.0
amenaza_lideres,Oicata,https://boyaca7dias.com.co/2026/02/21/biologa-de-la-uptc-gana-beca-colombia-biodiversa-por-crear-investigacion-que-estudiara-los-riesgos-sanitarios-en-el-rio-chicamocha/,True,False,0.057476,0.0,4,4.0,
amenaza_lideres,Oicata,https://boyaca7dias.com.co/2026/04/09/bloqueos-en-boyaca-este-jueves-por-paro-nacional-en-rechazo-al-aumento-del-impuesto-predial-estos-son-los-puntos-confirmados/,True,True,0.001153,0.001153,3,8.0,3.0
amenaza_lideres,Oicata,https://boyaca7dias.com.co/2026/05/29/comunidad-protesta-en-el-peaje-de-tuta-y-exige-tarifa-cero-para-habitantes-de-cuatro-municipios/,True,True,0.003023,0.003023,2,6.0,2.0
amenaza_lideres,Oicata,https://boyaca7dias.com.co/2026/08/03/comunidades-advierten-con-bloquear-por-completo-la-via-en-el-peaje-de-tuta-ante-incumplimientos-de-la-ani/,True,True,0.416061,0.416061,1,2.0,1.0
amenaza_lideres,Oicata,https://boyaca7dias.com.co/2026/08/07/de-los-dos-megaproyectos-de-petro-para-boyaca-uno-arranco-y-el-otro-se-quedo-estancado/,True,False,0.001347,0.0,7,7.0,
amenaza_lideres,Oicata,https://www.eltiempo.com/colombia/otras-ciudades/familia-y-bomberos-exigen-a-fiscalia-recapturar-al-tatuador-senalado-de-agredir-al-comandante-jairo-bolivar-sigue-en-uci-tras-brutal-golpiza-en-tunja-3572450,True,False,0.632739,0.0,1,1.0,
amenaza_lideres,Oicata,https://www.eltiempo.com/economia/sectores/ani-adjudico-obras-publicas-de-los-corredores-ferreos-bogota-belencito-y-pacifico-por-mas-de-564-958-millones-3572794,True,False,0.182708,0.0,3,3.0,
amenaza_lideres,Oicata,https://www.eltiempo.com/politica/elecciones-colombia-2026/los-escenarios-de-las-elecciones-presidenciales-tras-encuesta-de-guarumo-y-ecoanalitica-que-lidera-cepeda-y-le-siguen-de-la-espriella-y-valencia-3543783,True,False,0.013984,0.0,5,5.0,
amenaza_lideres,Paraguachon,https://diariodelnorte.net/judiciales/capturan-en-zona-rural-de-maicao-a-hombre-requerido-por-homicidio/,False,True,0.005097,0.005097,9,,9.0
amenaza_lideres,Paraguachon,https://diariodelnorte.net/judiciales/ediles-de-paraguachon-denuncian-amenazas-tras-recibir-video-intimidante/,True,False,0.919064,0.0,1,1.0,
amenaza_lideres,Paraguachon,https://diariodelnorte.net/laguajira/defensoria-emite-alerta-por-expansion-de-las-acsn-y-escalada-del-riesgo-en-maicao/,True,True,0.629395,0.629395,2,6.0,2.0
amenaza_lideres,Paraguachon,https://diariodelnorte.net/laguajira/maicao-refuerza-seguridad-y-activa-pmu-ante-la-situacion-actual-en-la-frontera/,True,False,0.758908,0.0,3,3.0,
amenaza_lideres,Paraguachon,https://diariodelnorte.net/laguajira/movimiento-quinto-poder-presenta-propuestas-para-el-desarrollo-de-la-guajira/,True,True,0.713782,0.713782,1,5.0,1.0
amenaza_lideres,Paraguachon,https://laguajirahoy.com/judiciales-2/operativos-en-maicao-dejan-13-capturados-por-graves-delitos.html,True,False,0.517089,0.0,8,8.0,
amenaza_lideres,Paraguachon,https://laguajirahoy.com/judiciales/por-presion-de-autoridades-venezolanas-captores-liberan-secuestrados-colombianos.html,True,True,0.526018,0.526018,3,7.0,3.0
amenaza_lideres,Paraguachon,https://laguajirahoy.com/judiciales/se-reabre-frontera-y-se-normaliza-paso-por-paraguachon-en-la-guajira.html,True,False,0.909286,0.0,2,2.0,
amenaza_lideres,Paraguachon,https://laguajirahoy.com/la-guajira/educacion-vial-para-proteger-la-vida-en-corredores-escolares.html,False,True,0.428518,0.428518,6,,6.0
amenaza_lideres,Paraguachon,https://laguajirahoy.com/maicao-3/tension-del-lado-venezolano-por-caso-judicial-afecta-comercio-binacional.html,False,True,0.178593,0.178593,7,,7.0
amenaza_lideres,Paraguachon,https://laguajirahoy.com/maicao/maicao-enfrenta-creciente-riesgo-por-expansion-de-grupos-armados.html,False,True,0.046661,0.046661,8,,8.0
amenaza_lideres,Paraguachon,https://laguajirahoy.com/riohacha/dirigentes-exigen-a-concesion-santa-marta-paraguachon-reparar-la-deteriorada-calle-15-de-riohacha.html,True,True,0.473702,0.473702,5,10.0,5.0
amenaza_lideres,Paraguachon,https://www.eltiempo.com/colombia/barranquilla/barranquilla-un-avance-para-la-justicia-y-la-democracia-de-la-region-esto-dijo-el-alcalde-char-acerca-de-la-captura-de-nicolas-maduro-3521761,True,False,0.756122,0.0,4,4.0,
amenaza_lideres,Paraguachon,https://www.eltiempo.com/justicia/conflicto-y-narcotrafico/el-eln-tiene-un-plan-de-saboteo-a-las-elecciones-investigador-de-campo-explica-las-razones-detras-del-atentado-al-batallon-de-riohacha-la-guajira-3558798,True,True,0.50221,0.50221,4,9.0,4.0
amenaza_lideres,Cauca,https://diariodelcauca.com.co/alarmante-aumento-de-violencia/,False,True,0.8610107689288862,0.8610107689288862,10,,10.0
amenaza_lideres,Cauca,https://diariodelcauca.com.co/ataques-en-el-norte-del-cauca/,True,True,0.9628335087991945,0.9628335087991945,3,4.0,3.0
amenaza_lideres,Cauca,https://diariodelcauca.com.co/avances-estancados-por-funcionarios-del-gobierno-nacional/,True,False,0.9046826524208045,0.0,10,10.0,
amenaza_lideres,Cauca,https://diariodelcauca.com.co/comite-del-mais-pidio-investigar-asesinato-de-excandidato/,True,True,0.9585678666104316,0.9585678666104316,4,6.0,4.0
amenaza_lideres,Cauca,https://diariodelcauca.com.co/conflicto-en-el-cauca/,True,False,0.9200753250030709,0.0,8,8.0,
amenaza_lideres,Cauca,https://diariodelcauca.com.co/gobierno-nacional-promete-estabilizar-el-norte-caucano/,True,False,0.9428308079763981,0.0,7,7.0,
amenaza_lideres,Cauca,https://diariodelcauca.com.co/grupos-armados-violentan-al-cauca/,True,False,0.9851631141173488,0.0,2,2.0,
amenaza_lideres,Cauca,https://diariodelcauca.com.co/horror-en-toribio/,False,True,0.8928118936848194,0.8928118936848194,8,,8.0
amenaza_lideres,Cauca,https://diariodelcauca.com.co/human-right-watch-revelo-escalofriante-cifra-de-asesinatos-de-lideres-sociales-en-colombia/,False,True,0.8998425177813815,0.8998425177813815,6,,6.0
amenaza_lideres,Cauca,https://diariodelcauca.com.co/incompetencia-de-elias-larrahondo-bloqueara-la-panamericana-otra-vez-dicen-lideres/,True,True,0.9101180864347973,0.9101180864347973,5,9.0,5.0
amenaza_lideres,Cauca,https://diariodelcauca.com.co/lideresa-edilsan-andrade-fue-asesinada-en-rosas-cauca/,True,True,0.9955836812434731,0.9955836812434731,1,1.0,1.0
amenaza_lideres,Cauca,https://diariodelcauca.com.co/los-clanes-mas-peligrosos-de-popayan-no-son-narcos-sino-politicos/,False,True,0.8876461072912744,0.8876461072912744,9,,9.0
amenaza_lideres,Cauca,https://diariodelcauca.com.co/paz-como-revolucion/,True,False,0.9598598434412704,0.0,5,5.0,
amenaza_lideres,Cauca,https://diariodelcauca.com.co/suspenden-plan-para-montar-base-naval-en-gorgona/,True,True,0.963118387817498,0.963118387817498,2,3.0,2.0
amenaza_lideres,Cauca,https://diariodelcauca.com.co/tratan-sobre-retos-estatales-para-reconocer-al-campesino/,False,True,0.8959002593404468,0.8959002593404468,7,,7.0
amenaza_lideres,Chocó,https://choco7dias.com/acia-acadesan-acaba-ocaba-y-ocopa-pcn-cococauca-y-acapa-memoria-de-jairo-velasquez-parte-2/,False,True,0.35348294850913625,0.35348294850913625,10,,10.0
amenaza_lideres,Chocó,https://choco7dias.com/consejos-comunitarios-de-choco-y-bolivar-concertaron-planes-de-atencion/,False,True,0.4931378607852691,0.4931378607852691,8,,8.0
amenaza_lideres,Chocó,https://choco7dias.com/el-abogado-de-los-indigenas-del-choco-memoria-de-jairo-velasquez-primera-parte/,False,True,0.6387949764555743,0.6387949764555743,7,,7.0
amenaza_lideres,Chocó,https://choco7dias.com/el-san-juan-exige-pronta-instalacion-del-puente-sobre-el-rio-iro/,True,True,0.7078096014754771,0.7078096014754771,5,10.0,5.0
amenaza_lideres,Chocó,https://choco7dias.com/elecciones-amenazadas-voces-de-alcaldes-desplazados-de-sus-municipios/,True,False,0.9665261965740808,0.0,1,1.0,
amenaza_lideres,Chocó,https://choco7dias.com/elizabeth-moreno-barcopremio-nacional-de-derechos-humanos-2023/,False,True,0.4672336768846427,0.4672336768846427,9,,9.0
amenaza_lideres,Chocó,https://choco7dias.com/elizabeth-moreno-recibio-en-suiza-el-premio-nansen-de-refugiados/,True,False,0.8442911534821989,0.0,6,6.0,
amenaza_lideres,Chocó,https://choco7dias.com/glosa-paseada-en-homenaje-a-licona-1a-parte/,True,False,0.889547237393132,0.0,5,5.0,
amenaza_lideres,Chocó,https://choco7dias.com/jauriperabu-o-la-enfermedad-del-susto-asi-actuo-el-erg-en-choco-risaralda-y-antioquia/,True,False,0.7404196052908714,0.0,8,8.0,
amenaza_lideres,Chocó,https://choco7dias.com/la-chocoana-elizabeth-moreno-fue-elegida-defensora-del-ano-en-colombia-en-2023/,True,True,0.7529938853235942,0.7529938853235942,3,7.0,3.0
amenaza_lideres,Chocó,https://choco7dias.com/la-disputa-de-tierras-entre-indigenas-y-afro-en-el-dieciocho-que-amenaza-con-agravarse/,True,True,0.8930530894907611,0.8930530894907611,2,3.0,2.0
amenaza_lideres,Chocó,https://choco7dias.com/otro-desplante-de-petro-al-choco-por-atender-la-guerra-entre-israel-y-palestina/,False,True,0.6456084777470814,0.6456084777470814,6,,6.0
amenaza_lideres,Chocó,https://choco7dias.com/paro-armado-del-eln-impide-inscribir-cedulas-de-votantes-en-choco-moe/,True,True,0.7200988108256843,0.7200988108256843,4,9.0,4.0
amenaza_lideres,Chocó,https://choco7dias.com/riosucio-radican-demanda-a-favor-de-la-comunidad-del-rio-cacarica/,True,False,0.8908994827993798,0.0,4,4.0,
amenaza_lideres,Chocó,https://choco7dias.com/se-realizo-en-quibdo-encuentro-nacional-de-coordinadores-de-mesas-de-victimas/,True,True,0.9371710504685449,0.9371710504685449,1,2.0,1.0
amenaza_lideres,Cundinamarca,https://www.eltiempo.com/bogota/bogota-alarmante-situacion-en-sumapaz-762343,True,True,0.8901807695530873,0.8901807695530873,2,2.0,2.0
amenaza_lideres,Cundinamarca,https://www.eltiempo.com/bogota/carcel-para-exconcejal-de-cundinamarca-que-cobro-1-200-millones-para-favorecer-proyecto-796007,True,True,0.7801462278498493,0.7801462278498493,4,8.0,4.0
amenaza_lideres,Cundinamarca,https://www.eltiempo.com/bogota/cundinamarca-la-baraja-de-candidatos-a-la-alcaldia-de-la-calera-800858,False,True,0.5513113318519749,0.5513113318519749,7,,7.0
amenaza_lideres,Cundinamarca,https://www.eltiempo.com/bogota/disidencias-en-sumapaz-a-solo-tres-dias-a-pie-de-llegar-a-cundinamarca-768179,False,True,0.37726684531464727,0.37726684531464727,10,,10.0
amenaza_lideres,Cundinamarca,https://www.eltiempo.com/bogota/exjefa-de-planeacion-de-funza-fue-condenada-a-7-anos-por-corrupcion-757159,True,False,0.8225991275436879,0.0,6,6.0,
amenaza_lideres,Cundinamarca,https://www.eltiempo.com/bogota/farc-en-el-sumapaz-asi-es-el-plan-del-ejercito-para-enfrentarse-768185,True,False,0.8728690128579891,0.0,3,3.0,
amenaza_lideres,Cundinamarca,https://www.eltiempo.com/bogota/opinion-bogota-tan-cerca-y-tan-lejos-de-cundinamarca-opinion-de-omar-orostegui-811526,True,True,0.8457717476891379,0.8457717476891379,3,5.0,3.0
amenaza_lideres,Cundinamarca,https://www.eltiempo.com/bogota/por-tragedia-en-sutatausa-mas-de-1-300-trabajadores-se-verian-afectados-750934,False,True,0.6910475037086222,0.6910475037086222,6,,6.0
amenaza_lideres,Cundinamarca,https://www.eltiempo.com/bogota/sumapaz-y-disidencias-de-las-farc-asi-se-vive-el-temor-en-la-localidad-768424,True,True,0.9398247052230928,0.9398247052230928,1,1.0,1.0
amenaza_lideres,Cundinamarca,https://www.eltiempo.com/bogota/tenemos-el-titulo-nacional-del-volteo-de-tierras-candidato-yeilor-espinel-803805,True,False,0.7867527501107979,0.0,7,7.0,
amenaza_lideres,Cundinamarca,https://www.eltiempo.com/colombia/otras-ciudades/bloqueos-en-la-via-al-llano-bogota-villavicencio-se-normaliza-paso-de-carga-798869,False,True,0.46086439188304207,0.46086439188304207,9,,9.0
amenaza_lideres,Cundinamarca,https://www.eltiempo.com/justicia/conflicto-y-narcotrafico/disidencias-se-disputan-el-control-del-canon-sobre-el-rio-duda-768677,True,False,0.7722211854256096,0.0,10,10.0,
amenaza_lideres,Cundinamarca,https://www.eltiempo.com/justicia/cortes/consejo-de-estado-condena-a-la-nacion-por-detencion-de-nancy-patricia-gutierrez-810696,True,False,0.7782108233139878,0.0,9,9.0,
amenaza_lideres,Cundinamarca,https://www.eltiempo.com/justicia/investigacion/general-carlos-rodriguez-seguira-investigado-por-caso-luis-carlos-galan-736665,False,True,0.7015810963282936,0.7015810963282936,5,,5.0
amenaza_lideres,Cundinamarca,https://www.eltiempo.com/justicia/investigacion/viva-air-sindicato-de-trabajadores-pide-a-tribunal-proteger-sus-derechos-745877,True,False,0.8544602374519296,0.0,4,4.0,
amenaza_lideres,Cundinamarca,https://www.eltiempo.com/mas-contenido/asi-se-vivio-la-semana-por-la-paz-805416,False,True,0.5299451298933182,0.5299451298933182,8,,8.0
amenaza_intimidacion,Antioquia,https://www.elcolombiano.com/antioquia/aumento-del-secuestro-en-antioquia-este-ano-OG23079766,True,False,0.94868,0.0,9,9.0,
amenaza_intimidacion,Antioquia,https://www.elcolombiano.com/antioquia/comunidad-de-caceres-esta-confinada-por-combates-entre-eln-y-el-clan-del-golfo-OE22265308,True,True,0.974569,0.974569,5,5.0,5.0
amenaza_intimidacion,Antioquia,https://www.elcolombiano.com/antioquia/conflicto-armado-amenaza-elecciones-regionales-2023-en-el-norte-de-antioquia-LO22687194,True,True,0.941949,0.941949,8,10.0,8.0
amenaza_intimidacion,Antioquia,https://www.elcolombiano.com/antioquia/docentes-de-antioquia-reubicados-por-amenazas-de-grupos-armados-GD21553713,False,True,0.881326,0.881326,10,,10.0
amenaza_intimidacion,Antioquia,https://www.elcolombiano.com/antioquia/nueva-asonada-en-antioquia-comunidad-saco-a-80-militares-de-briceno-por-orden-de-disidencias-farc-AJ23080404,True,True,0.993935,0.993935,1,1.0,1.0
amenaza_intimidacion,Antioquia,https://www.elcolombiano.com/antioquia/planton-empleados-hospital-san-rafael-de-itagui-por-falta-de-pago-FC22759158,True,True,0.993909,0.993909,2,2.0,2.0
amenaza_intimidacion,Antioquia,https://www.elcolombiano.com/antioquia/renuncio-a-aspirar-a-la-goberncion-candidato-robinson-giraldo-GO22682307,True,False,0.950743,0.0,8,8.0,
amenaza_intimidacion,Antioquia,https://www.elcolombiano.com/colombia/defensor-del-pueblo-prende-las-alarmas-a-una-semana-de-las-elecciones-regionales-MG22719342,True,True,0.954336,0.954336,7,7.0,7.0
amenaza_intimidacion,Antioquia,https://www.elcolombiano.com/colombia/disidencias-usan-a-la-gente-para-controlar-zonas-previo-a-elecciones-CB22760354,True,True,0.975363,0.975363,4,4.0,4.0
amenaza_intimidacion,Antioquia,https://www.elcolombiano.com/colombia/en-colombia-hay-siete-conflictos-armados-cicr-LG21055806,True,True,0.972327,0.972327,6,6.0,6.0
amenaza_intimidacion,Antioquia,https://www.elcolombiano.com/inicio/cese-al-fuego-eln-gobierno-comunidades-regiones-esperan-paz-total-LH22078542,True,True,0.990972,0.990972,3,3.0,3.0
amenaza_intimidacion,Antioquia,https://www.elcolombiano.com/medellin/victimas-de-desplazamiento-forzado-en-medellin-mas-de-3000-casos-en-el-primer-semestre-de-2023-AJ21935588,False,True,0.913522,0.913522,9,,9.0
amenaza_intimidacion,Maicao,https://diariodelnorte.net/editorial/todos-contra-la-violencia/,True,False,0.975164,0.0,4,4.0,
amenaza_intimidacion,Maicao,https://diariodelnorte.net/judiciales/atracadores-en-maicao-intimidan-con-fusil-de-alto-calibre-a-ciudadano-para-hurtarle-su-motocicleta/,False,True,0.927927,0.927927,5,,5.0
amenaza_intimidacion,Maicao,https://diariodelnorte.net/judiciales/ediles-de-paraguachon-denuncian-amenazas-tras-recibir-video-intimidante/,True,True,0.99528,0.99528,1,1.0,1.0
amenaza_intimidacion,Maicao,https://diariodelnorte.net/judiciales/habitantes-de-comunidad-indigena-bloquean-la-via-maicao-riohacha-para-exigir-reconocimiento/,True,False,0.974512,0.0,5,5.0,
amenaza_intimidacion,Maicao,https://diariodelnorte.net/opinion/se-pasan/,False,True,0.866658,0.866658,8,,8.0
amenaza_intimidacion,Maicao,https://laguajirahoy.com/judiciales-2/maicao-ofrece-recompensa-historica-contra-rafita-200-millones-de-pesos.html,False,True,0.86211,0.86211,10,,10.0
amenaza_intimidacion,Maicao,https://laguajirahoy.com/judiciales/autoridades-redoblan-acciones-para-esclarecer-masacre-en-maicao-que-dejo-cinco-victimas-mortales.html,True,False,0.95597,0.0,10,10.0,
amenaza_intimidacion,Maicao,https://laguajirahoy.com/judiciales/hombre-fue-asesinado-a-tiros-en-el-barrio-el-bosque-de-maicao.html,True,False,0.981192,0.0,2,2.0,
amenaza_intimidacion,Maicao,https://laguajirahoy.com/judiciales/la-guajira-busca-seguridad-y-apoyo-a-comunidades-tras-consejo-de-seguridad.html,False,True,0.934565,0.934565,4,,4.0
amenaza_intimidacion,Maicao,https://laguajirahoy.com/judiciales/se-reabre-frontera-y-se-normaliza-paso-por-paraguachon-en-la-guajira.html,True,False,0.968512,0.0,7,7.0,
amenaza_intimidacion,Maicao,https://laguajirahoy.com/riohacha/violencias-contra-poblacion-lgbtiq-generan-alertas-en-la-guajira.html,False,True,0.888322,0.888322,7,,7.0
amenaza_intimidacion,Maicao,https://www.eltiempo.com/colombia/barranquilla/otra-violenta-ola-de-extorsion-en-barranquilla-el-asesinato-de-dos-hombres-en-un-restaurante-de-la-manga-seria-por-no-pagar-la-renta-ilicita-3515086,False,True,0.864573,0.864573,9,,9.0
amenaza_intimidacion,Maicao,https://www.eltiempo.com/colombia/otras-ciudades/dormitorios-destruidos-y-zonas-militares-devastadas-asi-quedo-el-batallon-atacado-con-explosivos-en-la-guajira-que-dejo-doce-soldados-heridos-3558725,True,False,0.975855,0.0,3,3.0,
amenaza_intimidacion,Maicao,https://www.eltiempo.com/colombia/otras-ciudades/el-bendito-menor-estaria-detras-de-la-masacre-de-cinco-personas-en-maicao-anuncio-limpieza-social-en-video-de-hombres-armados-3523393,True,False,0.959667,0.0,9,9.0,
amenaza_intimidacion,Maicao,https://www.eltiempo.com/colombia/otras-ciudades/la-guajira-paro-armado-golpea-el-comercio-en-riohacha-perdidas-superan-los-35-mil-millones-en-tres-dias-3548966,False,True,0.902245,0.902245,6,,6.0
amenaza_intimidacion,Maicao,https://www.eltiempo.com/colombia/otras-ciudades/piratas-terrestres-vuelven-a-sembrar-terror-en-la-guajira-hombres-armados-asaltan-vehiculo-en-plena-via-y-quedan-en-video-3553317,True,True,0.972539,0.972539,2,6.0,2.0
amenaza_intimidacion,Maicao,https://www.eltiempo.com/justicia/conflicto-y-narcotrafico/caen-tres-presuntos-integrantes-del-eln-en-maicao-la-guajira-estarian-encargados-de-realizar-extorsiones-a-pequenos-y-medianos-comerciantes-3493365,False,True,0.937069,0.937069,3,,3.0
amenaza_intimidacion,Maicao,https://www.eltiempo.com/salud/ataques-contra-misiones-medicas-en-conflictos-armados-alcanzan-niveles-record-en-todo-el-mundo-en-colombia-se-usan-ambulancias-como-escudo-3526307,True,False,0.966241,0.0,8,8.0,
amenaza_intimidacion,Oicata,https://boyaca7dias.com.co/2026/02/21/biologa-de-la-uptc-gana-beca-colombia-biodiversa-por-crear-investigacion-que-estudiara-los-riesgos-sanitarios-en-el-rio-chicamocha/,True,False,0.015198,0.0,6,6.0,
amenaza_intimidacion,Oicata,https://boyaca7dias.com.co/2026/04/09/bloqueos-en-boyaca-este-jueves-por-paro-nacional-en-rechazo-al-aumento-del-impuesto-predial-estos-son-los-puntos-confirmados/,True,False,0.001624,0.0,8,8.0,
amenaza_intimidacion,Oicata,https://boyaca7dias.com.co/2026/05/29/comunidad-protesta-en-el-peaje-de-tuta-y-exige-tarifa-cero-para-habitantes-de-cuatro-municipios/,True,False,0.003594,0.0,7,7.0,
amenaza_intimidacion,Oicata,https://boyaca7dias.com.co/2026/06/05/peaje-gratis-anoche-en-la-caseta-de-tuta-tolditos7dias/,True,False,0.229774,0.0,3,3.0,
amenaza_intimidacion,Oicata,https://boyaca7dias.com.co/2026/08/04/capturaron-a-tres-presuntos-integrantes-de-banda-dedicada-al-hurto-de-viviendas-en-boyaca/,True,False,0.504128,0.0,2,2.0,
amenaza_intimidacion,Oicata,https://boyaca7dias.com.co/2026/08/04/desde-la-medianoche-de-hoy-se-restablecera-el-cobro-en-el-peaje-de-tuta/,True,False,0.10396,0.0,5,5.0,
amenaza_intimidacion,Oicata,https://www.eltiempo.com/colombia/otras-ciudades/asi-fue-la-cadena-de-fallas-que-llevo-al-choque-mortal-del-camion-de-gas-en-la-via-simijaca-chiquinquira-cundinamarca-la-tragedia-pudo-ser-peor-3530470,True,False,0.000984,0.0,9,9.0,
amenaza_intimidacion,Oicata,https://www.eltiempo.com/colombia/otras-ciudades/familia-y-bomberos-exigen-a-fiscalia-recapturar-al-tatuador-senalado-de-agredir-al-comandante-jairo-bolivar-sigue-en-uci-tras-brutal-golpiza-en-tunja-3572450,True,False,0.563558,0.0,1,1.0,
amenaza_intimidacion,Oicata,https://www.eltiempo.com/economia/sectores/ani-adjudico-obras-publicas-de-los-corredores-ferreos-bogota-belencito-y-pacifico-por-mas-de-564-958-millones-3572794,True,False,0.129374,0.0,4,4.0,
amenaza_intimidacion,Paraguachon,https://diariodelnorte.net/editorial/quienes-secuestran/,False,True,0.397162,0.397162,8,,8.0
amenaza_intimidacion,Paraguachon,https://diariodelnorte.net/judiciales/autoridades-capturan-a-13-personas-en-maicao-por-homicidio-extorsion-y-microtrafico/,True,True,0.740413,0.740413,3,4.0,3.0
amenaza_intimidacion,Paraguachon,https://diariodelnorte.net/judiciales/capturan-a-presunto-integrante-de-estructura-criminal-por-extorsion-en-paraguachon/,True,True,0.535223,0.535223,7,10.0,7.0
amenaza_intimidacion,Paraguachon,https://diariodelnorte.net/judiciales/capturan-en-paraguachon-a-hombre-requerido-por-delito-informatico/,True,False,0.681929,0.0,6,6.0,
amenaza_intimidacion,Paraguachon,https://diariodelnorte.net/judiciales/conductor-denuncia-presunta-extorsion-por-parte-de-un-agente-de-transito-en-maicao/,False,True,0.250568,0.250568,10,,10.0
amenaza_intimidacion,Paraguachon,https://diariodelnorte.net/judiciales/ediles-de-paraguachon-denuncian-amenazas-tras-recibir-video-intimidante/,True,True,0.99528,0.99528,1,1.0,1.0
amenaza_intimidacion,Paraguachon,https://diariodelnorte.net/judiciales/operativo-conjunto-en-maicao-deja-un-capturado-y-cuatro-armas-de-fuego-incautadas/,True,True,0.685964,0.685964,4,5.0,4.0
amenaza_intimidacion,Paraguachon,https://diariodelnorte.net/laguajira/defensoria-emite-alerta-por-expansion-de-las-acsn-y-escalada-del-riesgo-en-maicao/,True,True,0.63476,0.63476,5,7.0,5.0
amenaza_intimidacion,Paraguachon,https://laguajirahoy.com/judiciales-2/operativos-en-maicao-dejan-13-capturados-por-graves-delitos.html,True,True,0.613275,0.613275,6,8.0,6.0
amenaza_intimidacion,Paraguachon,https://laguajirahoy.com/judiciales/hombres-armados-habrian-sacado-a-comerciante-de-su-vivienda-en-maicao-la-guajira.html,False,True,0.390439,0.390439,9,,9.0
amenaza_intimidacion,Paraguachon,https://laguajirahoy.com/judiciales/por-presion-de-autoridades-venezolanas-captores-liberan-secuestrados-colombianos.html,True,True,0.827281,0.827281,2,3.0,2.0
amenaza_intimidacion,Paraguachon,https://laguajirahoy.com/judiciales/se-reabre-frontera-y-se-normaliza-paso-por-paraguachon-en-la-guajira.html,True,False,0.968512,0.0,2,2.0,
amenaza_intimidacion,Paraguachon,https://laguajirahoy.com/riohacha/huecos-en-la-calle-15-de-riohacha-ponen-en-riesgo-a-conductores-y-peatones.html,True,False,0.572756,0.0,9,9.0,
amenaza_intimidacion,Cauca,https://diariodelcauca.com.co/ataques-en-el-norte-del-cauca/,False,True,0.9664595503887821,0.9664595503887821,3,,3.0
amenaza_intimidacion,Cauca,https://diariodelcauca.com.co/banda-criminal-la-familia-fue-capturada-por-la-policia-de-bogota/,False,True,0.9171842171281803,0.9171842171281803,6,,6.0
amenaza_intimidacion,Cauca,https://diariodelcauca.com.co/cesar-en-agresiones-entre-criminales-es-clave-para-la-paz/,True,False,0.9879526144170284,0.0,4,4.0,
amenaza_intimidacion,Cauca,https://diariodelcauca.com.co/cinco-integrantes-de-subestructura-de-las-disidencias-de-las-farc-se-entregaron-en-timbiqui-cauca/,False,True,0.8789946121030039,0.8789946121030039,8,,8.0
amenaza_intimidacion,Cauca,https://diariodelcauca.com.co/conflicto-en-el-cauca/,True,True,0.9904727039121431,0.9904727039121431,1,3.0,1.0
amenaza_intimidacion,Cauca,https://diariodelcauca.com.co/crc-inmovil-ante-ecocidio-al-occidente-payanes/,True,False,0.9717200344906557,0.0,8,8.0,
amenaza_intimidacion,Cauca,https://diariodelcauca.com.co/criminales-habrian-inaugurado-un-pavimento-en-rosario-narino/,True,False,0.9715825374029748,0.0,9,9.0,
amenaza_intimidacion,Cauca,https://diariodelcauca.com.co/el-cauca-suena-paz/,True,False,0.9838225009900117,0.0,6,6.0,
amenaza_intimidacion,Cauca,https://diariodelcauca.com.co/gobierno-nacional-promete-estabilizar-el-norte-caucano/,True,False,0.9869020869917488,0.0,5,5.0,
amenaza_intimidacion,Cauca,https://diariodelcauca.com.co/grupos-armados-violentan-al-cauca/,True,False,0.9909186966995047,0.0,2,2.0,
amenaza_intimidacion,Cauca,https://diariodelcauca.com.co/horror-en-toribio/,False,True,0.9204101854841845,0.9204101854841845,5,,5.0
amenaza_intimidacion,Cauca,https://diariodelcauca.com.co/lideresa-edilsan-andrade-fue-asesinada-en-rosas-cauca/,True,False,0.99608453837824,0.0,1,1.0,
amenaza_intimidacion,Cauca,https://diariodelcauca.com.co/llaman-a-que-se-sostenga-cese-al-fuego-por-parte-de-criminales/,False,True,0.8779896963238338,0.8779896963238338,9,,9.0
amenaza_intimidacion,Cauca,https://diariodelcauca.com.co/ojo-con-la-juventudy-la-educacion/,False,True,0.8721247543982282,0.8721247543982282,10,,10.0
amenaza_intimidacion,Cauca,https://diariodelcauca.com.co/suspenden-plan-para-montar-base-naval-en-gorgona/,True,True,0.9829820367074592,0.9829820367074592,2,7.0,2.0
amenaza_intimidacion,Cauca,https://diariodelcauca.com.co/terror-en-buenaventura-ofrecen-200-millones-por-informacion-de-encapuchados/,False,True,0.8801092410029462,0.8801092410029462,7,,7.0
amenaza_intimidacion,Cauca,https://diariodelcauca.com.co/viajando/,True,False,0.9714146300649887,0.0,10,10.0,
amenaza_intimidacion,Cauca,https://diariodelcauca.com.co/violencia-extrema-con-granadas-obligan-a-800-familias-a-desplazarse-de-su-region/,False,True,0.9498071085277875,0.9498071085277875,4,,4.0
amenaza_intimidacion,Chocó,https://choco7dias.com/ante-la-justicia-sera-presentado-el-caso-boca-de-chicao-en-choco/,True,False,0.976244297346081,0.0,1,1.0,
amenaza_intimidacion,Chocó,https://choco7dias.com/ay-quibdo/,False,True,0.7217219239829065,0.7217219239829065,7,,7.0
amenaza_intimidacion,Chocó,https://choco7dias.com/cargos-al-gobernador-del-choco-por-presuntas-irregularidades-en-ayudas-humanitarias/,True,False,0.9409563513152364,0.0,7,7.0,
amenaza_intimidacion,Chocó,https://choco7dias.com/choco-65-eventos-de-confinamiento-en-2022/,False,True,0.8402015336053943,0.8402015336053943,6,,6.0
amenaza_intimidacion,Chocó,https://choco7dias.com/desplazados-de-jurado-y-carmen-de-atrato-en-medellin/,True,False,0.8616889403214447,0.0,10,10.0,
amenaza_intimidacion,Chocó,https://choco7dias.com/documental-del-choco-brillo-en-sao-paulo-brasil/,False,True,0.84153196925935,0.84153196925935,5,,5.0
amenaza_intimidacion,Chocó,https://choco7dias.com/el-choco-esta-todo-incendiado-obispo-de-istmina/,True,True,0.964986144999386,0.964986144999386,2,4.0,2.0
amenaza_intimidacion,Chocó,https://choco7dias.com/elecciones-amenazadas-voces-de-alcaldes-desplazados-de-sus-municipios/,True,True,0.9666804699108262,0.9666804699108262,1,3.0,1.0
amenaza_intimidacion,Chocó,https://choco7dias.com/en-el-papel-ha-quedado-sentencia-sobre-proteccion-de-menores-indigenas-del-choco/,False,True,0.43039335092050357,0.43039335092050357,10,,10.0
amenaza_intimidacion,Chocó,https://choco7dias.com/la-disputa-de-tierras-entre-indigenas-y-afro-en-el-dieciocho-que-amenaza-con-agravarse/,True,False,0.956948672887317,0.0,6,6.0,
amenaza_intimidacion,Chocó,https://choco7dias.com/mas-de-28-000-desplazados-o-confinados-en-el-san-juan-en-2023/,True,True,0.9188023247462286,0.9188023247462286,4,8.0,4.0
amenaza_intimidacion,Chocó,https://choco7dias.com/para-usted-ciudadano-comun/,False,True,0.6199302039844296,0.6199302039844296,9,,9.0
amenaza_intimidacion,Chocó,https://choco7dias.com/quibdo-es-el-municipio-con-mas-desplazados-en-medellin/,True,True,0.9645262212708895,0.9645262212708895,3,5.0,3.0
amenaza_intimidacion,Chocó,https://choco7dias.com/riosucio-radican-demanda-a-favor-de-la-comunidad-del-rio-cacarica/,True,False,0.9711248924508262,0.0,2,2.0,
amenaza_intimidacion,Chocó,https://choco7dias.com/se-realizo-en-quibdo-encuentro-nacional-de-coordinadores-de-mesas-de-victimas/,True,False,0.884512322588639,0.0,9,9.0,
amenaza_intimidacion,Chocó,https://choco7dias.com/tado-indigenas-habrian-matado-a-dos-jaguares-en-el-tabor/,False,True,0.6476014128244274,0.6476014128244274,8,,8.0
amenaza_intimidacion,Cundinamarca,https://www.eltiempo.com/bogota/bogota-alarmante-situacion-en-sumapaz-762343,False,True,0.8061960915662054,0.8061960915662054,5,,5.0
amenaza_intimidacion,Cundinamarca,https://www.eltiempo.com/bogota/bogota-como-le-fue-en-2022-732001,True,False,0.8762188642173689,0.0,7,7.0,
amenaza_intimidacion,Cundinamarca,https://www.eltiempo.com/bogota/cayo-senalado-feminicida-en-soacha-videos-captaron-a-hombre-sin-una-pierna-huyendo-809503,True,False,0.8772284027249071,0.0,6,6.0,
amenaza_intimidacion,Cundinamarca,https://www.eltiempo.com/bogota/claudia-lopez-condena-atentado-al-peaje-boqueron-colombia-retrocede-al-terrorismo-834266,False,True,0.7198083742113833,0.7198083742113833,8,,8.0
amenaza_intimidacion,Cundinamarca,https://www.eltiempo.com/bogota/cundinamarca-hombre-agredio-a-su-pareja-hasta-causar-su-muerte-en-guayabal-de-siquima-782515,True,False,0.8678810398931116,0.0,9,9.0,
amenaza_intimidacion,Cundinamarca,https://www.eltiempo.com/bogota/cundinamarca-que-se-sabe-de-las-amenazas-contra-cinco-alcaldes-de-cundinamarca-782351,False,True,0.6461367978054217,0.6461367978054217,10,,10.0
amenaza_intimidacion,Cundinamarca,https://www.eltiempo.com/bogota/ejercito-desarticulo-banda-criminal-que-delinquia-entre-el-meta-y-cundinamarca-789983,False,True,0.6625112516197637,0.6625112516197637,9,,9.0
amenaza_intimidacion,Cundinamarca,https://www.eltiempo.com/bogota/exjefa-de-planeacion-de-funza-fue-condenada-a-7-anos-por-corrupcion-757159,True,False,0.8699508635252525,0.0,8,8.0,
amenaza_intimidacion,Cundinamarca,https://www.eltiempo.com/bogota/farc-en-el-sumapaz-asi-es-el-plan-del-ejercito-para-enfrentarse-768185,True,True,0.9276354222781588,0.9276354222781588,3,4.0,3.0
amenaza_intimidacion,Cundinamarca,https://www.eltiempo.com/bogota/hombre-con-machete-amenazo-con-abusar-a-joven-en-glamping-de-tobia-cundinamarca-797080,False,True,0.7426843710447113,0.7426843710447113,7,,7.0
amenaza_intimidacion,Cundinamarca,https://www.eltiempo.com/bogota/picap-buscan-a-hombre-que-amenaza-a-pasajeras-en-bogota-744119,True,True,0.9604743491911426,0.9604743491911426,1,2.0,1.0
amenaza_intimidacion,Cundinamarca,https://www.eltiempo.com/bogota/sumapaz-y-disidencias-de-las-farc-asi-se-vive-el-temor-en-la-localidad-768424,True,True,0.9356749966479859,0.9356749966479859,2,3.0,2.0
amenaza_intimidacion,Cundinamarca,https://www.eltiempo.com/justicia/conflicto-y-narcotrafico/disidencias-se-disputan-el-control-del-canon-sobre-el-rio-duda-768677,False,True,0.7781489347855812,0.7781489347855812,6,,6.0
amenaza_intimidacion,Cundinamarca,https://www.eltiempo.com/justicia/investigacion/viva-air-sindicato-de-trabajadores-pide-a-tribunal-proteger-sus-derechos-745877,True,True,0.8590262809165479,0.8590262809165479,4,10.0,4.0
amenaza_intimidacion,Cundinamarca,https://www.eltiempo.com/opinion/columnistas/nancy-patricia-gutierrez/columna-de-nancy-patricia-gutierrez-la-tortura-de-fin-de-ano-732243,True,False,0.9108047166769885,0.0,5,5.0,
amenaza_intimidacion,Cundinamarca,https://www.portafolio.co/economia/regiones/imagenes-del-momento-de-la-explosion-del-atentado-al-peaje-boqueron-en-la-via-al-llano-593902,True,False,0.9636049637132681,0.0,1,1.0,
protesta_social,Antioquia,https://www.elcolombiano.com/antioquia/bloqueos-en-la-via-medellin-llanos-de-cuiva-ruta-2510-para-pedir-desmonte-del-peaje-el-trapiche-FA22445514,True,True,0.880811,0.880811,3,3.0,3.0
protesta_social,Antioquia,https://www.elcolombiano.com/antioquia/camioneros-bloquearon-via-por-precios-del-peaje-el-trapiche-BG20156676,True,True,0.913487,0.913487,2,2.0,2.0
protesta_social,Antioquia,https://www.elcolombiano.com/antioquia/critica-situacion-de-inseguridad-en-bajo-cauca-y-nordeste-2023-JC20662380,True,True,0.774685,0.774685,10,10.0,10.0
protesta_social,Antioquia,https://www.elcolombiano.com/antioquia/gobernador-anibal-gaviria-pide-ajustes-a-la-paz-de-gustavo-petro-HN20783136,True,True,0.780792,0.780792,9,9.0,9.0
protesta_social,Antioquia,https://www.elcolombiano.com/antioquia/mineria-ilegal-y-paro-en-el-bajo-cauca-y-nordeste-de-antioquia-PN20691817,True,True,0.849269,0.849269,4,4.0,4.0
protesta_social,Antioquia,https://www.elcolombiano.com/antioquia/planton-empleados-hospital-san-rafael-de-itagui-por-falta-de-pago-FC22759158,True,True,0.980728,0.980728,1,1.0,1.0
protesta_social,Antioquia,https://www.elcolombiano.com/antioquia/protestas-aeropuerto-jose-maria-cordova-de-rionegro-por-suspension-de-operaciones-de-viva-air-LE20600865,True,True,0.840484,0.840484,5,5.0,5.0
protesta_social,Antioquia,https://www.elcolombiano.com/medellin/bloqueos-en-la-avenida-regional-en-el-poblado-OC21236190,True,True,0.818297,0.818297,7,7.0,7.0
protesta_social,Antioquia,https://www.elcolombiano.com/medellin/plantones-en-contra-de-violencia-en-paro-minero-antioquia-PC20773369,True,True,0.801874,0.801874,8,8.0,8.0
protesta_social,Antioquia,https://www.elcolombiano.com/negocios/paro-minero-genera-perdidas-por-57000-millones-a-transportadores-KC20778002,True,True,0.823643,0.823643,6,6.0,6.0
protesta_social,Maicao,https://diariodelnorte.net/judiciales/comunidad-bloquea-la-via-maicao-paradero-por-falta-de-agua-potable-y-servicio-electrico/,True,True,0.890919,0.890919,9,9.0,9.0
protesta_social,Maicao,https://diariodelnorte.net/judiciales/comunidad-wayuu-bloquea-el-paso-vehicular-en-cuatro-vias-para-exigir-reposicion-de-transformador-averiado/,True,True,0.946714,0.946714,4,4.0,4.0
protesta_social,Maicao,https://diariodelnorte.net/judiciales/comunidades-wayuu-levantan-bloqueo-en-la-via-riohacha-maicao-tras-acordar-mesa-de-dialogo-por-atentado-en-alto-pino/,True,True,0.942671,0.942671,5,5.0,5.0
protesta_social,Maicao,https://diariodelnorte.net/judiciales/habitantes-de-comunidad-indigena-bloquean-la-via-maicao-riohacha-para-exigir-reconocimiento/,True,True,0.973382,0.973382,2,2.0,2.0
protesta_social,Maicao,https://diariodelnorte.net/judiciales/levantan-bloqueos-en-las-salidas-de-maicao-hacia-albania-y-riohacha-tras-acuerdos-con-campesinos/,True,True,0.989918,0.989918,1,1.0,1.0
protesta_social,Maicao,https://diariodelnorte.net/judiciales/persisten-bloqueos-en-vias-de-la-guajira-por-protestas-indigenas-y-afrodescendientes/,True,True,0.908138,0.908138,7,7.0,7.0
protesta_social,Maicao,https://diariodelnorte.net/judiciales/restablecen-movilidad-en-alto-pino-tras-bloqueo-comunidades-exigen-dialogo-con-icbf-y-gobernacion/,True,True,0.951826,0.951826,3,3.0,3.0
protesta_social,Maicao,https://diariodelnorte.net/judiciales/se-levanta-bloqueo-en-la-via-maicao-riohacha-tras-acuerdos-con-comunidad-indigena/,True,True,0.884845,0.884845,10,10.0,10.0
protesta_social,Maicao,https://laguajirahoy.com/judiciales/bloqueo-en-via-riohacha-maicao-fue-levantado-tras-dialogo.html,True,True,0.924724,0.924724,6,6.0,6.0
protesta_social,Maicao,https://laguajirahoy.com/maicao-3/docentes-levantan-bloqueo-en-maicao-tras-confirmacion-de-sus-pagos.html,True,True,0.895949,0.895949,8,8.0,8.0
protesta_social,Oicata,https://boyaca7dias.com.co/2025/08/05/paros-en-boyaca-bloqueos-ley-seca-y-represamiento-de-alimentos-marcaron-el-primer-dia-de-la-jornada/,True,True,0.546616,0.546616,4,4.0,4.0
protesta_social,Oicata,https://boyaca7dias.com.co/2026/04/09/bloqueos-en-boyaca-este-jueves-por-paro-nacional-en-rechazo-al-aumento-del-impuesto-predial-estos-son-los-puntos-confirmados/,True,True,0.849365,0.849365,2,2.0,2.0
protesta_social,Oicata,https://boyaca7dias.com.co/2026/05/29/comunidad-protesta-en-el-peaje-de-tuta-y-exige-tarifa-cero-para-habitantes-de-cuatro-municipios/,True,True,0.00463,0.00463,7,7.0,7.0
protesta_social,Oicata,https://boyaca7dias.com.co/2026/06/05/peaje-gratis-anoche-en-la-caseta-de-tuta-tolditos7dias/,True,True,0.851501,0.851501,1,1.0,1.0
protesta_social,Oicata,https://boyaca7dias.com.co/2026/06/06/estos-fueron-los-compromisos-acordados-tras-las-protestas-en-el-peaje-de-tuta/,True,True,0.24011,0.24011,6,6.0,6.0
protesta_social,Oicata,https://boyaca7dias.com.co/2026/08/03/comunidades-advierten-con-bloquear-por-completo-la-via-en-el-peaje-de-tuta-ante-incumplimientos-de-la-ani/,True,True,0.604798,0.604798,3,3.0,3.0
protesta_social,Oicata,https://boyaca7dias.com.co/2026/08/04/desde-la-medianoche-de-hoy-se-restablecera-el-cobro-en-el-peaje-de-tuta/,True,True,0.461308,0.461308,5,5.0,5.0
protesta_social,Paraguachon,https://diariodelnorte.net/judiciales/comunidades-wayuu-levantan-bloqueo-en-la-via-riohacha-maicao-tras-acordar-mesa-de-dialogo-por-atentado-en-alto-pino/,True,True,0.942671,0.942671,1,1.0,1.0
protesta_social,Paraguachon,https://diariodelnorte.net/opinion/el-regreso-de-venezuela-al-mapa-guajiro/,True,False,0.112705,0.0,6,6.0,
protesta_social,Paraguachon,https://laguajirahoy.com/judiciales-2/asesinan-a-joven-wayuu-en-zona-limitrofe-entre-colombia-y-venezuela.html,True,False,0.156217,0.0,4,4.0,
protesta_social,Paraguachon,https://laguajirahoy.com/judiciales/se-reabre-frontera-y-se-normaliza-paso-por-paraguachon-en-la-guajira.html,True,False,0.128551,0.0,5,5.0,
protesta_social,Paraguachon,https://laguajirahoy.com/maicao-3/tension-del-lado-venezolano-por-caso-judicial-afecta-comercio-binacional.html,True,True,0.790346,0.790346,2,2.0,2.0
protesta_social,Paraguachon,https://laguajirahoy.com/maicao/maicao-enfrenta-creciente-riesgo-por-expansion-de-grupos-armados.html,True,False,0.041581,0.0,8,8.0,
protesta_social,Paraguachon,https://laguajirahoy.com/maicao/maicao-intensifica-controles-para-blindar-movilidad-a-paraguachon-territorio-que-limita-con-venezuela.html,True,True,0.027124,0.027124,3,9.0,3.0
protesta_social,Paraguachon,https://laguajirahoy.com/nacion/cerrada-frontera-del-lado-venezolano-en-la-guajira.html,True,False,0.164765,0.0,3,3.0,
protesta_social,Paraguachon,https://www.eltiempo.com/colombia/barranquilla/barranquilla-un-avance-para-la-justicia-y-la-democracia-de-la-region-esto-dijo-el-alcalde-char-acerca-de-la-captura-de-nicolas-maduro-3521761,True,False,0.024598,0.0,10,10.0,
protesta_social,Paraguachon,https://www.eltiempo.com/mundo/europa/presidente-macron-confirma-la-liberacion-de-camilo-castro-frances-detenido-en-venezuela-desde-junio-y-anuncia-que-ya-viaja-hacia-francia-3509354,False,True,0.000981,0.000981,4,,4.0
protesta_social,Paraguachon,https://www.eltiempo.com/mundo/venezuela/padrino-lopez-confirmo-el-asesinato-de-varios-miembros-del-equipo-de-seguridad-de-nicolas-maduro-tras-los-bombardeos-de-estados-unidos-3521738,True,False,0.093282,0.0,7,7.0,
protesta_social,Cauca,https://diariodelcauca.com.co/asi-van-la-marchas-del-27-septiembre-en-bogota-y-otras-partes-del-pais/,False,True,0.5610917103162647,0.5610917103162647,8,,8.0
protesta_social,Cauca,https://diariodelcauca.com.co/avances-estancados-por-funcionarios-del-gobierno-nacional/,True,False,0.9031741485708212,0.0,3,3.0,
protesta_social,Cauca,https://diariodelcauca.com.co/bloqueo-reafirma-incapacidad-de-larrahondo-para-gobernar/,False,True,0.6246223695016726,0.6246223695016726,7,,7.0
protesta_social,Cauca,https://diariodelcauca.com.co/caso-de-tierralta-plan-para-atacar-las-conversaciones-de-paz-estado-mayor/,True,False,0.7496038461932827,0.0,9,9.0,
protesta_social,Cauca,https://diariodelcauca.com.co/el-campesino-caucano-se-encuentra-en-el-olvido/,True,True,0.7236574277354779,0.7236574277354779,4,10.0,4.0
protesta_social,Cauca,https://diariodelcauca.com.co/el-paro-no-puede-continuar/,False,True,0.6498098184492737,0.6498098184492737,6,,6.0
protesta_social,Cauca,https://diariodelcauca.com.co/gobierno-nacional-promete-estabilizar-el-norte-caucano/,True,False,0.7959423057921866,0.0,5,5.0,
protesta_social,Cauca,https://diariodelcauca.com.co/guachene-pidio-presencia-de-la-defensoria-del-pueblo/,True,False,0.7710973223544498,0.0,7,7.0,
protesta_social,Cauca,https://diariodelcauca.com.co/incompetencia-de-elias-larrahondo-bloqueara-la-panamericana-otra-vez-dicen-lideres/,True,True,0.8747891793309327,0.8747891793309327,1,4.0,1.0
protesta_social,Cauca,https://diariodelcauca.com.co/indigenas-manifiestan-rechazo-hacia-las-difamaciones-a-gustavo-petro/,True,True,0.7540533168243971,0.7540533168243971,3,8.0,3.0
protesta_social,Cauca,https://diariodelcauca.com.co/lideresa-edilsan-andrade-fue-asesinada-en-rosas-cauca/,True,False,0.9396189200977323,0.0,1,1.0,
protesta_social,Cauca,https://diariodelcauca.com.co/luis-fernando-velasco-viajo-al-cauca-esperamos-que-cumplan-su-palabra/,False,True,0.7183528810221489,0.7183528810221489,5,,5.0
protesta_social,Cauca,https://diariodelcauca.com.co/movimiento-comunal/,True,True,0.7839468741583113,0.7839468741583113,2,6.0,2.0
protesta_social,Cauca,https://diariodelcauca.com.co/petro-2/,False,True,0.49792983326414514,0.49792983326414514,9,,9.0
protesta_social,Cauca,https://diariodelcauca.com.co/protestas-en-popayan-por-crisis-humanitaria/,True,False,0.9235075501044174,0.0,2,2.0,
protesta_social,Cauca,https://diariodelcauca.com.co/victimas-del-conflicto-2/,False,True,0.49184627555178645,0.49184627555178645,10,,10.0
protesta_social,Chocó,https://choco7dias.com/asi-fue-la-caravana-del-gobierno-y-eln-para-oir-el-drama-de-guerra-en-el-pacifico/,True,False,0.5312699925332577,0.0,9,9.0,
protesta_social,Chocó,https://choco7dias.com/bloqueo-de-vias-del-choco-por-negativa-del-gobierno-nacional-a-financiar-la-educacion-indigena/,True,False,0.5673816340336694,0.0,8,8.0,
protesta_social,Chocó,https://choco7dias.com/como-van-los-estudios-de-la-via-al-mar-animas-nuqui/,True,True,0.5883090217133315,0.5883090217133315,7,7.0,7.0
protesta_social,Chocó,https://choco7dias.com/cuando-la-historia-hace-su-agosto-unas-cuantas-efemerides-de-la-historia-nuestra-caballero/,False,True,0.3350634814191278,0.3350634814191278,10,,10.0
protesta_social,Chocó,https://choco7dias.com/defensoria-del-pueblo-le-solicita-al-eln-levantar-paro-armado-en-choco/,True,True,0.6972666566222163,0.6972666566222163,5,5.0,5.0
protesta_social,Chocó,https://choco7dias.com/el-san-juan-exige-pronta-instalacion-del-puente-sobre-el-rio-iro/,True,True,0.7805043162527501,0.7805043162527501,3,3.0,3.0
protesta_social,Chocó,https://choco7dias.com/gobernador-del-choco-no-hemos-tenido-respuesta-del-gobierno/,True,True,0.8279611217161719,0.8279611217161719,2,2.0,2.0
protesta_social,Chocó,https://choco7dias.com/mas-de-28-000-desplazados-o-confinados-en-el-san-juan-en-2023/,True,True,0.8339107902054715,0.8339107902054715,1,1.0,1.0
protesta_social,Chocó,https://choco7dias.com/ocho-mil-personas-confinadas-el-paro-armado-del-eln-agrava-la-situacion-de-las-comunidades-del-san-juan/,True,True,0.6130403402722687,0.6130403402722687,6,6.0,6.0
protesta_social,Chocó,https://choco7dias.com/paro-armado-del-eln-impide-ayudas-humanitarias-en-novita/,False,True,0.37373557019820347,0.37373557019820347,9,,9.0
protesta_social,Chocó,https://choco7dias.com/paro-armado-del-eln-impide-inscribir-cedulas-de-votantes-en-choco-moe/,True,True,0.7160008852754438,0.7160008852754438,4,4.0,4.0
protesta_social,Chocó,https://choco7dias.com/por-que-no-es-un-escandalo-lo-que-pasa-en-el-choco/,True,True,0.39302490138440477,0.39302490138440477,8,10.0,8.0
protesta_social,Cundinamarca,https://www.eltiempo.com/bogota/arriba-bogota-emision-5-de-septiembre-de-2023-802680,True,True,0.6506670482279014,0.6506670482279014,3,5.0,3.0
protesta_social,Cundinamarca,https://www.eltiempo.com/bogota/cajica-decreto-emergencia-sanitaria-y-calamidad-publica-por-falta-de-agua-737910,True,True,0.6468322142792329,0.6468322142792329,4,6.0,4.0
protesta_social,Cundinamarca,https://www.eltiempo.com/bogota/cundinamarca-a-que-se-comprometio-la-gobernacion-con-guayabetal-799249,True,True,0.7197430627094579,0.7197430627094579,2,3.0,2.0
protesta_social,Cundinamarca,https://www.eltiempo.com/bogota/cundinamarca-la-baraja-de-candidatos-a-la-alcaldia-de-la-calera-800858,False,True,0.4113838444588992,0.4113838444588992,8,,8.0
protesta_social,Cundinamarca,https://www.eltiempo.com/bogota/farc-en-el-sumapaz-asi-es-el-plan-del-ejercito-para-enfrentarse-768185,True,False,0.5959619949570931,0.0,8,8.0,
protesta_social,Cundinamarca,https://www.eltiempo.com/bogota/gobernacion-aportara-recursos-para-mejorar-el-suministro-de-agua-en-cajica-736103,True,True,0.5564447677552643,0.5564447677552643,5,9.0,5.0
protesta_social,Cundinamarca,https://www.eltiempo.com/bogota/la-mesa-contrato-de-zonas-de-parqueo-tuvo-que-ser-cancelado-levantan-bloqueos-833297,False,True,0.3223834739062603,0.3223834739062603,9,,9.0
protesta_social,Cundinamarca,https://www.eltiempo.com/colombia/otras-ciudades/bloqueos-en-la-via-al-llano-bogota-villavicencio-se-normaliza-paso-de-carga-798869,False,True,0.4786897067944559,0.4786897067944559,7,,7.0
protesta_social,Cundinamarca,https://www.eltiempo.com/colombia/santander/via-al-llano-nuevo-cierre-jueves-24-de-agosto-por-caida-de-piedras-tras-lluvias-799043,False,True,0.11400738943527616,0.11400738943527616,10,,10.0
protesta_social,Cundinamarca,https://www.eltiempo.com/justicia/investigacion/procuraduria-alerta-disturbios-en-varias-zonas-de-colombia-tras-cierre-de-elecciones-821099,True,True,0.746938368123196,0.746938368123196,1,2.0,1.0
protesta_social,Cundinamarca,https://www.eltiempo.com/justicia/investigacion/viva-air-sindicato-de-trabajadores-pide-a-tribunal-proteger-sus-derechos-745877,True,False,0.8573528991045803,0.0,1,1.0,
protesta_social,Cundinamarca,https://www.eltiempo.com/mas-contenido/asi-se-vivio-la-semana-por-la-paz-805416,True,False,0.6598774940566362,0.0,4,4.0,
protesta_social,Cundinamarca,https://www.eltiempo.com/opinion/columnistas/nancy-patricia-gutierrez/columna-de-nancy-patricia-gutierrez-la-tortura-de-fin-de-ano-732243,True,True,0.5045933673310656,0.5045933673310656,6,10.0,6.0
protesta_social,Cundinamarca,https://www.portafolio.co/mas-contenido/asi-se-vivio-la-trigesima-sexta-version-de-la-semana-por-la-paz-588848,True,False,0.6158238434108095,0.0,7,7.0,
violacion_derechos_humanos,Antioquia,https://www.elcolombiano.com/antioquia/camioneros-bloquearon-via-por-precios-del-peaje-el-trapiche-BG20156676,True,False,0.915444,0.0,9,9.0,
violacion_derechos_humanos,Antioquia,https://www.elcolombiano.com/antioquia/comision-humanitaria-llego-a-verificar-violaciones-a-derechos-humanos-en-limites-de-antioquia-con-bolivar-AP22694015,True,True,0.934753,0.934753,3,6.0,3.0
violacion_derechos_humanos,Antioquia,https://www.elcolombiano.com/antioquia/comunidad-de-caceres-esta-confinada-por-combates-entre-eln-y-el-clan-del-golfo-OE22265308,True,True,0.987704,0.987704,1,3.0,1.0
violacion_derechos_humanos,Antioquia,https://www.elcolombiano.com/antioquia/denuncian-abuso-de-mujeres-por-grupos-armados-en-limites-entre-antioquia-y-bolivar-AP22692266,False,True,0.904996,0.904996,6,,6.0
violacion_derechos_humanos,Antioquia,https://www.elcolombiano.com/antioquia/disidencias-frente-36-imponen-manual-convivencia-en-municipios-norte-bajo-cauca-nordeste-antioquia-MD22211269,True,False,0.924397,0.0,8,8.0,
violacion_derechos_humanos,Antioquia,https://www.elcolombiano.com/antioquia/esteban-restrepo-cerro-vias-de-la-alpujarra-para-lanzar-su-candidatura-a-la-gobernacion-BC20663130,True,False,0.914254,0.0,10,10.0,
violacion_derechos_humanos,Antioquia,https://www.elcolombiano.com/antioquia/gobernador-anibal-gaviria-pide-apoyo-nacional-para-fortalecer-proteccion-de-las-mujeres-GA21651744,True,True,0.967003,0.967003,2,4.0,2.0
violacion_derechos_humanos,Antioquia,https://www.elcolombiano.com/antioquia/militares-antioquia-aceptaron-ante-la-jep-crimenes-de-guerra-y-lesa-humanidad-falsos-positivos-OH22709016,False,True,0.889981,0.889981,10,,10.0
violacion_derechos_humanos,Antioquia,https://www.elcolombiano.com/antioquia/nueva-asonada-en-antioquia-comunidad-saco-a-80-militares-de-briceno-por-orden-de-disidencias-farc-AJ23080404,True,False,0.994661,0.0,1,1.0,
violacion_derechos_humanos,Antioquia,https://www.elcolombiano.com/antioquia/posible-nueva-ola-de-migrantes-preocupa-a-las-autoridades-en-antioquia-FM19736056,True,True,0.927831,0.927831,4,7.0,4.0
violacion_derechos_humanos,Antioquia,https://www.elcolombiano.com/antioquia/preocupacion-en-ituango-antioquia-por-reclutamiento-de-menores-JA21308551,False,True,0.896136,0.896136,8,,8.0
violacion_derechos_humanos,Antioquia,https://www.elcolombiano.com/antioquia/presencia-grupo-armados-ilegales-en-colegios-de-antioquia-FD20322610,True,False,0.991595,0.0,2,2.0,
violacion_derechos_humanos,Antioquia,https://www.elcolombiano.com/antioquia/renuncio-a-aspirar-a-la-goberncion-candidato-robinson-giraldo-GO22682307,True,False,0.966364,0.0,5,5.0,
violacion_derechos_humanos,Antioquia,https://www.elcolombiano.com/colombia/defensor-del-pueblo-prende-las-alarmas-a-una-semana-de-las-elecciones-regionales-MG22719342,False,True,0.90133,0.90133,7,,7.0
violacion_derechos_humanos,Antioquia,https://www.elcolombiano.com/inicio/cese-al-fuego-eln-gobierno-comunidades-regiones-esperan-paz-total-LH22078542,False,True,0.908374,0.908374,5,,5.0
violacion_derechos_humanos,Antioquia,https://www.elcolombiano.com/medellin/riesgo-electoral-en-medellin-es-extremo-alerta-la-mision-de-observacion-electoral-moe-FA22660137,False,True,0.891116,0.891116,9,,9.0
violacion_derechos_humanos,Maicao,https://diariodelnorte.net/editorial/todos-contra-la-violencia/,False,True,0.969866,0.969866,6,,6.0
violacion_derechos_humanos,Maicao,https://diariodelnorte.net/judiciales/autoridades-realizan-consejo-extraordinario-de-seguridad-para-reforzar-la-seguridad-y-el-orden-publico/,False,True,0.910874,0.910874,10,,10.0
violacion_derechos_humanos,Maicao,https://diariodelnorte.net/judiciales/capturan-a-tres-personas-por-fuga-de-presos-en-operativos-viales-de-la-guajira/,False,True,0.973466,0.973466,5,,5.0
violacion_derechos_humanos,Maicao,https://diariodelnorte.net/judiciales/capturan-a-un-hombre-por-porte-ilegal-de-arma-de-fuego-durante-controles-policiales-en-uribia/,True,False,0.985069,0.0,6,6.0,
violacion_derechos_humanos,Maicao,https://diariodelnorte.net/judiciales/comunidad-bloquea-la-via-maicao-paradero-por-falta-de-agua-potable-y-servicio-electrico/,True,False,0.995777,0.0,1,1.0,
violacion_derechos_humanos,Maicao,https://diariodelnorte.net/judiciales/ediles-de-paraguachon-denuncian-amenazas-tras-recibir-video-intimidante/,True,True,0.995726,0.995726,1,2.0,1.0
violacion_derechos_humanos,Maicao,https://diariodelnorte.net/judiciales/levantan-bloqueos-en-las-salidas-de-maicao-hacia-albania-y-riohacha-tras-acuerdos-con-campesinos/,True,False,0.995338,0.0,3,3.0,
violacion_derechos_humanos,Maicao,https://diariodelnorte.net/laguajira/fuerzas-militares-mantienen-presencia-y-acompanamiento-a-la-poblacion-en-la-guajira/,True,True,0.987111,0.987111,2,5.0,2.0
violacion_derechos_humanos,Maicao,https://diariodelnorte.net/laguajira/jarlen-garrido-advierte-sobre-crisis-migratoria-en-maicao-tras-ausencia-de-la-cancilleria-en-foro-internacional/,True,False,0.982224,0.0,7,7.0,
violacion_derechos_humanos,Maicao,https://diariodelnorte.net/laguajira/procuraduria-lleva-feria-de-servicios-a-uribia-para-garantizar-derechos-de-la-ninez-wayuu/,True,False,0.979066,0.0,10,10.0,
violacion_derechos_humanos,Maicao,https://laguajirahoy.com/judiciales/abogado-ira-a-la-carcel-mientras-investigan-muerte-de-mototaxista-en-fonseca.html,True,True,0.97926,0.97926,4,9.0,4.0
violacion_derechos_humanos,Maicao,https://laguajirahoy.com/judiciales/cae-en-maicao-supuesto-integrante-de-red-criminal-dedicada-a-homicidios-y-fleteo.html,False,True,0.948694,0.948694,7,,7.0
violacion_derechos_humanos,Maicao,https://laguajirahoy.com/judiciales/hombre-fue-asesinado-a-tiros-en-el-barrio-el-bosque-de-maicao.html,True,True,0.980712,0.980712,3,8.0,3.0
violacion_derechos_humanos,Maicao,https://laguajirahoy.com/judiciales/la-guajira-busca-seguridad-y-apoyo-a-comunidades-tras-consejo-de-seguridad.html,False,True,0.933544,0.933544,9,,9.0
violacion_derechos_humanos,Maicao,https://laguajirahoy.com/judiciales/se-reabre-frontera-y-se-normaliza-paso-por-paraguachon-en-la-guajira.html,True,False,0.988083,0.0,4,4.0,
violacion_derechos_humanos,Maicao,https://www.eltiempo.com/justicia/cortes/la-alerta-de-la-corte-constitucional-por-grupos-armados-que-frenan-controles-sobre-la-crisis-wayuu-en-la-guajira-3554617,False,True,0.937073,0.937073,8,,8.0
violacion_derechos_humanos,Oicata,https://boyaca7dias.com.co/2025/08/05/paros-en-boyaca-bloqueos-ley-seca-y-represamiento-de-alimentos-marcaron-el-primer-dia-de-la-jornada/,True,False,0.506562,0.0,4,4.0,
violacion_derechos_humanos,Oicata,https://boyaca7dias.com.co/2026/04/09/bloqueos-en-boyaca-este-jueves-por-paro-nacional-en-rechazo-al-aumento-del-impuesto-predial-estos-son-los-puntos-confirmados/,True,False,0.45792,0.0,5,5.0,
violacion_derechos_humanos,Oicata,https://boyaca7dias.com.co/2026/04/24/capturan-a-presunto-responsable-de-millonario-hurto-en-zona-rural-de-combita/,True,False,0.588429,0.0,2,2.0,
violacion_derechos_humanos,Oicata,https://boyaca7dias.com.co/2026/06/05/peaje-gratis-anoche-en-la-caseta-de-tuta-tolditos7dias/,True,False,0.898578,0.0,1,1.0,
violacion_derechos_humanos,Oicata,https://boyaca7dias.com.co/2026/06/06/estos-fueron-los-compromisos-acordados-tras-las-protestas-en-el-peaje-de-tuta/,True,False,0.000712,0.0,9,9.0,
violacion_derechos_humanos,Oicata,https://boyaca7dias.com.co/2026/08/03/comunidades-advierten-con-bloquear-por-completo-la-via-en-el-peaje-de-tuta-ante-incumplimientos-de-la-ani/,True,False,0.564249,0.0,3,3.0,
violacion_derechos_humanos,Oicata,https://boyaca7dias.com.co/2026/08/04/capturaron-a-tres-presuntos-integrantes-de-banda-dedicada-al-hurto-de-viviendas-en-boyaca/,True,False,0.43237,0.0,7,7.0,
violacion_derechos_humanos,Oicata,https://boyaca7dias.com.co/2026/08/06/proteger-al-venado-cola-blanca-una-prioridad-para-salvaguardar-la-biodiversidad-en-boyaca/,True,False,0.215196,0.0,8,8.0,
violacion_derechos_humanos,Oicata,https://www.eltiempo.com/colombia/otras-ciudades/familia-y-bomberos-exigen-a-fiscalia-recapturar-al-tatuador-senalado-de-agredir-al-comandante-jairo-bolivar-sigue-en-uci-tras-brutal-golpiza-en-tunja-3572450,True,False,0.456899,0.0,6,6.0,
violacion_derechos_humanos,Paraguachon,https://diariodelnorte.net/editorial/quienes-secuestran/,False,True,0.453732,0.453732,6,,6.0
violacion_derechos_humanos,Paraguachon,https://diariodelnorte.net/judiciales/autoridades-capturan-a-13-personas-en-maicao-por-homicidio-extorsion-y-microtrafico/,False,True,0.187954,0.187954,10,,10.0
violacion_derechos_humanos,Paraguachon,https://diariodelnorte.net/judiciales/capturan-a-un-hombre-por-presunta-falsedad-documental-y-recuperan-moto-hurtada-en-la-guajira/,True,False,0.826591,0.0,8,8.0,
violacion_derechos_humanos,Paraguachon,https://diariodelnorte.net/judiciales/capturan-en-la-via-maicao-paraguachon-a-hombre-requerido-por-hurto-calificado-agravado/,True,False,0.860138,0.0,7,7.0,
violacion_derechos_humanos,Paraguachon,https://diariodelnorte.net/judiciales/capturan-en-zona-rural-de-maicao-a-hombre-requerido-por-homicidio/,True,True,0.754686,0.754686,2,10.0,2.0
violacion_derechos_humanos,Paraguachon,https://diariodelnorte.net/judiciales/comunidades-wayuu-levantan-bloqueo-en-la-via-riohacha-maicao-tras-acordar-mesa-de-dialogo-por-atentado-en-alto-pino/,True,False,0.951791,0.0,4,4.0,
violacion_derechos_humanos,Paraguachon,https://diariodelnorte.net/judiciales/ediles-de-paraguachon-denuncian-amenazas-tras-recibir-video-intimidante/,True,True,0.995726,0.995726,1,1.0,1.0
violacion_derechos_humanos,Paraguachon,https://diariodelnorte.net/judiciales/migracion-colombia-expulsa-a-venezolana-detectada-durante-tramite-medico/,False,True,0.223836,0.223836,9,,9.0
violacion_derechos_humanos,Paraguachon,https://diariodelnorte.net/laguajira/defensoria-emite-alerta-por-expansion-de-las-acsn-y-escalada-del-riesgo-en-maicao/,False,True,0.634372,0.634372,4,,4.0
violacion_derechos_humanos,Paraguachon,https://diariodelnorte.net/laguajira/maicao-refuerza-seguridad-y-activa-pmu-ante-la-situacion-actual-en-la-frontera/,True,False,0.925421,0.0,5,5.0,
violacion_derechos_humanos,Paraguachon,https://laguajirahoy.com/judiciales-2/asesinan-a-joven-wayuu-en-zona-limitrofe-entre-colombia-y-venezuela.html,False,True,0.394141,0.394141,8,,8.0
violacion_derechos_humanos,Paraguachon,https://laguajirahoy.com/judiciales-2/operativos-en-maicao-dejan-13-capturados-por-graves-delitos.html,False,True,0.610376,0.610376,5,,5.0
violacion_derechos_humanos,Paraguachon,https://laguajirahoy.com/judiciales/se-reabre-frontera-y-se-normaliza-paso-por-paraguachon-en-la-guajira.html,True,False,0.988083,0.0,2,2.0,
violacion_derechos_humanos,Paraguachon,https://laguajirahoy.com/judiciales/venezuela-libero-a-ciudadano-frances-quien-fue-capturado-en-la-frontera-con-la-guajira.html,False,True,0.442438,0.442438,7,,7.0
violacion_derechos_humanos,Paraguachon,https://laguajirahoy.com/la-guajira/educacion-vial-para-proteger-la-vida-en-corredores-escolares.html,True,False,0.906263,0.0,6,6.0,
violacion_derechos_humanos,Paraguachon,https://laguajirahoy.com/maicao-3/tension-del-lado-venezolano-por-caso-judicial-afecta-comercio-binacional.html,True,False,0.977431,0.0,3,3.0,
violacion_derechos_humanos,Paraguachon,https://laguajirahoy.com/riohacha/huecos-en-la-calle-15-de-riohacha-ponen-en-riesgo-a-conductores-y-peatones.html,True,False,0.760949,0.0,9,9.0,
violacion_derechos_humanos,Paraguachon,https://www.eltiempo.com/colombia/otras-ciudades/migracion-deporta-a-venezolana-que-tenia-orden-de-expulsion-vigente-fue-identificada-durante-atencion-en-una-clinica-de-valledupar-3562637,False,True,0.65452,0.65452,3,,3.0
violacion_derechos_humanos,Cauca,https://diariodelcauca.com.co/ataques-en-el-norte-del-cauca/,False,True,0.966217555385964,0.966217555385964,2,,2.0
violacion_derechos_humanos,Cauca,https://diariodelcauca.com.co/buenaventura/,False,True,0.9643197886334108,0.9643197886334108,3,,3.0
violacion_derechos_humanos,Cauca,https://diariodelcauca.com.co/cesar-en-agresiones-entre-criminales-es-clave-para-la-paz/,True,False,0.9858198653131653,0.0,5,5.0,
violacion_derechos_humanos,Cauca,https://diariodelcauca.com.co/comite-del-mais-pidio-investigar-asesinato-de-excandidato/,False,True,0.9599456487406979,0.9599456487406979,4,,4.0
violacion_derechos_humanos,Cauca,https://diariodelcauca.com.co/comunidad-de-el-plateado-sur-del-cauca-afectada-por-fuertes-controles-del-ejercito/,True,False,0.9801986728605316,0.0,6,6.0,
violacion_derechos_humanos,Cauca,https://diariodelcauca.com.co/crc-inmovil-ante-ecocidio-al-occidente-payanes/,True,False,0.9711551567348412,0.0,9,9.0,
violacion_derechos_humanos,Cauca,https://diariodelcauca.com.co/crecen-las-cifras-de-violencia-en-el-departamento-del-cauca/,False,True,0.9395627785836156,0.9395627785836156,6,,6.0
violacion_derechos_humanos,Cauca,https://diariodelcauca.com.co/criminales-habrian-inaugurado-un-pavimento-en-rosario-narino/,True,False,0.9868051310641733,0.0,4,4.0,
violacion_derechos_humanos,Cauca,https://diariodelcauca.com.co/don-chirimias-12/,False,True,0.9407363076939005,0.9407363076939005,5,,5.0
violacion_derechos_humanos,Cauca,https://diariodelcauca.com.co/el-gobernador-no-aparece-por-ningun-lado-con-las-victimas/,True,False,0.9929193411825363,0.0,3,3.0,
violacion_derechos_humanos,Cauca,https://diariodelcauca.com.co/gobierno-nacional-promete-estabilizar-el-norte-caucano/,True,False,0.9771782137469244,0.0,7,7.0,
violacion_derechos_humanos,Cauca,https://diariodelcauca.com.co/horror-en-toribio/,False,True,0.8785833982594142,0.8785833982594142,9,,9.0
violacion_derechos_humanos,Cauca,https://diariodelcauca.com.co/human-right-watch-revelo-escalofriante-cifra-de-asesinatos-de-lideres-sociales-en-colombia/,False,True,0.9174915602382477,0.9174915602382477,7,,7.0
violacion_derechos_humanos,Cauca,https://diariodelcauca.com.co/lideresa-edilsan-andrade-fue-asesinada-en-rosas-cauca/,True,True,0.9955889754350302,0.9955889754350302,1,2.0,1.0
violacion_derechos_humanos,Cauca,https://diariodelcauca.com.co/llaman-a-que-se-sostenga-cese-al-fuego-por-parte-de-criminales/,False,True,0.8774786527364342,0.8774786527364342,10,,10.0
violacion_derechos_humanos,Cauca,https://diariodelcauca.com.co/mininterior-afirma-no-dar-garantias-a-bandas-criminales/,False,True,0.9165610136096869,0.9165610136096869,8,,8.0
violacion_derechos_humanos,Cauca,https://diariodelcauca.com.co/privados-siguen-incumpliendole-a-popayan-con-una-obra/,True,False,0.9771166446367331,0.0,8,8.0,
violacion_derechos_humanos,Cauca,https://diariodelcauca.com.co/stivens-ramirez-no-acato-medida-de-casa-por-carcel/,True,False,0.9709857471694211,0.0,10,10.0,
violacion_derechos_humanos,Cauca,https://diariodelcauca.com.co/suspenden-plan-para-montar-base-naval-en-gorgona/,True,False,0.9957376011257404,0.0,1,1.0,
violacion_derechos_humanos,Chocó,https://choco7dias.com/cargos-al-gobernador-del-choco-por-presuntas-irregularidades-en-ayudas-humanitarias/,True,False,0.9826008621375681,0.0,5,5.0,
violacion_derechos_humanos,Chocó,https://choco7dias.com/choco-65-eventos-de-confinamiento-en-2022/,False,True,0.8518738787418478,0.8518738787418478,6,,6.0
violacion_derechos_humanos,Chocó,https://choco7dias.com/desplazados-de-jurado-y-carmen-de-atrato-en-medellin/,False,True,0.8708110592058085,0.8708110592058085,5,,5.0
violacion_derechos_humanos,Chocó,https://choco7dias.com/dignidad-de-las-mujeres-victimas-de-violencia-sexual-en-el-conflicto-armado/,False,True,0.8295325328868647,0.8295325328868647,7,,7.0
violacion_derechos_humanos,Chocó,https://choco7dias.com/el-choco-esta-todo-incendiado-obispo-de-istmina/,True,False,0.9807281789599372,0.0,7,7.0,
violacion_derechos_humanos,Chocó,https://choco7dias.com/elecciones-amenazadas-voces-de-alcaldes-desplazados-de-sus-municipios/,True,False,0.9647921105401135,0.0,8,8.0,
violacion_derechos_humanos,Chocó,https://choco7dias.com/elizabeth-moreno-recibio-en-suiza-el-premio-nansen-de-refugiados/,True,False,0.9135386524985304,0.0,10,10.0,
violacion_derechos_humanos,Chocó,https://choco7dias.com/la-chocoana-elizabeth-moreno-fue-elegida-defensora-del-ano-en-colombia-en-2023/,False,True,0.8125389709202163,0.8125389709202163,8,,8.0
violacion_derechos_humanos,Chocó,https://choco7dias.com/mas-de-28-000-desplazados-o-confinados-en-el-san-juan-en-2023/,True,True,0.9166147327301206,0.9166147327301206,4,9.0,4.0
violacion_derechos_humanos,Chocó,https://choco7dias.com/no-hay-estado-para-atender-migrantes-en-acandi/,True,True,0.9958952845777586,0.9958952845777586,1,1.0,1.0
violacion_derechos_humanos,Chocó,https://choco7dias.com/no-vamos-bien-con-la-paz-leyner-palacios/,False,True,0.7920003924113862,0.7920003924113862,10,,10.0
violacion_derechos_humanos,Chocó,https://choco7dias.com/paro-armado-del-eln-impide-ayudas-humanitarias-en-novita/,False,True,0.8011569379316315,0.8011569379316315,9,,9.0
violacion_derechos_humanos,Chocó,https://choco7dias.com/por-irregularidades-en-la-utch-designan-inspector-in-situ-y-ordenan-constituir-una-fiducia-para-el-manejo-de-recursos/,True,False,0.9880785569955904,0.0,2,2.0,
violacion_derechos_humanos,Chocó,https://choco7dias.com/procuraduria-grupo-especial-en-el-choco-por-crisis-humanitaria/,True,True,0.987858650128167,0.987858650128167,2,3.0,2.0
violacion_derechos_humanos,Chocó,https://choco7dias.com/riosucio-radican-demanda-a-favor-de-la-comunidad-del-rio-cacarica/,True,False,0.9813409874711411,0.0,6,6.0,
violacion_derechos_humanos,Chocó,https://choco7dias.com/se-realizo-en-quibdo-encuentro-nacional-de-coordinadores-de-mesas-de-victimas/,True,True,0.9833022055370585,0.9833022055370585,3,4.0,3.0
violacion_derechos_humanos,Cundinamarca,https://www.eltiempo.com/bogota/bogota-alarmante-situacion-en-sumapaz-762343,True,True,0.8771568331871679,0.8771568331871679,1,9.0,1.0
violacion_derechos_humanos,Cundinamarca,https://www.eltiempo.com/bogota/cayo-senalado-feminicida-en-soacha-videos-captaron-a-hombre-sin-una-pierna-huyendo-809503,True,False,0.9223472572612434,0.0,7,7.0,
violacion_derechos_humanos,Cundinamarca,https://www.eltiempo.com/bogota/claudia-lopez-condena-atentado-al-peaje-boqueron-colombia-retrocede-al-terrorismo-834266,False,True,0.7196666968068768,0.7196666968068768,5,,5.0
violacion_derechos_humanos,Cundinamarca,https://www.eltiempo.com/bogota/cundinamarca-mujer-fue-asesinada-con-arma-de-fuego-por-su-ex-pareja-en-viota-822503,False,True,0.6309428314120918,0.6309428314120918,8,,8.0
violacion_derechos_humanos,Cundinamarca,https://www.eltiempo.com/bogota/decretan-alerta-naranja-por-incendios-forestales-en-cundinamarca-740334,True,False,0.9043051979908735,0.0,8,8.0,
violacion_derechos_humanos,Cundinamarca,https://www.eltiempo.com/bogota/farc-en-el-sumapaz-asi-es-el-plan-del-ejercito-para-enfrentarse-768185,True,False,0.9291866141416605,0.0,4,4.0,
violacion_derechos_humanos,Cundinamarca,https://www.eltiempo.com/bogota/fusagasuga-caen-los-marcas-dedicados-a-hacer-fleteos-en-cundinamarca-785603,True,False,0.9290599625475807,0.0,5,5.0,
violacion_derechos_humanos,Cundinamarca,https://www.eltiempo.com/bogota/glamping-de-manta-donde-murio-mujer-investigado-por-superintendencia-740531,True,False,0.9224418927890694,0.0,6,6.0,
violacion_derechos_humanos,Cundinamarca,https://www.eltiempo.com/bogota/tenemos-el-titulo-nacional-del-volteo-de-tierras-candidato-yeilor-espinel-803805,True,False,0.8741563464376743,0.0,10,10.0,
violacion_derechos_humanos,Cundinamarca,https://www.eltiempo.com/economia/empresas/ordenan-retirar-del-mercado-el-aguardiente-real-amarillo-833086,True,False,0.9524159241793944,0.0,3,3.0,
violacion_derechos_humanos,Cundinamarca,https://www.eltiempo.com/justicia/cortes/consejo-de-estado-deja-por-fuera-a-tulio-gomez-de-candidatura-en-el-valle-820237,True,False,0.9591243181727512,0.0,2,2.0,
violacion_derechos_humanos,Cundinamarca,https://www.eltiempo.com/justicia/delitos/cayo-presunto-homicida-de-un-hombre-en-chipaque-cundinamarca-772794,False,True,0.6733180143034271,0.6733180143034271,7,,7.0
violacion_derechos_humanos,Cundinamarca,https://www.eltiempo.com/justicia/delitos/desarticulan-tres-bandas-dedicadas-al-trafico-de-hidrocarburos-778900,False,True,0.6150795179581767,0.6150795179581767,9,,9.0
violacion_derechos_humanos,Cundinamarca,https://www.eltiempo.com/justicia/investigacion/general-carlos-rodriguez-seguira-investigado-por-caso-luis-carlos-galan-736665,False,True,0.7610517760364964,0.7610517760364964,4,,4.0
violacion_derechos_humanos,Cundinamarca,https://www.eltiempo.com/justicia/investigacion/viva-air-sindicato-de-trabajadores-pide-a-tribunal-proteger-sus-derechos-745877,False,True,0.8697309357983474,0.8697309357983474,2,,2.0
violacion_derechos_humanos,Cundinamarca,https://www.eltiempo.com/mas-contenido/asi-se-vivio-la-semana-por-la-paz-805416,False,True,0.6754721310585704,0.6754721310585704,6,,6.0
violacion_derechos_humanos,Cundinamarca,https://www.eltiempo.com/opinion/columnistas/nancy-patricia-gutierrez/columna-de-nancy-patricia-gutierrez-la-tortura-de-fin-de-ano-732243,False,True,0.580638916356216,0.580638916356216,10,,10.0
violacion_derechos_humanos,Cundinamarca,https://www.portafolio.co/economia/regiones/imagenes-del-momento-de-la-explosion-del-atentado-al-peaje-boqueron-en-la-via-al-llano-593902,True,False,0.9718390142828611,0.0,1,1.0,
violacion_derechos_humanos,Cundinamarca,https://www.portafolio.co/mas-contenido/asi-se-vivio-la-trigesima-sexta-version-de-la-semana-por-la-paz-588848,False,True,0.818538788478547,0.818538788478547,3,,3.0
danos_ambientales,Antioquia,https://www.elcolombiano.com/antioquia/elecciones-2023-luis-fernando-suarez-se-lanzo-a-la-gobernacion-de-antioquia-GD20233603,True,False,0.180652,0.0,5,5.0,
danos_ambientales,Antioquia,https://www.elcolombiano.com/antioquia/identidades-de-las-seis-victimas-de-la-doble-masacre-en-santa-fe-de-antioquia-EE23275302,True,False,0.105332,0.0,8,8.0,
danos_ambientales,Antioquia,https://www.elcolombiano.com/antioquia/las-chivas-estan-despareciendo-en-antioquia-MA21478127,True,False,0.140667,0.0,7,7.0,
danos_ambientales,Antioquia,https://www.elcolombiano.com/cultura/beatriz-gonzalez-en-medellin-con-su-obra-grafica-NH22615118,True,False,0.291799,0.0,2,2.0,
danos_ambientales,Antioquia,https://www.elcolombiano.com/generacion/edicion-del-mes/la-persistencia-del-odio-NM21873538,True,False,0.082557,0.0,9,9.0,
danos_ambientales,Antioquia,https://www.elcolombiano.com/informes-comerciales/las-marcas-hablan/pusimos-a-corantioquia-en-el-corazon-de-los-antioquenos-ME23367821,True,True,0.071359,0.071359,3,10.0,3.0
danos_ambientales,Antioquia,https://www.elcolombiano.com/medellin/antioquia-tiene-nuevo-comandante-de-policia-FA20645909,True,False,0.322184,0.0,1,1.0,
danos_ambientales,Antioquia,https://www.elcolombiano.com/medellin/entrevista-a-juan-luis-mejia-sobre-la-cultura-del-narcotrafico-exorcizarte-pablo-KH22615492,True,True,0.243067,0.243067,2,4.0,2.0
danos_ambientales,Antioquia,https://www.elcolombiano.com/opinion/columnistas/pactemos-por-colombia-por-antioquia-por-medellin-DJ20837015,True,False,0.162439,0.0,6,6.0,
danos_ambientales,Antioquia,https://www.elcolombiano.com/sostenibilidad/celsia-sembro-mas-de-13-millones-de-arboles-nativos-FO21946021,True,True,0.278256,0.278256,1,3.0,1.0
danos_ambientales,Maicao,https://diariodelnorte.net/laguajira/la-guajira-enfrenta-creciente-crisis-por-manejo-de-residuos-solidos/,False,True,0.002661,0.002661,3,,3.0
danos_ambientales,Maicao,https://diariodelnorte.net/laguajira/mantienen-alerta-roja-por-riesgo-de-incendios-forestales-en-los-15-municipios-de-la-guajira/,False,True,0.011352,0.011352,2,,2.0
danos_ambientales,Maicao,https://laguajirahoy.com/comunidad-3/intensa-busqueda-de-dos-hermanos-desaparecidos-en-albania.html,True,False,0.283713,0.0,4,4.0,
danos_ambientales,Maicao,https://laguajirahoy.com/cultura/cine-wayuu-llega-al-ficci-65-con-dos-cortometrajes-seleccionados.html,True,False,0.238789,0.0,5,5.0,
danos_ambientales,Maicao,https://laguajirahoy.com/judiciales/carneo-y-abigeato-en-aumento-en-la-guajira.html,False,True,0.001646,0.001646,4,,4.0
danos_ambientales,Maicao,https://laguajirahoy.com/la-guajira/parques-biosaludables-devuelven-encuentro-y-propicia-salud-a-la-guajira.html,True,False,0.149033,0.0,8,8.0,
danos_ambientales,Maicao,https://laguajirahoy.com/maicao-3/maicao-empieza-a-recuperar-el-agua-tras-cinco-dias-sin-servicio.html,True,False,0.143902,0.0,9,9.0,
danos_ambientales,Maicao,https://laguajirahoy.com/maicao/maicao-desde-el-cielo-cautiva-con-imagenes-autenticas-y-sin-filtros-urbanos.html,True,False,0.507368,0.0,2,2.0,
danos_ambientales,Maicao,https://laguajirahoy.com/medio-ambiente-2/alerta-roja-por-incendios-forestales-cubre-toda-la-guajira.html,True,True,0.802445,0.802445,1,1.0,1.0
danos_ambientales,Maicao,https://laguajirahoy.com/nacion-2/toma-mi-mano-una-apuesta-humanitaria-con-impacto-en-la-guajira.html,True,False,0.305029,0.0,3,3.0,
danos_ambientales,Maicao,https://laguajirahoy.com/nacion/gobierno-del-cambio-entrega-obras-educativas-y-comunitarias-en-la-guajira.html,True,False,0.154433,0.0,7,7.0,
danos_ambientales,Maicao,https://laguajirahoy.com/politica/asamblea-de-la-guajira-instala-primer-periodo-de-sesiones-2026.html,True,False,0.211904,0.0,6,6.0,
danos_ambientales,Maicao,https://www.eltiempo.com/unidad-investigativa/hablan-3-de-los-7-politicos-cuyos-nombres-aparecen-en-los-sobres-con-dinero-incautado-a-escolta-de-poderoso-secretario-de-la-camara-3536907,True,False,0.128346,0.0,10,10.0,
danos_ambientales,Paraguachon,https://diariodelnorte.net/opinion/el-regreso-de-venezuela-al-mapa-guajiro/,True,False,0.069999,0.0,1,1.0,
danos_ambientales,Paraguachon,https://laguajirahoy.com/comunidad/venezolanos-en-la-guajira-viven-con-emociones-encontradas-los-recientes-sucesos-politicos-en-su-pais.html,True,False,0.001056,0.0,4,4.0,
danos_ambientales,Paraguachon,https://laguajirahoy.com/judiciales/se-reabre-frontera-y-se-normaliza-paso-por-paraguachon-en-la-guajira.html,True,False,0.002757,0.0,3,3.0,
danos_ambientales,Paraguachon,https://laguajirahoy.com/maicao/maicao-enfrenta-creciente-riesgo-por-expansion-de-grupos-armados.html,True,False,0.012008,0.0,2,2.0,
danos_ambientales,Cauca,https://diariodelcauca.com.co/asesinado-jose-william-sanchez-poveda-por-un-francotirador/,True,False,0.09213949244797126,0.0,10,10.0,
danos_ambientales,Cauca,https://diariodelcauca.com.co/cauca-ocupa-el-puesto-16-entre-las-tierras-mas-fertiles-del-pais/,False,True,0.0002893318608715332,0.0002893318608715332,1,,1.0
danos_ambientales,Cauca,https://diariodelcauca.com.co/dia-mundial-de-la-paz-timba-en-cauca-llora-a-dos-victimas-del-atentado/,True,False,0.13144969159413433,0.0,5,5.0,
danos_ambientales,Cauca,https://diariodelcauca.com.co/disidencias-de-las-farc-hostigaron-en-caldono/,True,False,0.49450996380842155,0.0,3,3.0,
danos_ambientales,Cauca,https://diariodelcauca.com.co/doralba-perdio-la-vida-por-causa-de-un-rayo-en-paez-cauca/,True,False,0.6164892242173903,0.0,2,2.0,
danos_ambientales,Cauca,https://diariodelcauca.com.co/exgobernadores-del-cauca-y-su-cinismo/,True,False,0.09456836847250161,0.0,8,8.0,
danos_ambientales,Cauca,https://diariodelcauca.com.co/llaman-a-que-se-sostenga-cese-al-fuego-por-parte-de-criminales/,True,False,0.09942373027005562,0.0,7,7.0,
danos_ambientales,Cauca,https://diariodelcauca.com.co/quien-era-david-castillo-el-sicario-colombiano-abatido-por-escoltas-de-villavicencio/,True,False,0.09270474335314183,0.0,9,9.0,
danos_ambientales,Cauca,https://diariodelcauca.com.co/raul-vargas-se-quito-la-vida-en-talaga-inza-cauca/,True,False,0.6354749714182966,0.0,1,1.0,
danos_ambientales,Cauca,https://diariodelcauca.com.co/red-de-mujeres-del-cauca/,True,False,0.312428328053179,0.0,4,4.0,
danos_ambientales,Cauca,https://diariodelcauca.com.co/un-grito-ignorado/,True,False,0.1272174552253651,0.0,6,6.0,
danos_ambientales,Chocó,https://choco7dias.com/asi-fue-la-caravana-del-gobierno-y-eln-para-oir-el-drama-de-guerra-en-el-pacifico/,True,False,0.45352539881202625,0.0,1,1.0,
danos_ambientales,Chocó,https://choco7dias.com/bajo-baudo-restauracion-ecologica-en-docampado/,True,True,0.2542335815708896,0.2542335815708896,1,4.0,1.0
danos_ambientales,Chocó,https://choco7dias.com/codechoco-realiza-educacion-en-tado-ante-la-presencia-de-jaguares/,True,False,0.3734337408093738,0.0,3,3.0,
danos_ambientales,Chocó,https://choco7dias.com/en-el-papel-ha-quedado-sentencia-sobre-proteccion-de-menores-indigenas-del-choco/,True,False,0.0538014459815743,0.0,7,7.0,
danos_ambientales,Chocó,https://choco7dias.com/la-chocoana-elizabeth-barco-gano-el-premio-nansen-para-los-refugiados/,True,False,0.17570955026286433,0.0,5,5.0,
danos_ambientales,Chocó,https://choco7dias.com/la-psicologa-colombiana-que-trabaja-desde-suecia-con-los-ninos-del-choco/,True,False,0.11731077324931505,0.0,6,6.0,
danos_ambientales,Chocó,https://choco7dias.com/memorial-por-las-victimas-de-riosucio/,True,False,0.015133191406703252,0.0,9,9.0,
danos_ambientales,Chocó,https://choco7dias.com/ocho-mil-personas-confinadas-el-paro-armado-del-eln-agrava-la-situacion-de-las-comunidades-del-san-juan/,True,False,0.38568212084940745,0.0,2,2.0,
danos_ambientales,Chocó,https://choco7dias.com/por-que-no-es-un-escandalo-lo-que-pasa-en-el-choco/,True,False,0.05249244889633076,0.0,8,8.0,
danos_ambientales,Chocó,https://choco7dias.com/se-realizo-en-quibdo-encuentro-nacional-de-coordinadores-de-mesas-de-victimas/,True,False,0.0055467769892869456,0.0,10,10.0,
danos_ambientales,Cundinamarca,https://www.eltiempo.com/bogota/conductores-de-camion-en-cundinamarca-amenazados-por-la-extorsion-756694,True,False,0.07951205998757427,0.0,9,9.0,
danos_ambientales,Cundinamarca,https://www.eltiempo.com/bogota/consejo-de-estado-le-dio-la-razon-a-concejal-de-bogota-por-deforestacion-777941,False,True,0.023055644751321325,0.023055644751321325,2,,2.0
danos_ambientales,Cundinamarca,https://www.eltiempo.com/bogota/decretan-alerta-naranja-por-incendios-forestales-en-cundinamarca-740334,True,False,0.25033992736508404,0.0,3,3.0,
danos_ambientales,Cundinamarca,https://www.eltiempo.com/bogota/el-hombre-que-recupero-humedal-convertido-en-basurero-735255,False,True,0.015774128206918592,0.015774128206918592,3,,3.0
danos_ambientales,Cundinamarca,https://www.eltiempo.com/bogota/opinion-bogota-tan-cerca-y-tan-lejos-de-cundinamarca-opinion-de-omar-orostegui-811526,False,True,0.0010321654223935384,0.0010321654223935384,4,,4.0
danos_ambientales,Cundinamarca,https://www.eltiempo.com/bogota/quetame-alud-de-tierra-alerta-a-habitantes-tras-tragedia-por-avalancha-video-788332,True,False,0.5627039957224371,0.0,1,1.0,
danos_ambientales,Cundinamarca,https://www.eltiempo.com/contenido-comercial/universidad-de-cundinamarca-atraviesa-por-un-proceso-de-transformacion-802891,True,False,0.1540225574979186,0.0,6,6.0,
danos_ambientales,Cundinamarca,https://www.eltiempo.com/contenido-comercial/universidad-de-cundinamarca-implementa-modelo-que-forma-para-la-vida-734747,True,False,0.09063057481280723,0.0,7,7.0,
danos_ambientales,Cundinamarca,https://www.eltiempo.com/economia/sectores/crisis-de-agua-en-cajica-lo-que-hay-detras-del-problema-con-el-acueducto-775128,True,False,0.19560517987507364,0.0,4,4.0,
danos_ambientales,Cundinamarca,https://www.eltiempo.com/justicia/conflicto-y-narcotrafico/defensoria-dice-que-refundacion-de-frente-53-farc-es-retroceso-en-la-paz-761801,True,False,0.1715653865613212,0.0,5,5.0,
danos_ambientales,Cundinamarca,https://www.eltiempo.com/justicia/investigacion/fiscalia-imputa-nuevos-cargos-por-corrupcion-a-manuel-nule-miembro-del-clan-nule-789142,True,False,0.07491877519421036,0.0,10,10.0,
danos_ambientales,Cundinamarca,https://www.eltiempo.com/opinion/columnistas/german-umana-mendoza/columna-de-german-umana-transicion-economica-basada-en-el-turismo-761855,False,True,0.00027359380481810683,0.00027359380481810683,5,,5.0
danos_ambientales,Cundinamarca,https://www.eltiempo.com/vida/ciencia/por-que-ocurren-frecuentes-deslizamientos-de-tierra-en-colombia-789577,True,True,0.39896442980994784,0.39896442980994784,1,2.0,1.0
danos_ambientales,Cundinamarca,https://www.portafolio.co/economia/regiones/imagenes-del-momento-de-la-explosion-del-atentado-al-peaje-boqueron-en-la-via-al-llano-593902,True,False,0.08039189065531088,0.0,8,8.0,
