id,idx_corpus
a0000,5934
a0001,4079
a0002,803
a0003,8313
a0004,864
a0005,344
a0006,2820
a0007,10993
a0008,898
a0009,641
a0010,11214
a0011,1494
a0012,11357
a0013,4072
a0014,10416
a0015,1806
a0016,11389
a0017,10480
a0018,4619
a0019,903
a0020,11206
a0021,4056
a0022,163
a0023,11187
a0024,10949
a0025,3390
a0026,10587
a0027,11375
a0028,812
a0029,5375
a0030,4180
a0031,986
a0032,11262
a0033,927
a0034,940
a0035,10956
a0036,3943
a0037,11362
a0038,656
a0039,519
a0040,2569
a0041,6904
a0042,4647
a0043,10376
a0044,9958
a0045,3936
a0046,7056
a0047,3846
a0048,79
a0049,10733
a0050,2468
a0051,1843
a0052,11
a0053,714
a0054,7464
a0055,749
a0056,1066
a0057,11358
a0058,11199
a0059,895
a0060,11400
a0061,4782
a0062,7202
a0063,582
a0064,807
a0065,3542
a0066,10972
a0067,3465
a0068,919
a0069,4142
a0070,11203
a0071,902
a0072,3735
a0073,3148
a0074,1923
a0075,11182
a0076,11257
a0077,4566
a0078,11374
a0079,11202
a0080,3176
a0081,510
a0082,11407
a0083,11326
a0084,1206
a0085,930
a0086,699
a0087,6378
a0088,4223
a0089,805
a0090,7149
a0091,11376
a0092,10750
a0093,4875
a0094,10979
a0095,9876
a0096,804
a0097,10010
a0098,11434
a0099,7157
a0100,4733
a0101,7457
a0102,7278
a0103,11420
a0104,846
a0105,303
a0106,11398
a0107,7690
a0108,10995
a0109,9042
a0110,584
a0111,677
a0112,11105
a0113,9610
a0114,5173
a0115,7533
a0116,11368
a0117,1261
a0118,10253
a0119,1897
a0120,3135
a0121,10684
a0122,10448
a0123,897
a0124,7794
a0125,5634
a0126,9344
a0127,831
a0128,11404
a0129,7066
a0130,4953
a0131,5974
a0132,6908
a0133,955
a0134,9901
a0135,10943
a0136,1481
a0137,11138
a0138,10842
a0139,11080
a0140,4376
a0141,1364
a0142,10950
a0143,7363
a0144,11125
a0145,10798
a0146,11371
a0147,808
a0148,1619
a0149,93
a0150,567
a0151,1380
a0152,4939
a0153,1196
a0154,3477
a0155,5687
a0156,1629
a0157,10965
a0158,904
a0159,1809
a0160,10229
a0161,6596
a0162,6831
a0163,2309
a0164,4636
a0165,3777
a0166,7269
a0167,3841
a0168,893
a0169,755
a0170,7243
a0171,11427
a0172,3664
a0173,11320
a0174,9566
a0175,1385
a0176,4088
a0177,1240
a0178,9024
a0179,4054
a0180,779
a0181,11209
a0182,9029
a0183,245
a0184,913
a0185,1469
a0186,2593
a0187,6384
a0188,1691
a0189,3218
a0190,1889
a0191,8969
a0192,949
a0193,1455
a0194,2184
a0195,1581
a0196,3480
a0197,5945
a0198,214
a0199,907
a0200,11195
a0201,10491
a0202,6752
a0203,5579
a0204,10260
