indicador,variante,lugar,max,url_max,max_abs,max_tot,n_pos_score,prop_abs_766
exclusion_beneficios_economicos,V01,Antioquia,0.9956723030883666,https://www.elcolombiano.com/antioquia/disidencias-frente-36-imponen-manual-convivencia-en-municipios-norte-bajo-cauca-nordeste-antioquia-MD22211269,0.9925407635702342,0.3787439117341478,479,0.17408906882591094
exclusion_beneficios_economicos,V02,Antioquia,0.9898556233396577,https://www.elcolombiano.com/antioquia/planton-empleados-hospital-san-rafael-de-itagui-por-falta-de-pago-FC22759158,0.9814919988932198,0.3787439117341478,262,0.038461538461538464
exclusion_beneficios_economicos,V03,Antioquia,0.9930270346039033,https://www.elcolombiano.com/antioquia/planton-empleados-hospital-san-rafael-de-itagui-por-falta-de-pago-FC22759158,0.9257298774233885,0.3787439117341478,427,0.024291497975708502
exclusion_beneficios_economicos,V04,Antioquia,0.985206240356968,https://www.elcolombiano.com/antioquia/planton-empleados-hospital-san-rafael-de-itagui-por-falta-de-pago-FC22759158,0.7814950386282594,0.3787439117341478,165,0.0020242914979757085
exclusion_beneficios_economicos,V05,Antioquia,0.9788966848291122,https://www.elcolombiano.com/antioquia/por-que-el-municipio-de-argelia-cambiara-su-nombre-luego-de-63-anos-BP21956676,0.8073485382311567,0.3787439117341478,304,0.006072874493927126
exclusion_beneficios_economicos,V06,Antioquia,0.9905927933093994,https://www.elcolombiano.com/antioquia/problemas-en-carreteras-de-antioquia-a-la-costa-caribe-uraba-y-bogota-HE21615570,0.9902589203454657,0.0020770202547046313,320,0.016194331983805668
exclusion_beneficios_economicos,V07,Antioquia,0.7878303148678188,https://www.elcolombiano.com/colombia/procuraduria-investiga-a-cuatro-gobernadores-por-incumplir-proyectos-de-regalias-por-88000-millones-IC22139265,0.6358090917721402,0.0020770202547046313,153,0.0
exclusion_beneficios_economicos,V08,Antioquia,0.9174808385761803,https://www.elcolombiano.com/antioquia/consejo-de-estado-condena-nacion-por-falsos-positivos-en-santa-rosa-de-osos-CN21798903,0.8965734376034749,0.2806879987232347,7,0.004048582995951417
exclusion_beneficios_economicos,V09,Antioquia,0.9208638759636327,https://www.elcolombiano.com/antioquia/consejo-de-estado-condena-nacion-por-falsos-positivos-en-santa-rosa-de-osos-CN21798903,0.7835356053850742,0.2806879987232347,7,0.0020242914979757085
exclusion_beneficios_economicos,V10,Antioquia,0.7779583649658313,https://www.elcolombiano.com/colombia/procuraduria-investiga-a-cuatro-gobernadores-por-incumplir-proyectos-de-regalias-por-88000-millones-IC22139265,0.5346222897799192,0.2806879987232347,6,0.0
exclusion_beneficios_economicos,V11,Antioquia,0.7878303148678188,https://www.elcolombiano.com/colombia/procuraduria-investiga-a-cuatro-gobernadores-por-incumplir-proyectos-de-regalias-por-88000-millones-IC22139265,0.6358090917721402,0.0,3,0.0
exclusion_beneficios_economicos,V12,Antioquia,0.6672682341407419,https://www.elcolombiano.com/colombia/procuraduria-investiga-a-cuatro-gobernadores-por-incumplir-proyectos-de-regalias-por-88000-millones-IC22139265,0.45594569292138276,0.0,40,0.0
rechazo_proyecto,V01,Antioquia,0.9913473444559351,https://www.elcolombiano.com/antioquia/planton-empleados-hospital-san-rafael-de-itagui-por-falta-de-pago-FC22759158,0.9823907055041193,0.3787439117341478,339,0.08906882591093117
rechazo_proyecto,V02,Antioquia,0.9959416295552226,https://www.elcolombiano.com/antioquia/nueva-asonada-en-antioquia-comunidad-saco-a-80-militares-de-briceno-por-orden-de-disidencias-farc-AJ23080404,0.9943199925489007,0.3787439117341478,391,0.1214574898785425
rechazo_proyecto,V03,Antioquia,0.9877988255151993,https://www.elcolombiano.com/antioquia/comunidad-de-caceres-esta-confinada-por-combates-entre-eln-y-el-clan-del-golfo-OE22265308,0.9822466546053057,0.3787439117341478,442,0.04048582995951417
rechazo_proyecto,V04,Antioquia,0.8326641189301455,https://www.elcolombiano.com/colombia/ivan-mordisco-quiere-formar-guardias-campesinas-en-antioquia-y-otros-departamentos-GE23144103,0.057067672832583405,0.3787439117341478,48,0.0
rechazo_proyecto,V05,Antioquia,0.8215144082307819,https://www.elcolombiano.com/antioquia/bloqueos-en-la-via-medellin-llanos-de-cuiva-ruta-2510-para-pedir-desmonte-del-peaje-el-trapiche-FA22445514,0.1062321551421812,0.33721803798037087,144,0.0
rechazo_proyecto,V06,Antioquia,0.947128896279951,https://www.elcolombiano.com/medellin/elecciones-2023-entrevista-con-mauricio-tobon-candidato-a-la-gobernacion-de-antioquia-OJ20929430,0.9694220436541512,0.3787439117341478,284,0.02631578947368421
rechazo_proyecto,V07,Antioquia,0.9850789357379055,https://www.elcolombiano.com/antioquia/posible-nueva-ola-de-migrantes-preocupa-a-las-autoridades-en-antioquia-FM19736056,0.9532115488926528,0.3787439117341478,407,0.004048582995951417
rechazo_proyecto,V08,Antioquia,0.983892476823753,https://www.elcolombiano.com/antioquia/nueva-asonada-en-antioquia-comunidad-saco-a-80-militares-de-briceno-por-orden-de-disidencias-farc-AJ23080404,0.9823907055041193,0.3562102634438502,99,0.032388663967611336
rechazo_proyecto,V09,Antioquia,0.9877988255151993,https://www.elcolombiano.com/antioquia/comunidad-de-caceres-esta-confinada-por-combates-entre-eln-y-el-clan-del-golfo-OE22265308,0.9822466546053057,0.3562102634438502,132,0.018218623481781375
rechazo_proyecto,V10,Antioquia,0.8215144082307819,https://www.elcolombiano.com/antioquia/bloqueos-en-la-via-medellin-llanos-de-cuiva-ruta-2510-para-pedir-desmonte-del-peaje-el-trapiche-FA22445514,0.0,0.191215446858352,53,0.0
rechazo_proyecto,V11,Antioquia,0.9850789357379055,https://www.elcolombiano.com/antioquia/posible-nueva-ola-de-migrantes-preocupa-a-las-autoridades-en-antioquia-FM19736056,0.9532115488926528,0.3562102634438502,121,0.004048582995951417
rechazo_proyecto,V12,Antioquia,0.7580026059462515,https://www.elcolombiano.com/antioquia/bloqueos-en-la-via-medellin-llanos-de-cuiva-ruta-2510-para-pedir-desmonte-del-peaje-el-trapiche-FA22445514,0.06876212110087376,0.07188355995196183,47,0.0
desplazamiento_forzado,V01,Antioquia,0.9899914576368153,https://www.elcolombiano.com/antioquia/nueva-asonada-en-antioquia-comunidad-saco-a-80-militares-de-briceno-por-orden-de-disidencias-farc-AJ23080404,0.9847758391700738,0.3787439117341478,171,0.016194331983805668
desplazamiento_forzado,V02,Antioquia,0.9963019505293165,https://www.elcolombiano.com/antioquia/nueva-asonada-en-antioquia-comunidad-saco-a-80-militares-de-briceno-por-orden-de-disidencias-farc-AJ23080404,0.9939850130166257,0.3787439117341478,363,0.038461538461538464
desplazamiento_forzado,V03,Antioquia,0.9824141733940986,https://www.elcolombiano.com/antioquia/nueva-asonada-en-antioquia-comunidad-saco-a-80-militares-de-briceno-por-orden-de-disidencias-farc-AJ23080404,0.6933284283277306,0.3787439117341478,62,0.0
desplazamiento_forzado,V04,Antioquia,0.9824141733940986,https://www.elcolombiano.com/antioquia/nueva-asonada-en-antioquia-comunidad-saco-a-80-militares-de-briceno-por-orden-de-disidencias-farc-AJ23080404,0.6933284283277306,0.3787439117341478,49,0.0
desplazamiento_forzado,V05,Antioquia,0.9904668690313465,https://www.elcolombiano.com/antioquia/nueva-asonada-en-antioquia-comunidad-saco-a-80-militares-de-briceno-por-orden-de-disidencias-farc-AJ23080404,0.7543615514179709,0.3787439117341478,135,0.0
desplazamiento_forzado,V06,Antioquia,0.44375372252061984,https://www.elcolombiano.com/opinion/columnistas/lea-lupa-para-la-educacion-de-antioquia-PF21538513,0.3688743049712755,0.3562102634438502,17,0.0
desplazamiento_forzado,V07,Antioquia,0.4364935647939987,https://www.elcolombiano.com/antioquia/homenaje-a-las-voceadoras-de-el-colombiano-en-el-dia-internacional-de-la-mujer-FF20703688,0.36203261318009794,0.3562102634438502,2,0.0
desplazamiento_forzado,V08,Antioquia,0.9899914576368153,https://www.elcolombiano.com/antioquia/nueva-asonada-en-antioquia-comunidad-saco-a-80-militares-de-briceno-por-orden-de-disidencias-farc-AJ23080404,0.9847758391700738,0.2061588325335375,24,0.008097165991902834
desplazamiento_forzado,V09,Antioquia,0.9824141733940986,https://www.elcolombiano.com/antioquia/nueva-asonada-en-antioquia-comunidad-saco-a-80-militares-de-briceno-por-orden-de-disidencias-farc-AJ23080404,0.6933284283277306,0.2061588325335375,12,0.0
desplazamiento_forzado,V10,Antioquia,0.9904668690313465,https://www.elcolombiano.com/antioquia/nueva-asonada-en-antioquia-comunidad-saco-a-80-militares-de-briceno-por-orden-de-disidencias-farc-AJ23080404,0.7543615514179709,0.2061588325335375,17,0.0
desplazamiento_forzado,V11,Antioquia,0.0,https://www.elcolombiano.com/antioquia/220-anos-de-la-universidad-de-antioquia-DE22624513,0.0,0.0,0,0.0
desplazamiento_forzado,V12,Antioquia,0.43396046537966804,https://www.elcolombiano.com/antioquia/dos-soldados-y-un-miembro-de-disidencias-muertos-en-combate-cerca-de-hidroituango-eno-el-norte-de-antioquia-GP21957760,0.41817639152941144,0.3562102634438502,4,0.0
conflicto_territorial,V01,Antioquia,0.9959665171044754,https://www.elcolombiano.com/antioquia/nueva-asonada-en-antioquia-comunidad-saco-a-80-militares-de-briceno-por-orden-de-disidencias-farc-AJ23080404,0.9498162398266152,0.3787439117341478,353,0.024291497975708502
conflicto_territorial,V02,Antioquia,0.9963569688168141,https://www.elcolombiano.com/antioquia/nueva-asonada-en-antioquia-comunidad-saco-a-80-militares-de-briceno-por-orden-de-disidencias-farc-AJ23080404,0.9951957973800303,0.3787439117341478,475,0.19230769230769232
conflicto_territorial,V03,Antioquia,0.9911791986545084,https://www.elcolombiano.com/medellin/riesgo-electoral-en-medellin-es-extremo-alerta-la-mision-de-observacion-electoral-moe-FA22660137,0.6858571338901773,0.3787439117341478,214,0.0
conflicto_territorial,V04,Antioquia,0.9891508599801793,https://www.elcolombiano.com/antioquia/presencia-grupo-armados-ilegales-en-colegios-de-antioquia-FD20322610,0.6725096671685189,0.3787439117341478,206,0.0
conflicto_territorial,V05,Antioquia,0.9925605500486824,https://www.elcolombiano.com/antioquia/nueva-asonada-en-antioquia-comunidad-saco-a-80-militares-de-briceno-por-orden-de-disidencias-farc-AJ23080404,0.8878508164600084,0.33721803798037087,196,0.006072874493927126
conflicto_territorial,V06,Antioquia,0.9810778612883575,https://www.elcolombiano.com/antioquia/por-que-el-municipio-de-argelia-cambiara-su-nombre-luego-de-63-anos-BP21956676,0.87716776071743,0.3686125576604127,101,0.0020242914979757085
conflicto_territorial,V07,Antioquia,0.7531593594483457,https://www.elcolombiano.com/antioquia/ipc-entrega-casos-documentados-de-desaparicion-forzada-en-antioquia-LH23178366,0.0,0.3686125576604127,45,0.0
conflicto_territorial,V08,Antioquia,0.9959665171044754,https://www.elcolombiano.com/antioquia/nueva-asonada-en-antioquia-comunidad-saco-a-80-militares-de-briceno-por-orden-de-disidencias-farc-AJ23080404,0.9115633272649695,0.11350270804455675,35,0.006072874493927126
conflicto_territorial,V09,Antioquia,0.9911791986545084,https://www.elcolombiano.com/medellin/riesgo-electoral-en-medellin-es-extremo-alerta-la-mision-de-observacion-electoral-moe-FA22660137,0.6858571338901773,0.11350270804455675,35,0.0
conflicto_territorial,V10,Antioquia,0.9925605500486824,https://www.elcolombiano.com/antioquia/nueva-asonada-en-antioquia-comunidad-saco-a-80-militares-de-briceno-por-orden-de-disidencias-farc-AJ23080404,0.7634904304597923,0.11350270804455675,37,0.0
conflicto_territorial,V11,Antioquia,0.3298038055239516,https://www.elcolombiano.com/antioquia/jep-ordena-medidas-cautelares-cementerios-mutata-y-carepa-AD21993672,0.0,0.0,8,0.0
conflicto_territorial,V12,Antioquia,0.8878508164600084,https://www.elcolombiano.com/negocios/antioquia-es-el-departamento-que-mas-obras-por-impuestos-se-lleva-FE22264067,0.8878508164600084,0.18244251530987388,38,0.0020242914979757085
presencia_grupos_armados,V01,Antioquia,0.9954366686534917,https://www.elcolombiano.com/antioquia/nueva-asonada-en-antioquia-comunidad-saco-a-80-militares-de-briceno-por-orden-de-disidencias-farc-AJ23080404,0.6688233374457426,0.3787439117341478,297,0.0
presencia_grupos_armados,V02,Antioquia,0.9939393589340926,https://www.elcolombiano.com/antioquia/nueva-asonada-en-antioquia-comunidad-saco-a-80-militares-de-briceno-por-orden-de-disidencias-farc-AJ23080404,0.7478944784585646,0.3787439117341478,267,0.0
presencia_grupos_armados,V03,Antioquia,0.9660922705389875,https://www.elcolombiano.com/antioquia/disidencias-frente-36-imponen-manual-convivencia-en-municipios-norte-bajo-cauca-nordeste-antioquia-MD22211269,0.7943350925258499,0.3787439117341478,246,0.0020242914979757085
presencia_grupos_armados,V04,Antioquia,0.9247190624647837,https://www.elcolombiano.com/inicio/cese-al-fuego-eln-gobierno-comunidades-regiones-esperan-paz-total-LH22078542,0.6669707563111826,0.3787439117341478,147,0.0
presencia_grupos_armados,V05,Antioquia,0.9954366686534917,https://www.elcolombiano.com/antioquia/nueva-asonada-en-antioquia-comunidad-saco-a-80-militares-de-briceno-por-orden-de-disidencias-farc-AJ23080404,0.6114942321061982,0.33721803798037087,199,0.0
presencia_grupos_armados,V06,Antioquia,0.9439103449821233,https://www.elcolombiano.com/antioquia/antioquia-pide-garantias-para-cese-al-fuego-biletaral-entre-gobierno-colombia-y-eln-CK21905160,0.6688233374457426,0.3787439117341478,217,0.0
presencia_grupos_armados,V07,Antioquia,0.9039627282872957,https://www.elcolombiano.com/antioquia/conflicto-armado-amenaza-elecciones-regionales-2023-en-el-norte-de-antioquia-LO22687194,0.7943350925258499,0.3787439117341478,119,0.0020242914979757085
presencia_grupos_armados,V08,Antioquia,0.9954366686534917,https://www.elcolombiano.com/antioquia/nueva-asonada-en-antioquia-comunidad-saco-a-80-militares-de-briceno-por-orden-de-disidencias-farc-AJ23080404,0.6114942321061982,0.33721803798037087,83,0.0
presencia_grupos_armados,V09,Antioquia,0.9660922705389875,https://www.elcolombiano.com/antioquia/disidencias-frente-36-imponen-manual-convivencia-en-municipios-norte-bajo-cauca-nordeste-antioquia-MD22211269,0.5045055590815224,0.33721803798037087,81,0.0
presencia_grupos_armados,V10,Antioquia,0.9954366686534917,https://www.elcolombiano.com/antioquia/nueva-asonada-en-antioquia-comunidad-saco-a-80-militares-de-briceno-por-orden-de-disidencias-farc-AJ23080404,0.6114942321061982,0.33721803798037087,80,0.0
presencia_grupos_armados,V11,Antioquia,0.9039627282872957,https://www.elcolombiano.com/antioquia/conflicto-armado-amenaza-elecciones-regionales-2023-en-el-norte-de-antioquia-LO22687194,0.1939811636187887,0.020154232155387364,43,0.0
presencia_grupos_armados,V12,Antioquia,0.9387554319127742,https://www.elcolombiano.com/antioquia/uraba-bajo-cauca-paz-total-petro-clan-golfo-LB21023888,0.525678295267066,0.11244693816519558,126,0.0
exclusion_beneficios_economicos,V01,Maicao,0.9960558939566545,https://laguajirahoy.com/judiciales/unidad-de-busqueda-recupera-25-cuerpos-en-cementerio-de-riohacha.html,0.9943331222939152,0.5704935766984066,997,0.11989100817438691
exclusion_beneficios_economicos,V02,Maicao,0.9821013187028483,https://diariodelnorte.net/laguajira/jarlen-garrido-advierte-sobre-crisis-migratoria-en-maicao-tras-ausencia-de-la-cancilleria-en-foro-internacional/,0.9856717913677648,0.5704935766984066,430,0.02815622161671208
exclusion_beneficios_economicos,V03,Maicao,0.9941852240843894,https://diariodelnorte.net/judiciales/levantan-bloqueos-en-las-salidas-de-maicao-hacia-albania-y-riohacha-tras-acuerdos-con-campesinos/,0.9770544299232662,0.5704935766984066,785,0.018165304268846504
exclusion_beneficios_economicos,V04,Maicao,0.9662622603201254,https://www.eltiempo.com/vida/educacion/medio-millon-de-ninos-se-quedarian-sin-alimentacion-escolar-gobierno-nacional-y-alcaldias-y-gobernaciones-se-responsabilizan-mutuamente-3485785,0.7311874486435346,0.5704935766984066,195,0.0
exclusion_beneficios_economicos,V05,Maicao,0.9849843464338757,https://www.eltiempo.com/vida/educacion/medio-millon-de-ninos-se-quedarian-sin-alimentacion-escolar-gobierno-nacional-y-alcaldias-y-gobernaciones-se-responsabilizan-mutuamente-3485785,0.7534340349673958,0.5704935766984066,476,0.0
exclusion_beneficios_economicos,V06,Maicao,0.9809531907589981,https://diariodelnorte.net/judiciales/operativos-de-control-dejan-dos-capturados-por-presunto-trafico-de-estupefacientes-en-riohacha-y-maicao/,0.9548408824257605,0.24487445335511548,526,0.008174386920980926
exclusion_beneficios_economicos,V07,Maicao,0.8604907724196611,https://www.eltiempo.com/salud/liquidar-eps-podria-provocar-una-crisis-sin-precedentes-y-pondria-en-riesgo-a-millones-de-pacientes-advierten-exministros-y-actores-del-sector-salud-3526372,0.6990268506343396,0.24487445335511548,166,0.0
exclusion_beneficios_economicos,V08,Maicao,0.960766616545833,https://laguajirahoy.com/nacion/gobierno-entrega-5-400-millones-y-avanza-en-reparacion-a-victimas-en-la-guajira.html,0.9288778695096107,0.29868443290066615,24,0.0027247956403269754
exclusion_beneficios_economicos,V09,Maicao,0.858041631853018,https://diariodelnorte.net/editorial/nuevo-ataque-contra-cerrejon/,0.6450714748354175,0.29868443290066615,24,0.0
exclusion_beneficios_economicos,V10,Maicao,0.8515211041279199,https://diariodelnorte.net/editorial/nuevo-ataque-contra-cerrejon/,0.6636637306387456,0.27723804369518223,21,0.0
exclusion_beneficios_economicos,V11,Maicao,0.08895836369778476,https://diariodelnorte.net/opinion/oportunistas-silenciosmatando-el-grillo-para-sacarle-el-pito/,0.07683703309748635,0.0,7,0.0
exclusion_beneficios_economicos,V12,Maicao,0.5403034222035208,https://diariodelnorte.net/laguajira/fuerzas-militares-mantienen-presencia-y-acompanamiento-a-la-poblacion-en-la-guajira/,0.4049745230984838,0.008400863333482,50,0.0
rechazo_proyecto,V01,Maicao,0.9961953824523022,https://diariodelnorte.net/judiciales/comunidad-bloquea-la-via-maicao-paradero-por-falta-de-agua-potable-y-servicio-electrico/,0.9930437486776162,0.5704935766984066,446,0.03905540417801998
rechazo_proyecto,V02,Maicao,0.9964649957297146,https://diariodelnorte.net/judiciales/comunidad-bloquea-la-via-maicao-paradero-por-falta-de-agua-potable-y-servicio-electrico/,0.9952345647284547,0.5704935766984066,559,0.0681198910081744
rechazo_proyecto,V03,Maicao,0.9964293432404242,https://diariodelnorte.net/judiciales/comunidad-bloquea-la-via-maicao-paradero-por-falta-de-agua-potable-y-servicio-electrico/,0.98306654360205,0.5704935766984066,812,0.01634877384196185
rechazo_proyecto,V04,Maicao,0.9252086965302714,https://diariodelnorte.net/judiciales/habitantes-de-comunidad-indigena-bloquean-la-via-maicao-riohacha-para-exigir-reconocimiento/,0.2856387300598424,0.5704935766984066,25,0.0
rechazo_proyecto,V05,Maicao,0.9851092110710505,https://diariodelnorte.net/judiciales/comunidad-bloquea-la-via-maicao-paradero-por-falta-de-agua-potable-y-servicio-electrico/,0.316441434101864,0.4925330449891945,207,0.0
rechazo_proyecto,V06,Maicao,0.9846421933143381,https://laguajirahoy.com/judiciales/abogado-ira-a-la-carcel-mientras-investigan-muerte-de-mototaxista-en-fonseca.html,0.9789842947100676,0.47476364741431265,363,0.015440508628519528
rechazo_proyecto,V07,Maicao,0.9863711502869472,https://laguajirahoy.com/judiciales/se-reabre-frontera-y-se-normaliza-paso-por-paraguachon-en-la-guajira.html,0.9679297112954157,0.47476364741431265,739,0.007266121707538601
rechazo_proyecto,V08,Maicao,0.9534552859992366,https://diariodelnorte.net/judiciales/restablecen-movilidad-en-alto-pino-tras-bloqueo-comunidades-exigen-dialogo-con-icbf-y-gobernacion/,0.9508880237045716,0.47476364741431265,117,0.007266121707538601
rechazo_proyecto,V09,Maicao,0.9863730613490792,https://laguajirahoy.com/judiciales/se-reabre-frontera-y-se-normaliza-paso-por-paraguachon-en-la-guajira.html,0.9755905976169699,0.47476364741431265,176,0.004541326067211626
rechazo_proyecto,V10,Maicao,0.8212058168443443,https://laguajirahoy.com/politica/senador-guajiro-pide-soluciones-para-la-salud-en-alta-guajira.html,0.316441434101864,0.3232374242049787,63,0.0
rechazo_proyecto,V11,Maicao,0.9863711502869472,https://laguajirahoy.com/judiciales/se-reabre-frontera-y-se-normaliza-paso-por-paraguachon-en-la-guajira.html,0.9679297112954157,0.47476364741431265,147,0.0036330608537693005
rechazo_proyecto,V12,Maicao,0.8741096179742515,https://laguajirahoy.com/judiciales/bloqueo-en-via-riohacha-maicao-fue-levantado-tras-dialogo.html,0.2414850472800918,0.30332518163576516,115,0.0
desplazamiento_forzado,V01,Maicao,0.9848034305348211,https://diariodelnorte.net/judiciales/ediles-de-paraguachon-denuncian-amenazas-tras-recibir-video-intimidante/,0.9607939704348637,0.5704935766984066,317,0.019981834695731154
desplazamiento_forzado,V02,Maicao,0.9962218967073087,https://diariodelnorte.net/judiciales/ediles-de-paraguachon-denuncian-amenazas-tras-recibir-video-intimidante/,0.9815900044172354,0.5704935766984066,599,0.018165304268846504
desplazamiento_forzado,V03,Maicao,0.9096407041481493,https://laguajirahoy.com/judiciales/siete-muertes-enlutan-a-la-guajira-en-2026-cinco-de-las-victimas-son-mujeres.html,0.7918878031065018,0.5704935766984066,110,0.0009082652134423251
desplazamiento_forzado,V04,Maicao,0.9096407041481493,https://laguajirahoy.com/judiciales/siete-muertes-enlutan-a-la-guajira-en-2026-cinco-de-las-victimas-son-mujeres.html,0.7918878031065018,0.5704935766984066,83,0.0009082652134423251
desplazamiento_forzado,V05,Maicao,0.9763665267429994,https://www.eltiempo.com/colombia/otras-ciudades/el-bendito-menor-estaria-detras-de-la-masacre-de-cinco-personas-en-maicao-anuncio-limpieza-social-en-video-de-hombres-armados-3523393,0.5735828978300372,0.5704935766984066,175,0.0
desplazamiento_forzado,V06,Maicao,0.7375445738053008,https://diariodelnorte.net/judiciales/tras-semanas-de-busqueda-encuentran-restos-que-pertenecerian-a-hombre-desaparecido/,0.8713182230631075,0.4462292067423991,41,0.0009082652134423251
desplazamiento_forzado,V07,Maicao,0.13503626401398883,https://laguajirahoy.com/riohacha/riohacha-moderniza-apoyo-investigativo-con-tecnologia-para-la-fiscalia.html,0.7085964191614775,0.4462292067423991,9,0.0
desplazamiento_forzado,V08,Maicao,0.9830825904627406,https://laguajirahoy.com/judiciales/ofrecen-hasta-100-millones-para-lograr-liberacion-de-angie-argaez.html,0.9607939704348637,0.4355390694683985,60,0.007266121707538601
desplazamiento_forzado,V09,Maicao,0.9096407041481493,https://laguajirahoy.com/judiciales/siete-muertes-enlutan-a-la-guajira-en-2026-cinco-de-las-victimas-son-mujeres.html,0.7522783276531553,0.4355390694683985,24,0.0
desplazamiento_forzado,V10,Maicao,0.9763665267429994,https://www.eltiempo.com/colombia/otras-ciudades/el-bendito-menor-estaria-detras-de-la-masacre-de-cinco-personas-en-maicao-anuncio-limpieza-social-en-video-de-hombres-armados-3523393,0.5564311220916238,0.4355390694683985,43,0.0
desplazamiento_forzado,V11,Maicao,0.10263706131415073,https://laguajirahoy.com/nacion/gobierno-del-cambio-entrega-obras-educativas-y-comunitarias-en-la-guajira.html,0.08188621968699472,0.03885970283309248,2,0.0
desplazamiento_forzado,V12,Maicao,0.0028379856549212157,https://diariodelnorte.net/judiciales/identifican-a-hombre-wayuu-asesinado-de-dos-impactos-de-bala-en-la-carretera-maicao-cuatro-vias/,0.0,0.36293996686286045,4,0.0
conflicto_territorial,V01,Maicao,0.9944378424292981,https://diariodelnorte.net/judiciales/comunidad-bloquea-la-via-maicao-paradero-por-falta-de-agua-potable-y-servicio-electrico/,0.9859085963991535,0.5704935766984066,560,0.014532243415077202
conflicto_territorial,V02,Maicao,0.9962358270727287,https://diariodelnorte.net/judiciales/comunidad-bloquea-la-via-maicao-paradero-por-falta-de-agua-potable-y-servicio-electrico/,0.9933855606729006,0.5704935766984066,1006,0.08628519527702089
conflicto_territorial,V03,Maicao,0.9840733078663957,https://diariodelnorte.net/laguajira/homicidios-en-la-guajira-estarian-ligados-a-disputas-entre-estructuras-criminales-segun-secretario-de-gobierno/,0.8939916795957923,0.5704935766984066,200,0.0009082652134423251
conflicto_territorial,V04,Maicao,0.9839119901031588,https://www.eltiempo.com/colombia/otras-ciudades/el-bendito-menor-estaria-detras-de-la-masacre-de-cinco-personas-en-maicao-anuncio-limpieza-social-en-video-de-hombres-armados-3523393,0.6733777259940199,0.5704935766984066,193,0.0
conflicto_territorial,V05,Maicao,0.9836366386119533,https://www.eltiempo.com/colombia/otras-ciudades/el-bendito-menor-estaria-detras-de-la-masacre-de-cinco-personas-en-maicao-anuncio-limpieza-social-en-video-de-hombres-armados-3523393,0.8589805384339104,0.4469630721394333,253,0.0009082652134423251
conflicto_territorial,V06,Maicao,0.9828274932914558,https://www.eltiempo.com/salud/polemica-por-millonaria-inversion-de-minsalud-entregaron-dos-lanchas-ambulancia-a-maicao-un-municipio-sin-mar-ni-rio-ubicado-en-pleno-desierto-3526037,0.7782646658318575,0.5704935766984066,161,0.0009082652134423251
conflicto_territorial,V07,Maicao,0.8009220336310564,https://diariodelnorte.net/laguajira/maicao-conmemorara-el-7-de-agosto-con-desfile-civico-y-multicultural-en-honor-a-la-batalla-de-boyaca/,0.23141514040047895,0.5704935766984066,38,0.0
conflicto_territorial,V08,Maicao,0.9836435125552299,https://www.eltiempo.com/colombia/otras-ciudades/el-bendito-menor-estaria-detras-de-la-masacre-de-cinco-personas-en-maicao-anuncio-limpieza-social-en-video-de-hombres-armados-3523393,0.7147494111856083,0.15196942734774588,43,0.0
conflicto_territorial,V09,Maicao,0.9839119901031588,https://www.eltiempo.com/colombia/otras-ciudades/el-bendito-menor-estaria-detras-de-la-masacre-de-cinco-personas-en-maicao-anuncio-limpieza-social-en-video-de-hombres-armados-3523393,0.8939916795957923,0.15196942734774588,29,0.0009082652134423251
conflicto_territorial,V10,Maicao,0.9836366386119533,https://www.eltiempo.com/colombia/otras-ciudades/el-bendito-menor-estaria-detras-de-la-masacre-de-cinco-personas-en-maicao-anuncio-limpieza-social-en-video-de-hombres-armados-3523393,0.3460282225949456,0.15196942734774588,35,0.0
conflicto_territorial,V11,Maicao,0.4408508548979897,https://www.eltiempo.com/colombia/otras-ciudades/asi-se-reconfigura-el-nuevo-mapa-de-la-violencia-en-la-sierra-nevada-280-muertos-en-magdalena-la-guajira-y-cesar-en-primer-trimestre-de-3545748,0.0,0.10598156606766906,9,0.0
conflicto_territorial,V12,Maicao,0.9507127604342916,https://laguajirahoy.com/judiciales/unidad-de-busqueda-recupera-25-cuerpos-en-cementerio-de-riohacha.html,0.1582653501367532,0.29471889787903116,44,0.0
presencia_grupos_armados,V01,Maicao,0.9848465994099806,https://laguajirahoy.com/maicao/maicao-fortalece-su-seguridad-con-inteligencia-y-presencia-especializada-contra-el-crimen.html,0.6884168389686904,0.5704935766984066,711,0.0
presencia_grupos_armados,V02,Maicao,0.983761904230226,https://www.eltiempo.com/colombia/otras-ciudades/el-bendito-menor-estaria-detras-de-la-masacre-de-cinco-personas-en-maicao-anuncio-limpieza-social-en-video-de-hombres-armados-3523393,0.9037873531641234,0.5704935766984066,532,0.0027247956403269754
presencia_grupos_armados,V03,Maicao,0.9549625537001288,https://www.eltiempo.com/salud/ataques-contra-misiones-medicas-en-conflictos-armados-alcanzan-niveles-record-en-todo-el-mundo-en-colombia-se-usan-ambulancias-como-escudo-3526307,0.7050168102814223,0.5704935766984066,577,0.0
presencia_grupos_armados,V04,Maicao,0.9246027935002958,https://laguajirahoy.com/judiciales/la-guajira-busca-seguridad-y-apoyo-a-comunidades-tras-consejo-de-seguridad.html,0.615504809887657,0.5704935766984066,379,0.0
presencia_grupos_armados,V05,Maicao,0.977540743843038,https://diariodelnorte.net/editorial/todos-contra-la-violencia/,0.5219016488319368,0.3074918960544375,259,0.0
presencia_grupos_armados,V06,Maicao,0.9753098062617833,https://diariodelnorte.net/laguajira/fuerzas-militares-mantienen-presencia-y-acompanamiento-a-la-poblacion-en-la-guajira/,0.6884168389686904,0.5704935766984066,499,0.0
presencia_grupos_armados,V07,Maicao,0.9050030634576993,https://diariodelnorte.net/judiciales/refuerzan-patrullajes-en-maicao-con-presencia-conjunta-de-ejercito-y-policia/,0.686456731285449,0.5704935766984066,276,0.0
presencia_grupos_armados,V08,Maicao,0.9821225483889389,https://laguajirahoy.com/judiciales/autoridades-redoblan-acciones-para-esclarecer-masacre-en-maicao-que-dejo-cinco-victimas-mortales.html,0.45598992157695273,0.2656697897522253,74,0.0
presencia_grupos_armados,V09,Maicao,0.9296556068912356,https://www.eltiempo.com/justicia/conflicto-y-narcotrafico/ataque-del-eln-a-la-subestacion-de-policia-de-cuatro-vias-en-el-municipio-de-maicao-tras-anuncio-de-paro-armado-en-colombia-no-hay-reporte-de-heridos-3516887,0.49536028659905923,0.2656697897522253,65,0.0
presencia_grupos_armados,V10,Maicao,0.9765179953030219,https://www.eltiempo.com/justicia/conflicto-y-narcotrafico/acciones-armadas-y-afectaciones-del-eln-se-registran-en-seis-departamentos-este-es-el-balance-3517116,0.41405667576720795,0.2656697897522253,69,0.0
presencia_grupos_armados,V11,Maicao,0.8106535513395556,https://www.eltiempo.com/justicia/paz-y-derechos-humanos/atentados-confinamientos-y-homicidios-el-balance-de-la-defensoria-sobre-los-paros-armados-del-eln-y-mordisco-3516965,0.0,0.0,24,0.0
presencia_grupos_armados,V12,Maicao,0.961648385059919,https://www.eltiempo.com/justicia/conflicto-y-narcotrafico/acciones-armadas-y-afectaciones-del-eln-se-registran-en-seis-departamentos-este-es-el-balance-3517116,0.5219016488319368,0.11168029103470034,118,0.0
exclusion_beneficios_economicos,V01,Oicata,0.9887204645183667,https://boyaca7dias.com.co/2025/11/13/la-unidad-de-busqueda-de-personas-recupero-diez-cuerpos-en-el-cementerio-de-oicata/,0.9001515954085778,0.4278815261795308,31,0.0625
exclusion_beneficios_economicos,V02,Oicata,0.890205620837844,https://boyaca7dias.com.co/2026/06/05/peaje-gratis-anoche-en-la-caseta-de-tuta-tolditos7dias/,0.8850069149198134,0.4278815261795308,12,0.03125
exclusion_beneficios_economicos,V03,Oicata,0.9629973142960282,https://boyaca7dias.com.co/2026/04/09/bloqueos-en-boyaca-este-jueves-por-paro-nacional-en-rechazo-al-aumento-del-impuesto-predial-estos-son-los-puntos-confirmados/,0.7256659402494061,0.4278815261795308,21,0.0
exclusion_beneficios_economicos,V04,Oicata,0.8641789576371963,https://boyaca7dias.com.co/2026/06/05/peaje-gratis-anoche-en-la-caseta-de-tuta-tolditos7dias/,0.06349570295020435,0.4278815261795308,9,0.0
exclusion_beneficios_economicos,V05,Oicata,0.9448807349827519,https://boyaca7dias.com.co/2026/04/09/bloqueos-en-boyaca-este-jueves-por-paro-nacional-en-rechazo-al-aumento-del-impuesto-predial-estos-son-los-puntos-confirmados/,0.6528523303418687,0.06872905536801,15,0.0
exclusion_beneficios_economicos,V06,Oicata,0.9500345565989561,https://boyaca7dias.com.co/2026/06/06/estos-fueron-los-compromisos-acordados-tras-las-protestas-en-el-peaje-de-tuta/,0.7522371322212092,0.09327951407528878,21,0.0
exclusion_beneficios_economicos,V07,Oicata,0.8604522609295819,https://boyaca7dias.com.co/2026/04/09/bloqueos-en-boyaca-este-jueves-por-paro-nacional-en-rechazo-al-aumento-del-impuesto-predial-estos-son-los-puntos-confirmados/,0.4668741115509314,0.09327951407528878,9,0.0
exclusion_beneficios_economicos,V08,Oicata,0.005096331375667416,https://boyaca7dias.com.co/2026/05/29/comunidad-protesta-en-el-peaje-de-tuta-y-exige-tarifa-cero-para-habitantes-de-cuatro-municipios/,0.0,0.002262191498417346,1,0.0
exclusion_beneficios_economicos,V09,Oicata,0.0,https://boyaca7dias.com.co/2025/08/05/paros-en-boyaca-bloqueos-ley-seca-y-represamiento-de-alimentos-marcaron-el-primer-dia-de-la-jornada/,0.0,0.002262191498417346,0,0.0
exclusion_beneficios_economicos,V10,Oicata,0.0030132880404637186,https://boyaca7dias.com.co/2026/05/29/comunidad-protesta-en-el-peaje-de-tuta-y-exige-tarifa-cero-para-habitantes-de-cuatro-municipios/,0.0,0.002262191498417346,1,0.0
exclusion_beneficios_economicos,V11,Oicata,0.0,https://boyaca7dias.com.co/2025/08/05/paros-en-boyaca-bloqueos-ley-seca-y-represamiento-de-alimentos-marcaron-el-primer-dia-de-la-jornada/,0.0,0.0,0,0.0
exclusion_beneficios_economicos,V12,Oicata,0.8423356816163057,https://boyaca7dias.com.co/2026/04/09/bloqueos-en-boyaca-este-jueves-por-paro-nacional-en-rechazo-al-aumento-del-impuesto-predial-estos-son-los-puntos-confirmados/,0.3946625797169009,0.008450356957681038,4,0.0
rechazo_proyecto,V01,Oicata,0.979200032680069,https://boyaca7dias.com.co/2026/06/06/estos-fueron-los-compromisos-acordados-tras-las-protestas-en-el-peaje-de-tuta/,0.9696554881164625,0.4278815261795308,13,0.0625
rechazo_proyecto,V02,Oicata,0.9942359785431713,https://boyaca7dias.com.co/2026/06/06/estos-fueron-los-compromisos-acordados-tras-las-protestas-en-el-peaje-de-tuta/,0.9790077478990106,0.4278815261795308,16,0.09375
rechazo_proyecto,V03,Oicata,0.9759675766787155,https://boyaca7dias.com.co/2026/04/09/bloqueos-en-boyaca-este-jueves-por-paro-nacional-en-rechazo-al-aumento-del-impuesto-predial-estos-son-los-puntos-confirmados/,0.6542146179504975,0.4278815261795308,22,0.0
rechazo_proyecto,V04,Oicata,0.07265795065512196,https://boyaca7dias.com.co/2026/06/06/estos-fueron-los-compromisos-acordados-tras-las-protestas-en-el-peaje-de-tuta/,0.0,0.4278815261795308,1,0.0
rechazo_proyecto,V05,Oicata,0.45087141399078323,https://boyaca7dias.com.co/2026/08/04/desde-la-medianoche-de-hoy-se-restablecera-el-cobro-en-el-peaje-de-tuta/,0.0,0.022532255724502903,8,0.0
rechazo_proyecto,V06,Oicata,0.9788624266971074,https://boyaca7dias.com.co/2026/06/06/estos-fueron-los-compromisos-acordados-tras-las-protestas-en-el-peaje-de-tuta/,0.9696554881164625,0.31875870935383466,13,0.03125
rechazo_proyecto,V07,Oicata,0.9759675766787155,https://boyaca7dias.com.co/2026/04/09/bloqueos-en-boyaca-este-jueves-por-paro-nacional-en-rechazo-al-aumento-del-impuesto-predial-estos-son-los-puntos-confirmados/,0.37485313161323264,0.31875870935383466,20,0.0
rechazo_proyecto,V08,Oicata,0.979200032680069,https://boyaca7dias.com.co/2026/06/06/estos-fueron-los-compromisos-acordados-tras-las-protestas-en-el-peaje-de-tuta/,0.8912560459042012,0.4278815261795308,7,0.03125
rechazo_proyecto,V09,Oicata,0.9726297502262408,https://boyaca7dias.com.co/2026/06/06/estos-fueron-los-compromisos-acordados-tras-las-protestas-en-el-peaje-de-tuta/,0.6542146179504975,0.4278815261795308,9,0.0
rechazo_proyecto,V10,Oicata,0.45087141399078323,https://boyaca7dias.com.co/2026/08/04/desde-la-medianoche-de-hoy-se-restablecera-el-cobro-en-el-peaje-de-tuta/,0.0,0.0018420038947741801,6,0.0
rechazo_proyecto,V11,Oicata,0.9722921442432791,https://boyaca7dias.com.co/2026/06/06/estos-fueron-los-compromisos-acordados-tras-las-protestas-en-el-peaje-de-tuta/,0.37485313161323264,0.31875870935383466,7,0.0
rechazo_proyecto,V12,Oicata,0.45087141399078323,https://boyaca7dias.com.co/2026/08/04/desde-la-medianoche-de-hoy-se-restablecera-el-cobro-en-el-peaje-de-tuta/,0.0,0.0011947172238433446,5,0.0
desplazamiento_forzado,V01,Oicata,0.5169579832509097,https://www.eltiempo.com/politica/elecciones-colombia-2026/nueva-encuesta-guarumo-asi-ha-sido-la-intencion-de-voto-de-paloma-valencia-paso-de-6-9-por-ciento-en-enero-a-19-9-por-ciento-en-marzo-3543646,0.700828423524894,0.4278815261795308,8,0.0
desplazamiento_forzado,V02,Oicata,0.6112965877491172,https://www.eltiempo.com/colombia/otras-ciudades/familia-y-bomberos-exigen-a-fiscalia-recapturar-al-tatuador-senalado-de-agredir-al-comandante-jairo-bolivar-sigue-en-uci-tras-brutal-golpiza-en-tunja-3572450,0.5459936438875594,0.4278815261795308,12,0.0
desplazamiento_forzado,V03,Oicata,0.5352559986951332,https://boyaca7dias.com.co/2026/08/04/capturaron-a-tres-presuntos-integrantes-de-banda-dedicada-al-hurto-de-viviendas-en-boyaca/,0.11778694571729886,0.4278815261795308,3,0.0
desplazamiento_forzado,V04,Oicata,0.5160628866310315,https://boyaca7dias.com.co/2026/08/04/capturaron-a-tres-presuntos-integrantes-de-banda-dedicada-al-hurto-de-viviendas-en-boyaca/,0.11778694571729886,0.4278815261795308,3,0.0
desplazamiento_forzado,V05,Oicata,0.10535041413892232,https://boyaca7dias.com.co/2025/12/05/unidad-de-busqueda-de-personas-dadas-por-desaparecidas-esta-hoy-en-la-terminal-de-transportes-de-tunja-ofreciendo-sus-servicios-humanitarios/,0.06624800779085582,4.167310875544117e-05,1,0.0
desplazamiento_forzado,V06,Oicata,0.21173391565396127,https://www.eltiempo.com/politica/elecciones-colombia-2026/nueva-encuesta-guarumo-asi-ha-sido-la-intencion-de-voto-de-paloma-valencia-paso-de-6-9-por-ciento-en-enero-a-19-9-por-ciento-en-marzo-3543646,0.6494389669670897,0.4278815261795308,3,0.0
desplazamiento_forzado,V07,Oicata,0.01072247234006718,https://boyaca7dias.com.co/2026/08/04/capturaron-a-tres-presuntos-integrantes-de-banda-dedicada-al-hurto-de-viviendas-en-boyaca/,0.06976789309318043,0.4278815261795308,1,0.0
desplazamiento_forzado,V08,Oicata,0.0,https://boyaca7dias.com.co/2025/08/05/paros-en-boyaca-bloqueos-ley-seca-y-represamiento-de-alimentos-marcaron-el-primer-dia-de-la-jornada/,0.0,0.0,0,0.0
desplazamiento_forzado,V09,Oicata,0.5352559986951332,https://boyaca7dias.com.co/2026/08/04/capturaron-a-tres-presuntos-integrantes-de-banda-dedicada-al-hurto-de-viviendas-en-boyaca/,0.11778694571729886,0.0,1,0.0
desplazamiento_forzado,V10,Oicata,0.0,https://boyaca7dias.com.co/2025/08/05/paros-en-boyaca-bloqueos-ley-seca-y-represamiento-de-alimentos-marcaron-el-primer-dia-de-la-jornada/,0.0,0.0,0,0.0
desplazamiento_forzado,V11,Oicata,0.01072247234006718,https://boyaca7dias.com.co/2026/08/04/capturaron-a-tres-presuntos-integrantes-de-banda-dedicada-al-hurto-de-viviendas-en-boyaca/,0.0,0.0,1,0.0
desplazamiento_forzado,V12,Oicata,0.10535041413892232,https://boyaca7dias.com.co/2025/12/05/unidad-de-busqueda-de-personas-dadas-por-desaparecidas-esta-hoy-en-la-terminal-de-transportes-de-tunja-ofreciendo-sus-servicios-humanitarios/,0.0,0.0,1,0.0
conflicto_territorial,V01,Oicata,0.8999298447037755,https://boyaca7dias.com.co/2026/06/05/peaje-gratis-anoche-en-la-caseta-de-tuta-tolditos7dias/,0.8939028022586769,0.4278815261795308,14,0.0625
conflicto_territorial,V02,Oicata,0.975199580880191,https://www.eltiempo.com/colombia/otras-ciudades/asi-fue-la-cadena-de-fallas-que-llevo-al-choque-mortal-del-camion-de-gas-en-la-via-simijaca-chiquinquira-cundinamarca-la-tragedia-pudo-ser-peor-3530470,0.9793083564447059,0.4278815261795308,28,0.21875
conflicto_territorial,V03,Oicata,0.2599444704220293,https://www.eltiempo.com/politica/elecciones-colombia-2026/asi-recibieron-los-sectores-politicos-la-mas-reciente-encuesta-de-intencion-de-voto-de-guarumo-y-ecoanalitica-para-el-tiempo-3543844,0.0,0.4278815261795308,4,0.0
conflicto_territorial,V04,Oicata,0.2599444704220293,https://www.eltiempo.com/politica/elecciones-colombia-2026/asi-recibieron-los-sectores-politicos-la-mas-reciente-encuesta-de-intencion-de-voto-de-guarumo-y-ecoanalitica-para-el-tiempo-3543844,0.0,0.4278815261795308,3,0.0
conflicto_territorial,V05,Oicata,0.02385398886835116,https://boyaca7dias.com.co/2026/08/07/de-los-dos-megaproyectos-de-petro-para-boyaca-uno-arranco-y-el-otro-se-quedo-estancado/,0.011643688336342911,4.167310875544117e-05,1,0.0
conflicto_territorial,V06,Oicata,0.11940521623015066,https://boyaca7dias.com.co/2025/12/05/unidad-de-busqueda-de-personas-dadas-por-desaparecidas-esta-hoy-en-la-terminal-de-transportes-de-tunja-ofreciendo-sus-servicios-humanitarios/,3.779350589869224e-05,0.4278815261795308,5,0.0
conflicto_territorial,V07,Oicata,0.09446846849869317,https://boyaca7dias.com.co/2025/12/05/unidad-de-busqueda-de-personas-dadas-por-desaparecidas-esta-hoy-en-la-terminal-de-transportes-de-tunja-ofreciendo-sus-servicios-humanitarios/,0.0,0.4278815261795308,2,0.0
conflicto_territorial,V08,Oicata,0.0,https://boyaca7dias.com.co/2025/08/05/paros-en-boyaca-bloqueos-ley-seca-y-represamiento-de-alimentos-marcaron-el-primer-dia-de-la-jornada/,0.0,0.0,0,0.0
conflicto_territorial,V09,Oicata,0.0,https://boyaca7dias.com.co/2025/08/05/paros-en-boyaca-bloqueos-ley-seca-y-represamiento-de-alimentos-marcaron-el-primer-dia-de-la-jornada/,0.0,0.0,0,0.0
conflicto_territorial,V10,Oicata,0.0,https://boyaca7dias.com.co/2025/08/05/paros-en-boyaca-bloqueos-ley-seca-y-represamiento-de-alimentos-marcaron-el-primer-dia-de-la-jornada/,0.0,0.0,0,0.0
conflicto_territorial,V11,Oicata,0.0,https://boyaca7dias.com.co/2025/08/05/paros-en-boyaca-bloqueos-ley-seca-y-represamiento-de-alimentos-marcaron-el-primer-dia-de-la-jornada/,0.0,0.0,0,0.0
conflicto_territorial,V12,Oicata,0.023851701705706996,https://boyaca7dias.com.co/2026/08/07/de-los-dos-megaproyectos-de-petro-para-boyaca-uno-arranco-y-el-otro-se-quedo-estancado/,0.011641401173698745,3.938594611127555e-05,1,0.0
presencia_grupos_armados,V01,Oicata,0.6521639122143046,https://boyaca7dias.com.co/2026/04/24/capturan-a-presunto-responsable-de-millonario-hurto-en-zona-rural-de-combita/,0.6490031405023639,0.4278815261795308,7,0.0
presencia_grupos_armados,V02,Oicata,0.6412467625698492,https://boyaca7dias.com.co/2026/04/24/capturan-a-presunto-responsable-de-millonario-hurto-en-zona-rural-de-combita/,0.4913490952722328,0.4278815261795308,5,0.0
presencia_grupos_armados,V03,Oicata,0.1362545165012019,https://boyaca7dias.com.co/2026/08/06/proteger-al-venado-cola-blanca-una-prioridad-para-salvaguardar-la-biodiversidad-en-boyaca/,0.5109172232238444,0.4278815261795308,7,0.0
presencia_grupos_armados,V04,Oicata,0.045083771356232205,https://boyaca7dias.com.co/2026/08/06/proteger-al-venado-cola-blanca-una-prioridad-para-salvaguardar-la-biodiversidad-en-boyaca/,0.5109172232238444,0.4278815261795308,3,0.0
presencia_grupos_armados,V05,Oicata,0.29470147975459327,https://boyaca7dias.com.co/2025/08/05/paros-en-boyaca-bloqueos-ley-seca-y-represamiento-de-alimentos-marcaron-el-primer-dia-de-la-jornada/,0.0002364718830915602,0.0018420038947741801,4,0.0
presencia_grupos_armados,V06,Oicata,0.4507715707918498,https://boyaca7dias.com.co/2025/08/05/paros-en-boyaca-bloqueos-ley-seca-y-represamiento-de-alimentos-marcaron-el-primer-dia-de-la-jornada/,0.6490031405023639,0.4278815261795308,4,0.0
presencia_grupos_armados,V07,Oicata,0.1273877026522614,https://boyaca7dias.com.co/2026/08/06/proteger-al-venado-cola-blanca-una-prioridad-para-salvaguardar-la-biodiversidad-en-boyaca/,0.5109172232238444,0.4278815261795308,3,0.0
presencia_grupos_armados,V08,Oicata,0.0,https://boyaca7dias.com.co/2025/08/05/paros-en-boyaca-bloqueos-ley-seca-y-represamiento-de-alimentos-marcaron-el-primer-dia-de-la-jornada/,0.0,0.0,0,0.0
presencia_grupos_armados,V09,Oicata,0.0,https://boyaca7dias.com.co/2025/08/05/paros-en-boyaca-bloqueos-ley-seca-y-represamiento-de-alimentos-marcaron-el-primer-dia-de-la-jornada/,0.0,0.0,0,0.0
presencia_grupos_armados,V10,Oicata,0.0,https://boyaca7dias.com.co/2025/08/05/paros-en-boyaca-bloqueos-ley-seca-y-represamiento-de-alimentos-marcaron-el-primer-dia-de-la-jornada/,0.0,0.0,0,0.0
presencia_grupos_armados,V11,Oicata,0.0,https://boyaca7dias.com.co/2025/08/05/paros-en-boyaca-bloqueos-ley-seca-y-represamiento-de-alimentos-marcaron-el-primer-dia-de-la-jornada/,0.0,0.0,0,0.0
presencia_grupos_armados,V12,Oicata,0.29470147975459327,https://boyaca7dias.com.co/2025/08/05/paros-en-boyaca-bloqueos-ley-seca-y-represamiento-de-alimentos-marcaron-el-primer-dia-de-la-jornada/,0.0,0.0018420038947741801,3,0.0
exclusion_beneficios_economicos,V01,Paraguachon,0.9938835407030947,https://www.eltiempo.com/colombia/otras-ciudades/paraguachon-frontera-cerrada-asi-se-vive-en-la-guajira-el-bloqueo-del-paso-entre-colombia-y-venezuela-tras-la-captura-de-nicolas-maduro-3521565,0.9839148125012046,0.20981268058939007,76,0.18181818181818182
exclusion_beneficios_economicos,V02,Paraguachon,0.9364556630062365,https://laguajirahoy.com/comunidad/venezolanos-en-la-guajira-viven-con-emociones-encontradas-los-recientes-sucesos-politicos-en-su-pais.html,0.7711587899341457,0.20981268058939007,38,0.012987012987012988
exclusion_beneficios_economicos,V03,Paraguachon,0.9469509525074232,https://www.eltiempo.com/mundo/europa/presidente-macron-confirma-la-liberacion-de-camilo-castro-frances-detenido-en-venezuela-desde-junio-y-anuncia-que-ya-viaja-hacia-francia-3509354,0.8671927809285958,0.20981268058939007,63,0.025974025974025976
exclusion_beneficios_economicos,V04,Paraguachon,0.7641308994402606,https://laguajirahoy.com/riohacha/huecos-en-la-calle-15-de-riohacha-ponen-en-riesgo-a-conductores-y-peatones.html,0.3331828170857225,0.20981268058939007,25,0.0
exclusion_beneficios_economicos,V05,Paraguachon,0.7271101097279352,https://www.eltiempo.com/colombia/barranquilla/barranquilla-un-avance-para-la-justicia-y-la-democracia-de-la-region-esto-dijo-el-alcalde-char-acerca-de-la-captura-de-nicolas-maduro-3521761,0.5086779872700191,0.20981268058939007,31,0.0
exclusion_beneficios_economicos,V06,Paraguachon,0.9461439359552146,https://laguajirahoy.com/judiciales/secuestro-en-la-guajira-voces-policiales-explican-causas-cifras-y-retos.html,0.8811072289811098,0.035676264412557,45,0.03896103896103896
exclusion_beneficios_economicos,V07,Paraguachon,0.3615756928124504,https://laguajirahoy.com/riohacha/cuatro-anos-despues-puentes-y-arte-publico-siguen-desaparecidos-en-riohacha.html,0.339026953937154,0.035676264412557,16,0.0
exclusion_beneficios_economicos,V08,Paraguachon,0.03394988859227808,https://laguajirahoy.com/judiciales/mercancia-ilegal-de-cigarrillos-incautada-en-la-guajira.html,0.028683103861917025,0.026871204948815702,1,0.0
exclusion_beneficios_economicos,V09,Paraguachon,0.031046702318843558,https://laguajirahoy.com/judiciales/mercancia-ilegal-de-cigarrillos-incautada-en-la-guajira.html,0.026178967633506023,0.026871204948815702,1,0.0
exclusion_beneficios_economicos,V10,Paraguachon,0.0,https://diariodelnorte.net/editorial/quienes-secuestran/,0.002478659484355772,0.026871204948815702,0,0.0
exclusion_beneficios_economicos,V11,Paraguachon,0.004120209609102823,https://laguajirahoy.com/judiciales/mercancia-ilegal-de-cigarrillos-incautada-en-la-guajira.html,0.0,0.0,1,0.0
exclusion_beneficios_economicos,V12,Paraguachon,0.12993503106623638,https://laguajirahoy.com/riohacha/cuatro-anos-despues-puentes-y-arte-publico-siguen-desaparecidos-en-riohacha.html,0.028455444222831083,0.0,2,0.0
rechazo_proyecto,V01,Paraguachon,0.989302685700569,https://laguajirahoy.com/maicao-3/tension-del-lado-venezolano-por-caso-judicial-afecta-comercio-binacional.html,0.9639260897132819,0.20981268058939007,29,0.05194805194805195
rechazo_proyecto,V02,Paraguachon,0.9945532812183889,https://diariodelnorte.net/judiciales/ediles-de-paraguachon-denuncian-amenazas-tras-recibir-video-intimidante/,0.9819540770467637,0.20981268058939007,48,0.1038961038961039
rechazo_proyecto,V03,Paraguachon,0.9931120152657201,https://laguajirahoy.com/maicao-3/tension-del-lado-venezolano-por-caso-judicial-afecta-comercio-binacional.html,0.8528835966396663,0.20981268058939007,66,0.012987012987012988
rechazo_proyecto,V04,Paraguachon,0.07535932763489228,https://www.eltiempo.com/mundo/venezuela/padrino-lopez-confirmo-el-asesinato-de-varios-miembros-del-equipo-de-seguridad-de-nicolas-maduro-tras-los-bombardeos-de-estados-unidos-3521738,0.0,0.20981268058939007,3,0.0
rechazo_proyecto,V05,Paraguachon,0.2655394325457837,https://diariodelnorte.net/judiciales/conductor-denuncia-presunta-extorsion-por-parte-de-un-agente-de-transito-en-maicao/,0.0002586104153770863,0.08751161180080125,14,0.0
rechazo_proyecto,V06,Paraguachon,0.9541150240788945,https://laguajirahoy.com/maicao-3/tension-del-lado-venezolano-por-caso-judicial-afecta-comercio-binacional.html,0.9287384280916073,0.20981268058939007,23,0.025974025974025976
rechazo_proyecto,V07,Paraguachon,0.9863711502869472,https://laguajirahoy.com/judiciales/se-reabre-frontera-y-se-normaliza-paso-por-paraguachon-en-la-guajira.html,0.8176959350179918,0.20981268058939007,64,0.012987012987012988
rechazo_proyecto,V08,Paraguachon,0.9511828432174103,https://diariodelnorte.net/judiciales/comunidades-wayuu-levantan-bloqueo-en-la-via-riohacha-maicao-tras-acordar-mesa-de-dialogo-por-atentado-en-alto-pino/,0.8660899352949781,0.20981268058939007,6,0.012987012987012988
rechazo_proyecto,V09,Paraguachon,0.9863730613490792,https://laguajirahoy.com/judiciales/se-reabre-frontera-y-se-normaliza-paso-por-paraguachon-en-la-guajira.html,0.031114509428647352,0.20981268058939007,11,0.0
rechazo_proyecto,V10,Paraguachon,0.12165884757281331,https://laguajirahoy.com/educacion/nueva-estrategia-educativa-impulsa-integracion-infantil-en-la-guajira.html,0.0,0.030923595344800603,2,0.0
rechazo_proyecto,V11,Paraguachon,0.9863711502869472,https://laguajirahoy.com/judiciales/se-reabre-frontera-y-se-normaliza-paso-por-paraguachon-en-la-guajira.html,0.0,0.20981268058939007,11,0.0
rechazo_proyecto,V12,Paraguachon,0.2655394325457837,https://diariodelnorte.net/judiciales/conductor-denuncia-presunta-extorsion-por-parte-de-un-agente-de-transito-en-maicao/,0.0,0.04812522797962171,6,0.0
desplazamiento_forzado,V01,Paraguachon,0.9848034305348211,https://diariodelnorte.net/judiciales/ediles-de-paraguachon-denuncian-amenazas-tras-recibir-video-intimidante/,0.9417970554521917,0.20981268058939007,33,0.03896103896103896
desplazamiento_forzado,V02,Paraguachon,0.9962218967073087,https://diariodelnorte.net/judiciales/ediles-de-paraguachon-denuncian-amenazas-tras-recibir-video-intimidante/,0.9486598489922489,0.20981268058939007,53,0.09090909090909091
desplazamiento_forzado,V03,Paraguachon,0.3885954467556839,https://www.eltiempo.com/colombia/barranquilla/barranquilla-un-avance-para-la-justicia-y-la-democracia-de-la-region-esto-dijo-el-alcalde-char-acerca-de-la-captura-de-nicolas-maduro-3521761,0.3046904601095335,0.20981268058939007,19,0.0
desplazamiento_forzado,V04,Paraguachon,0.3885954467556839,https://www.eltiempo.com/colombia/barranquilla/barranquilla-un-avance-para-la-justicia-y-la-democracia-de-la-region-esto-dijo-el-alcalde-char-acerca-de-la-captura-de-nicolas-maduro-3521761,0.3046904601095335,0.20981268058939007,16,0.0
desplazamiento_forzado,V05,Paraguachon,0.5931333861240451,https://diariodelnorte.net/laguajira/defensoria-emite-alerta-por-expansion-de-las-acsn-y-escalada-del-riesgo-en-maicao/,0.3281883352604109,0.20981268058939007,9,0.0
desplazamiento_forzado,V06,Paraguachon,0.7375445738053008,https://diariodelnorte.net/judiciales/tras-semanas-de-busqueda-encuentran-restos-que-pertenecerian-a-hombre-desaparecido/,0.8713182230631075,0.012233655882709193,5,0.012987012987012988
desplazamiento_forzado,V07,Paraguachon,0.000752408839309493,https://laguajirahoy.com/la-guajira/en-la-guajira-reportan-normalidad-tras-cierre-preventivo-de-frontera-con-venezuela.html,0.0,0.012233655882709193,1,0.0
desplazamiento_forzado,V08,Paraguachon,0.7676373165841326,https://diariodelnorte.net/judiciales/tras-semanas-de-busqueda-encuentran-restos-que-pertenecerian-a-hombre-desaparecido/,0.9014109658419392,0.02543654703866194,2,0.012987012987012988
desplazamiento_forzado,V09,Paraguachon,0.09793422088510173,https://laguajirahoy.com/judiciales-2/asesinan-a-joven-wayuu-en-zona-limitrofe-entre-colombia-y-venezuela.html,0.019734674117856343,0.02543654703866194,1,0.0
desplazamiento_forzado,V10,Paraguachon,0.28733035124434814,https://laguajirahoy.com/judiciales-2/asesinan-a-joven-wayuu-en-zona-limitrofe-entre-colombia-y-venezuela.html,0.25271463466361155,0.02543654703866194,1,0.0
desplazamiento_forzado,V11,Paraguachon,0.0,https://diariodelnorte.net/editorial/quienes-secuestran/,0.0,0.0,0,0.0
desplazamiento_forzado,V12,Paraguachon,0.0,https://diariodelnorte.net/editorial/quienes-secuestran/,0.0,0.0,0,0.0
conflicto_territorial,V01,Paraguachon,0.9933182191185288,https://laguajirahoy.com/maicao-3/tension-del-lado-venezolano-por-caso-judicial-afecta-comercio-binacional.html,0.720711602116199,0.20981268058939007,49,0.0
conflicto_territorial,V02,Paraguachon,0.9950524288597311,https://diariodelnorte.net/judiciales/en-vias-de-la-guajira-capturan-a-tres-personas-por-porte-de-documento-falso-y-una-por-receptacion/,0.9908321962066424,0.20981268058939007,74,0.18181818181818182
conflicto_territorial,V03,Paraguachon,0.6323486104571866,https://diariodelnorte.net/laguajira/defensoria-emite-alerta-por-expansion-de-las-acsn-y-escalada-del-riesgo-en-maicao/,0.0,0.20981268058939007,14,0.0
conflicto_territorial,V04,Paraguachon,0.6323486104571866,https://diariodelnorte.net/laguajira/defensoria-emite-alerta-por-expansion-de-las-acsn-y-escalada-del-riesgo-en-maicao/,0.0,0.20981268058939007,14,0.0
conflicto_territorial,V05,Paraguachon,0.7078346004540595,https://laguajirahoy.com/judiciales/por-presion-de-autoridades-venezolanas-captores-liberan-secuestrados-colombianos.html,0.5106216064594327,0.08751161180080125,20,0.0
conflicto_territorial,V06,Paraguachon,0.9406757146630418,https://diariodelnorte.net/judiciales/tras-semanas-de-busqueda-encuentran-restos-que-pertenecerian-a-hombre-desaparecido/,0.720711602116199,0.20981268058939007,11,0.0
conflicto_territorial,V07,Paraguachon,0.07574297590451362,https://www.eltiempo.com/colombia/otras-ciudades/temblor-de-magnitud-3-4-sacudio-la-guajira-y-tiene-en-alerta-a-la-ciudad-fronteriza-el-epicentro-estuvo-en-dibulla-3567507,0.0,0.20981268058939007,3,0.0
conflicto_territorial,V08,Paraguachon,0.6342967116971515,https://diariodelnorte.net/laguajira/defensoria-emite-alerta-por-expansion-de-las-acsn-y-escalada-del-riesgo-en-maicao/,0.09953805781485178,0.08751161180080125,3,0.0
conflicto_territorial,V09,Paraguachon,0.6323486104571866,https://diariodelnorte.net/laguajira/defensoria-emite-alerta-por-expansion-de-las-acsn-y-escalada-del-riesgo-en-maicao/,0.0,0.08751161180080125,3,0.0
conflicto_territorial,V10,Paraguachon,0.6346175948260744,https://diariodelnorte.net/laguajira/defensoria-emite-alerta-por-expansion-de-las-acsn-y-escalada-del-riesgo-en-maicao/,0.09028141990862493,0.08751161180080125,3,0.0
conflicto_territorial,V11,Paraguachon,0.0,https://diariodelnorte.net/editorial/quienes-secuestran/,0.0,0.0,0,0.0
conflicto_territorial,V12,Paraguachon,0.028979982415790584,https://laguajirahoy.com/nacion/cerrada-frontera-del-lado-venezolano-en-la-guajira.html,0.0,0.0,1,0.0
presencia_grupos_armados,V01,Paraguachon,0.9880078290166171,https://laguajirahoy.com/judiciales/secuestro-en-la-guajira-voces-policiales-explican-causas-cifras-y-retos.html,0.3595039530308273,0.20981268058939007,50,0.0
presencia_grupos_armados,V02,Paraguachon,0.9824983137266154,https://laguajirahoy.com/maicao-3/tension-del-lado-venezolano-por-caso-judicial-afecta-comercio-binacional.html,0.6941289522934395,0.20981268058939007,36,0.0
presencia_grupos_armados,V03,Paraguachon,0.7835302631733037,https://laguajirahoy.com/judiciales/por-presion-de-autoridades-venezolanas-captores-liberan-secuestrados-colombianos.html,0.3610074667213574,0.20981268058939007,39,0.0
presencia_grupos_armados,V04,Paraguachon,0.500438728577496,https://www.eltiempo.com/justicia/conflicto-y-narcotrafico/el-eln-tiene-un-plan-de-saboteo-a-las-elecciones-investigador-de-campo-explica-las-razones-detras-del-atentado-al-batallon-de-riohacha-la-guajira-3558798,0.1652489474391423,0.20981268058939007,27,0.0
presencia_grupos_armados,V05,Paraguachon,0.6337450461694503,https://diariodelnorte.net/laguajira/defensoria-emite-alerta-por-expansion-de-las-acsn-y-escalada-del-riesgo-en-maicao/,0.2556967660618099,0.08751161180080125,20,0.0
presencia_grupos_armados,V06,Paraguachon,0.7778104128277044,https://laguajirahoy.com/judiciales/se-reabre-frontera-y-se-normaliza-paso-por-paraguachon-en-la-guajira.html,0.24714494552141364,0.20981268058939007,30,0.0
presencia_grupos_armados,V07,Paraguachon,0.5420837260097164,https://diariodelnorte.net/laguajira/ejercito-nacional-reporta-cobertura-total-de-seguridad-en-zonas-rurales-de-la-guajira-durante-elecciones/,0.154398067624129,0.20981268058939007,14,0.0
presencia_grupos_armados,V08,Paraguachon,0.9880078290166171,https://laguajirahoy.com/judiciales/secuestro-en-la-guajira-voces-policiales-explican-causas-cifras-y-retos.html,0.2556967660618099,0.04812522797962171,5,0.0
presencia_grupos_armados,V09,Paraguachon,0.6329473507569777,https://diariodelnorte.net/laguajira/defensoria-emite-alerta-por-expansion-de-las-acsn-y-escalada-del-riesgo-en-maicao/,0.07529188329850545,0.04812522797962171,5,0.0
presencia_grupos_armados,V10,Paraguachon,0.6337450461694503,https://diariodelnorte.net/laguajira/defensoria-emite-alerta-por-expansion-de-las-acsn-y-escalada-del-riesgo-en-maicao/,0.2556967660618099,0.04812522797962171,5,0.0
presencia_grupos_armados,V11,Paraguachon,0.012481804841287025,https://www.eltiempo.com/justicia/paz-y-derechos-humanos/defensoria-alerta-por-expansion-de-los-pachenca-en-maicao-comunidades-wayuu-y-migrantes-en-medio-del-fuego-cruzado-3567775,0.0,0.0,2,0.0
presencia_grupos_armados,V12,Paraguachon,0.1478306099486133,https://diariodelnorte.net/laguajira/movimiento-quinto-poder-presenta-propuestas-para-el-desarrollo-de-la-guajira/,0.12208818757362483,0.0,6,0.0
